timestep,x_c,y_c,radius,p_current,q_current,beta_current,p_error,q_error,beta_error,vp,vq,vbeta,vx_c,vy_c,jacobian_cond
0,0.492499999999042,0.5009852813733798,0.7025258017694588,0.33000000000000007,0.33,60.00000001518812,-5.551115123125783e-17,0.0,-1.5188128214830185e-08,-2.7755575615628914e-17,0.0,-2.6508284456383536e-12,-0.2500000000317645,0.03284271244596344,10.674428169842715
1,0.4797900305050448,0.5026451710149834,0.6948745507764073,0.33,0.3299999999999963,60.00000001519381,0.0,3.7192471324942744e-15,-1.519381504660064e-08,0.0,1.8596235662471372e-15,-2.6518209850223684e-12,-0.24866564977738892,0.032339756007888465,10.674428169325367
2,0.463498855213706,0.504750402375203,0.6852767014004966,0.32999999999999996,0.32999999999998997,60.00000001520348,5.551115123125783e-17,1.0047518372857667e-14,-1.520348393283229e-08,2.7755575615628914e-17,5.023759186428833e-15,-2.6535085240197987e-12,-0.24647322151786244,0.03144362036986624,10.674428169325564
3,0.44478136815723657,0.5071303992167592,0.6745455561113517,0.32999999999999996,0.32999999999998164,60.000000015215925,5.551115123125783e-17,1.837419105754634e-14,-1.5215926262746174e-08,2.7755575615628914e-17,9.18709552877317e-15,-2.6556801202559656e-12,-0.24378881175091058,0.030211162980056758,10.674428168800139
4,0.42445281970923476,0.5096565794516033,0.6632571334990891,0.32999999999999996,0.3299999999999719,60.00000001523027,5.551115123125783e-17,2.808864252301646e-14,-1.523027692546894e-08,2.7755575615628914e-17,1.404432126150823e-14,-2.6581847833995197e-12,-0.24087691694894708,0.0286727481917977,10.674428169572955
5,0.40308526768287783,0.512230258378958,0.6518109930201785,0.3299999999999999,0.329999999999961,60.00000001524601,1.1102230246251565e-16,3.902433931557425e-14,-1.524601431003282e-08,5.551115123125783e-17,1.9512169657787126e-14,-2.6609314751624425e-12,-0.2379189370916962,0.026845092098764234,10.674428169167271
6,0.381077009245018,0.5147739712422452,0.640477890675111,0.32999999999999996,0.3299999999999493,60.00000001526265,5.551115123125783e-17,5.0737192225369654e-14,-1.5262654972126235e-08,2.7755575615628914e-17,2.5368596112684827e-14,-2.663835818594862e-12,-0.2350324006468454,0.02473792047127568,10.67442816932676
7,0.3587025994077166,0.5172252970263992,0.6294359083384897,0.32999999999999985,0.32999999999993673,60.00000001527995,1.6653345369377348e-16,6.328271240363392e-14,-1.5279957189593398e-08,8.326672684688674e-17,3.164135620181696e-14,-2.6668556252218424e-12,-0.23228763102649524,0.022357559328408938,10.674428169392543
8,0.3361488805445221,0.5195324921976952,0.6187972853370347,0.3299999999999999,0.3299999999999235,60.000000015297665,1.1102230246251565e-16,7.649436639667329e-14,-1.5297666518059788e-08,5.551115123125783e-17,3.824718319833664e-14,-2.669946486122399e-12,-0.22972106590262859,0.01970890407958578,10.674428169056824
9,0.31354091469222173,0.5216514237214445,0.6086280580589799,0.3299999999999999,0.32999999999990964,60.00000001531571,1.1102230246251565e-16,9.037215420448774e-14,-1.5315719346431773e-08,5.551115123125783e-17,4.518607710224387e-14,-2.6730972990662848e-12,-0.22734542160198917,0.01679649679472056,10.674428169122601
10,0.2909606220316183,0.523543428936264,0.5989622738999237,0.3299999999999999,0.3299999999998952,60.00000001533396,1.1102230246251565e-16,1.0480505352461478e-13,-1.533396300808465e-08,5.551115123125783e-17,5.240252676230739e-14,-2.6762814187009098e-12,-0.2251572187996228,0.0136251049398253,10.674428169845687
11,0.2684601501788167,0.525173833269737,0.589812179753235,0.32999999999999996,0.32999999999988017,60.000000015352356,5.551115123125783e-17,1.1984857550828565e-13,-1.5352359336362232e-08,2.7755575615628914e-17,5.992428775414282e-14,-2.679492183688126e-12,-0.2231422330124903,0.01020002276996304,10.67442817025202
12,0.24607143866721856,0.5265109329610252,0.5811754601282163,0.3299999999999999,0.32999999999986446,60.00000001537085,1.1102230246251565e-16,1.3555823130673161e-13,-1.5370857442389625e-08,5.551115123125783e-17,6.777911565336581e-14,-2.6827207122437357e-12,-0.22127937382108762,0.006527221928563656,10.6744281693289
13,0.22381303844631847,0.5275253054414583,0.5730403337110548,0.3299999999999999,0.3299999999998481,60.00000001538939,1.1102230246251565e-16,1.5193402091995267e-13,-1.5389393715073194e-08,5.551115123125783e-17,7.596701045997634e-14,-2.6859559021374933e-12,-0.21954340542590087,0.00261342321770712,10.67442816932926
14,0.20169495339435808,0.528189350056651,0.5653891082590995,0.32999999999999985,0.32999999999983115,60.000000015408,1.6653345369377348e-16,1.688649220454863e-13,-1.540800632106912e-08,8.326672684688674e-17,8.443246102274315e-14,-2.6892044147075468e-12,-0.21790682991086308,-0.0015338707036786359,10.674428168652947
15,0.17972205859474313,0.5284769904592251,0.5582006339931658,0.32999999999999985,0.3299999999998135,60.000000015426615,1.6653345369377348e-16,1.865174681370263e-13,-1.5426618927065044e-08,8.326672684688674e-17,9.325873406851315e-14,-2.6924529272775998e-12,-0.21634117544127998,-0.005906360935353655,10.674428169415485
16,0.15789649620595117,0.5283634903468629,0.5514519756475947,0.32999999999999985,0.329999999999795,60.00000001544525,1.6653345369377348e-16,2.0500268149703516e-13,-1.544525697749842e-08,8.326672684688674e-17,1.0250134074851758e-13,-2.695705880739752e-12,-0.21481786763523988,-0.010494946472125913,10.674428169125054
17,0.1362193381506078,0.5278253485747787,0.5451195343080968,0.32999999999999985,0.3299999999997758,60.000000015463904,1.6653345369377348e-16,2.2420953982305036e-13,-1.5463907750150522e-08,8.326672684688674e-17,1.1210476991152518e-13,-2.6989610546479527e-12,-0.21330881277282418,-0.015289723114342839,10.674428169913526
18,0.11469172398561644,0.5268402497400092,0.5391797847628452,0.32999999999999985,0.32999999999975577,60.00000001548257,1.6653345369377348e-16,2.4424906541753444e-13,-1.548257124502135e-08,8.326672684688674e-17,1.2212453270876722e-13,-2.702218449002203e-12,-0.21178678420822547,-0.020279986476991647,10.674428169736926
19,0.09331562379312042,0.5253870533632296,0.5336097464304753,0.32999999999999985,0.3299999999997349,60.000000015501215,1.6653345369377348e-16,2.651212582804874e-13,-1.550122201767345e-08,8.326672684688674e-17,1.325606291402437e-13,-2.705473622910404e-12,-0.2102256758999288,-0.025454239748011184,10.674428169482225
20,0.07209433364436883,0.5234458096834326,0.5283872714390174,0.32999999999999985,0.3299999999997132,60.00000001551988,1.6653345369377348e-16,2.868261184119092e-13,-1.551988551254428e-08,8.326672684688674e-17,1.434130592059546e-13,-2.708731017264654e-12,-0.20860066713334005,-0.030800207201676956,10.674428169126324
21,0.05103278068845085,0.5209977934775265,0.523491208630333,0.32999999999999985,0.32999999999969054,60.00000001553852,1.6653345369377348e-16,3.094746681142624e-13,-1.5538523562977657e-08,8.326672684688674e-17,1.547373340571312e-13,-2.7119839707268058e-12,-0.20688832839292443,-0.03630485433490223,10.674428169849353
22,0.03013769296606833,0.5180255496789575,0.5189014845396986,0.32999999999999985,0.32999999999966695,60.000000015557184,1.6653345369377348e-16,3.3306690738754696e-13,-1.5557187057848484e-08,8.326672684688674e-17,1.6653345369377348e-13,-2.715241365081056e-12,-0.2050666884411945,-0.04195441514778374,10.67442816939759
23,0.00941767328585526,0.5145129462190875,0.5145991298060703,0.32999999999999985,0.32999999999964236,60.000000015575836,1.6653345369377348e-16,3.576583473829942e-13,-1.5575837830500586e-08,8.326672684688674e-17,1.788291736914971e-13,-2.718496538989257e-12,-0.20311527581804154,-0.04773442669567521,10.674428169803877
24,-0.011116794789649382,0.5104452306767174,0.5105662705731768,0.32999999999999985,0.32999999999961677,60.00000001559447,1.6653345369377348e-16,3.8324898810060404e-13,-1.5594475880933962e-08,8.326672684688674e-17,1.9162449405030202e-13,-2.7217494924514085e-12,-0.2010151433117157,-0.053629770681981444,10.67442816957957
25,-0.03145338886731273,0.5058090881497992,0.5067860981974246,0.32999999999999985,0.3299999999995901,60.000000015613125,1.6653345369377348e-16,4.098943406916078e-13,-1.5613126653586063e-08,8.326672684688674e-17,2.049471703458039e-13,-2.7250046663596095e-12,-0.19874888082687056,-0.059624721575249624,10.674428169127781
26,-0.05157802332217831,0.5005926983650413,0.5032428262242954,0.32999999999999985,0.3299999999995623,60.00000001563175,1.6653345369377348e-16,4.3770542745846797e-13,-1.5631751981800714e-08,8.326672684688674e-17,2.1885271372923398e-13,-2.728255399375712e-12,-0.196300620016577,-0.0657030005304359,10.674428170527428
27,-0.07147494842212969,0.4947857904876831,0.4999216405802689,0.32999999999999985,0.3299999999995333,60.00000001565035,1.6653345369377348e-16,4.667377595524158e-13,-1.5650351865577914e-08,8.326672684688674e-17,2.333688797762079e-13,-2.731501691499716e-12,-0.1936560327180536,-0.0718478342675182,10.674428169398947
28,-0.09112686572404942,0.4883796944335536,0.4968086468568156,0.32999999999999985,0.3299999999995031,60.000000015668945,1.6653345369377348e-16,4.969358258222201e-13,-1.5668951749355113e-08,8.326672684688674e-17,2.4846791291111003e-13,-2.73474798362372e-12,-0.19080232439833172,-0.07804201799921437,10.674428169936812
29,-0.1105150545346988,0.4813673877509699,0.4938908171539536,0.3299999999999998,0.3299999999994716,60.00000001568755,2.220446049250313e-16,5.284106485703433e-13,-1.568755163313231e-08,1.1102230246251565e-16,2.6420532428517163e-13,-2.7379942757477238e-12,-0.18772822331006028,-0.08426798148968281,10.674428169399437
30,-0.12961950567509462,0.47374353735252983,0.4911559380021214,0.3299999999999998,0.32999999999943885,60.000000015706085,2.220446049250313e-16,5.611622277967854e-13,-1.570608790581588e-08,1.1102230246251565e-16,2.805811138983927e-13,-2.7412294656414814e-12,-0.18442396576458459,-0.09050785735429137,10.674428169805656
31,-0.1484190598065155,0.4655045355506687,0.4885925602504543,0.3299999999999998,0.32999999999940477,60.00000001572463,2.220446049250313e-16,5.952460746527777e-13,-1.5724636900718177e-08,1.1102230246251565e-16,2.9762303732638884e-13,-2.7444668759812884e-12,-0.18088127777134158,-0.0967435507650089,10.67442816874333
32,-0.16689154829503186,0.4566485299954543,0.48618995139690235,0.3299999999999998,0.32999999999936924,60.00000001574314,2.220446049250313e-16,6.307732114407827e-13,-1.574314772896429e-08,1.1102230246251565e-16,3.1538660572039134e-13,-2.747697624982948e-12,-0.17709335321727204,-0.10295680979694954,10.674428169214954
33,-0.18501393509898664,0.4471754472348582,0.4839380505710493,0.3299999999999998,0.3299999999993322,60.0000000157616,2.220446049250313e-16,6.677991493120317e-13,-1.5761607668335508e-08,1.1102230246251565e-16,3.3389957465601583e-13,-2.75091949220041e-12,-0.17305482873299557,-0.10912929573142416,10.674428169400256
34,-0.2027624585235129,0.4370870097210237,0.4818274262154092,0.3299999999999998,0.32999999999929375,60.00000001578005,2.220446049250313e-16,7.062683771152933e-13,-1.5780054885487995e-08,1.1102230246251565e-16,3.5313418855764667e-13,-2.754139138971823e-12,-0.16876175539181792,-0.11524265271379297,10.674428170003461
35,-0.2201127719426671,0.42638674617394495,0.47984923641190547,0.32999999999999974,0.3299999999992537,60.00000001579846,2.7755575615628914e-16,7.462919171530302e-13,-1.5798463935984306e-08,1.3877787807814457e-16,3.731459585765151e-13,-2.757352124405088e-12,-0.16421156739941828,-0.12127857624636687,10.6744281694006
36,-0.23704008277451794,0.4150799952887418,0.4779951917442813,0.32999999999999974,0.329999999999212,60.000000015816816,2.7755575615628914e-16,7.880363028789361e-13,-1.5816822097605712e-08,1.3877787807814457e-16,3.9401815143946806e-13,-2.7605562280541563e-12,-0.1594030479479897,-0.1272188800748042,10.674428169582155
37,-0.253519289129536,0.40317390283612137,0.4762575205588417,0.32999999999999974,0.32999999999916857,60.000000015835134,2.7755575615628914e-16,8.314460231417797e-13,-1.5835142092570945e-08,1.3877787807814457e-16,4.1572301157088987e-13,-2.7637536703650767e-12,-0.15433629242398042,-0.1330455610991436,10.674428170258935
38,-0.26952511365318127,0.3906774122590771,0.4746289364748099,0.32999999999999974,0.3299999999991234,60.000000015853416,2.7755575615628914e-16,8.766321002440236e-13,-1.5853423920879995e-08,1.3877787807814457e-16,4.383160501220118e-13,-2.7669444513378496e-12,-0.14901266917098763,-0.13874086200685812,10.674428169401004
39,-0.2850322341602703,0.3776012489136011,0.4731026079948265,0.3299999999999997,0.32999999999907637,60.00000001587163,3.3306690738754696e-16,9.23650045336899e-13,-1.5871629415876692e-08,1.6653345369377348e-16,4.618250226684495e-13,-2.7701219096343267e-12,-0.14343477801781557,-0.14428733138469046,10.674428169853181
40,-0.30001541071881715,0.3639578981382068,0.4716721300712624,0.32999999999999974,0.3299999999990275,60.00000001588977,2.7755575615628914e-16,9.724998584204059e-13,-1.5889771299779762e-08,1.3877787807814457e-16,4.862499292102029e-13,-2.7732882657005577e-12,-0.13760640678605973,-0.14966788111855486,10.674428169401201
41,-0.3144496088895669,0.3497615773673249,0.4703314974922271,0.32999999999999974,0.32999999999897667,60.000000015907894,2.7755575615628914e-16,1.023348072948238e-12,-1.5907900461464103e-08,1.3877787807814457e-16,5.11674036474119e-13,-2.7764524013207394e-12,-0.13153248599214448,-0.15486584093670486,10.674428169401272
42,-0.3283101188677754,0.33502820252796967,0.4690750799606552,0.3299999999999997,0.3299999999989237,60.000000015925934,3.3306690738754696e-16,1.076305711222858e-12,-1.5925940567617365e-08,1.6653345369377348e-16,5.38152855611429e-13,-2.7796009938185764e-12,-0.12521904195603714,-0.15986500999110537,10.674428170259395
43,-0.3415726703082294,0.31977534897823584,0.46789759874960557,0.3299999999999997,0.32999999999886864,60.00000001594389,3.3306690738754696e-16,1.1313727732442658e-12,-1.5943891618239543e-08,1.6653345369377348e-16,5.656863866221329e-13,-2.7827340431940683e-12,-0.11867314852352616,-0.1646497054060076,10.674428169807362
44,-0.3542135426445965,0.3040222072608671,0.46679410482631956,0.3299999999999996,0.3299999999988113,60.00000001596179,3.885780586188048e-16,1.1887157924661551e-12,-1.5961791779986822e-08,1.942890293094024e-16,5.943578962330776e-13,-2.7858582107853634e-12,-0.11190287760156326,-0.16920480775166677,10.674428169853455
45,-0.36620967074097477,0.2877895339559384,0.46575995834634537,0.3299999999999996,0.32999999999875174,60.00000001597961,3.885780586188048e-16,1.2482792577372948e-12,-1.5979615608421742e-08,1.942890293094024e-16,6.241396288686474e-13,-2.788969055700363e-12,-0.10491724869730959,-0.17351580342551076,10.674428169853451
46,-0.3775387457376915,0.2710995979241812,0.4647908094270389,0.3299999999999996,0.3299999999986897,60.000000015997344,3.885780586188048e-16,1.310340724813841e-12,-1.5997350381325584e-08,1.942890293094024e-16,6.551703624069205e-13,-2.7920643574930182e-12,-0.09772617764166652,-0.177568823943395,10.674428169918839
47,-0.3881793109754235,0.25397612223713434,0.46388258011695843,0.3299999999999996,0.3299999999986251,60.000000016014994,3.885780586188048e-16,1.3749001936957939e-12,-1.6014996098698344e-08,1.942890293094024e-16,6.874500968478969e-13,-2.7951441161633286e-12,-0.0903404246676171,-0.18135068216037875,10.67442816984151
48,-0.39811085290192777,0.23644422209257088,0.46303144748414377,0.3299999999999996,0.32999999999855795,60.00000001603257,3.885780586188048e-16,1.4420686866856158e-12,-1.6032578204977473e-08,1.942890293094024e-16,7.210343433428079e-13,-2.7982127726033924e-12,-0.08277154200300697,-0.18484890545416924,10.674428170595391
49,-0.407313886884283,0.21853033901390728,0.46223382775205424,0.32999999999999957,0.32999999999848806,60.000000016050066,4.440892098500626e-16,1.5119572260857694e-12,-1.605007125572552e-08,2.220446049250313e-16,7.559786130428847e-13,-2.8012658859211116e-12,-0.07503182112668852,-0.1880517659154508,10.674428170324633
50,-0.4157700378667269,0.20026217163089408,0.4614863614171292,0.3299999999999995,0.32999999999841534,60.00000001606746,4.996003610813204e-16,1.5846768341987172e-12,-1.6067462528723765e-08,2.498001805406602e-16,7.923384170993586e-13,-2.804301235670437e-12,-0.06713423982646533,-0.19094830759809994,10.674428168809936
51,-0.4234621158300536,0.18166860333610524,0.4607858992865959,0.32999999999999957,0.3299999999983397,60.00000001608475,4.440892098500626e-16,1.6603385333269216e-12,-1.60847520239722e-08,2.220446049250313e-16,8.301692666634608e-13,-2.807318821851368e-12,-0.059092409187160626,-0.19352837088912592,10.6744281698069
52,-0.43037418602320754,0.16277962710784574,0.46012948937935694,0.32999999999999957,0.3299999999982609,60.000000016101964,4.440892098500626e-16,1.7391088569240765e-12,-1.610196518590828e-08,2.220446049250313e-16,8.695544284620382e-13,-2.8103230853560034e-12,-0.05092052062747246,-0.19578261406338135,10.674428169582145
53,-0.4364916339512721,0.14362626778530138,0.45951436463660894,0.3299999999999995,0.3299999999981789,60.00000001611906,4.996003610813204e-16,1.8210988272926443e-12,-1.6119063847875828e-08,2.498001805406602e-16,9.105494136463221e-13,-2.813307364846196e-12,-0.042633293095198144,-0.1977025320918927,10.674428169852604
54,-0.44180122511657477,0.12424050207625452,0.45893793139232475,0.32999999999999946,0.3299999999980936,60.000000016136056,5.551115123125783e-16,1.9064194667350876e-12,-1.613606073209357e-08,2.7755575615628914e-16,9.532097333675438e-13,-2.8162738807679945e-12,-0.034245920521895075,-0.1992804727753274,10.67442816991779
55,-0.44629115952119286,0.10465517657164129,0.4583977585569243,0.3299999999999994,0.3299999999980047,60.00000001615295,6.106226635438361e-16,1.9952928198563313e-12,-1.6152955838561504e-08,3.0531133177191805e-16,9.976464099281657e-13,-2.8192226331213987e-12,-0.02577401963018702,-0.20050965027581333,10.674428170076718
56,-0.4499511209498155,0.08490392403476811,0.45789156747039705,0.3299999999999994,0.3299999999979122,60.00000001616974,6.106226635438361e-16,2.087829908958838e-12,-1.616974916727963e-08,3.0531133177191805e-16,1.043914954479419e-12,-2.8221536219064093e-12,-0.017233578179656168,-0.20138415612126345,10.674428169646593
57,-0.4527723210617711,0.06502107822625122,0.4574172223838624,0.3299999999999994,0.3299999999978159,60.000000016186426,6.106226635438361e-16,2.1841417563450705e-12,-1.6186427996029226e-08,3.0531133177191805e-16,1.0920708781725352e-12,-2.8250646266769765e-12,-0.00864090373065492,-0.20189896775665273,10.674428169399459
58,-0.45474753833012005,0.04504158751878808,0.45697272153107416,0.3299999999999994,0.32999999999771557,60.000000016202975,6.106226635438361e-16,2.2844504066199534e-12,-1.6202979602591563e-08,3.0531133177191805e-16,1.1422252033099767e-12,-2.8279534269870512e-12,-1.2572999330578982e-05,-0.20204995471650855,10.674428170322585
59,-0.4558711518741157,0.025000927548788816,0.45655618875373144,0.3299999999999994,0.32999999999761104,60.00000001621944,6.106226635438361e-16,2.388977904388412e-12,-1.621944215362282e-08,3.0531133177191805e-16,1.194488952194206e-12,-2.830826684174781e-12,0.00863461812827732,-0.20183388249230064,10.67442816980471
60,-0.4561391702391088,0.0049350131447565004,0.45616586564665446,0.32999999999999935,0.32999999999750224,60.00000001623579,6.661338147750939e-16,2.497779760801677e-12,-1.623579020468554e-08,3.3306690738754696e-16,1.2488898804008386e-12,-2.8336799573480676e-12,0.01728370386011934,-0.20124841416755956,10.67442816980429
61,-0.4555492551851604,-0.015119890234847009,0.4558001041909361,0.32999999999999935,0.3299999999973889,60.00000001625203,6.661338147750939e-16,2.6111335316159057e-12,-1.6252036477998457e-08,3.3306690738754696e-16,1.3055667658079528e-12,-2.8365154669529603e-12,0.025917596981435743,-0.2002921098924959,10.67442816872119
62,-0.4541007405523108,-0.03512725532863653,0.4554573598451125,0.32999999999999935,0.32999999999727075,60.00000001626815,6.661338147750939e-16,2.7292612614360223e-12,-1.626815552912411e-08,3.3306690738754696e-16,1.3646306307180112e-12,-2.8393287720973605e-12,0.03451913650283351,-0.19896442426870312,10.674428169212232
63,-0.45179464627665533,-0.05505038194569308,0.4551361850662006,0.3299999999999993,0.3299999999971475,60.000000016284154,7.216449660063518e-16,2.8524960171694147e-12,-1.6284160080281237e-08,3.608224830031759e-16,1.4262480085847073e-12,-2.8421220932273174e-12,0.043071134421996504,-0.19726570171326546,10.674428169848865
64,-0.4486336876371661,-0.07485248567374778,0.45483522323415204,0.32999999999999924,0.32999999999701923,60.000000016300056,7.771561172376096e-16,2.9807822876648515e-12,-1.6300062853688555e-08,3.885780586188048e-16,1.4903911438324258e-12,-2.8448976507888803e-12,0.051556421550980835,-0.19519716987030888,10.674428170072867
65,-0.4446222798186084,-0.09449678621749484,0.45455320295487067,0.3299999999999992,0.32999999999688545,60.000000016315845,8.326672684688674e-16,3.114564162132183e-12,-1.631585112712734e-08,4.163336342344337e-16,1.5572820810660915e-12,-2.847653224336e-12,0.05995789236379577,-0.19276093113676632,10.674428170319072
66,-0.4397665378809741,-0.11394659516916072,0.45428893271844384,0.3299999999999992,0.32999999999674595,60.00000001633153,8.326672684688674e-16,3.254063685176334e-12,-1.6331537622816316e-08,4.163336342344337e-16,1.627031842588167e-12,-2.8503910343147255e-12,0.06825854882142367,-0.18995995236790733,10.674428169846985
67,-0.434074272230621,-0.13316540302014376,0.4540412958906498,0.3299999999999991,0.32999999999660057,60.000000016347094,8.881784197001252e-16,3.399447390250998e-12,-1.6347096896318037e-08,4.440892098500626e-16,1.699723695125499e-12,-2.8531066398329585e-12,0.07644154313358434,-0.18679805282704431,10.674428169394186
68,-0.42755497969281714,-0.15211696522912055,0.45380924601713746,0.329999999999999,0.32999999999644897,60.00000001636255,9.992007221626409e-16,3.551048344263563e-12,-1.636255439206995e-08,4.996003610813204e-16,1.7755241721317816e-12,-2.8558044817827976e-12,0.08449021941849764,-0.1832798904427721,10.674428169910906
69,-0.4202198302896439,-0.17076538716849457,0.45359180242092445,0.32999999999999896,0.3299999999962908,60.000000016377896,1.0547118733938987e-15,3.709199614121417e-12,-1.637789738785333e-08,5.273559366969494e-16,1.8545998070607084e-12,-2.8584823397181938e-12,0.09238815422362279,-0.1794109464361628,10.67442817006923
70,-0.412081649831263,-0.189075207777447,0.4533880460750376,0.3299999999999989,0.32999999999612584,60.00000001639314,1.1102230246251565e-15,3.874178755580715e-12,-1.6393138605886903e-08,5.551115123125783e-16,1.9370893777903575e-12,-2.8611424340851955e-12,0.10011919587192407,-0.17519750837951054,10.674428169831913
71,-0.4031548984324051,-0.2070114817561446,0.45319711573322863,0.32999999999999885,0.32999999999595375,60.00000001640826,1.1657341758564144e-15,4.046263324397614e-12,-1.6408265323951945e-08,5.828670879282072e-16,2.023131662198807e-12,-2.863782544437754e-12,0.10766750259963608,-0.1706466517475272,10.674428169205633
72,-0.3934556450696174,-0.22453986014187732,0.4530182043027438,0.32999999999999874,0.32999999999577423,60.0000000164233,1.27675647831893e-15,4.225786387479502e-12,-1.6423302986485902e-08,6.38378239159465e-16,2.112893193739751e-12,-2.866407111667968e-12,0.11501757945282857,-0.16576622002131428,10.674428169907237
73,-0.38300153829832434,-0.24162666911404485,0.45285055544410113,0.32999999999999874,0.3299999999955869,60.000000016438236,1.27675647831893e-15,4.413136522884997e-12,-1.6438238871270055e-08,6.38378239159465e-16,2.2065682614424986e-12,-2.8690139153297876e-12,0.1221543139113055,-0.16056480340499366,10.674428169388694
74,-0.37181177325213016,-0.2582389868810034,0.45269346038375735,0.32999999999999863,0.32999999999539137,60.00000001645306,1.3877787807814457e-15,4.608646797521487e-12,-1.6453060256085676e-08,6.938893903907228e-16,2.3043233987607437e-12,-2.8716007349771646e-12,0.12906301020955313,-0.15505171621455485,10.674428170311023
75,-0.35990705505002357,-0.27434471850782716,0.4525462549264104,0.32999999999999863,0.32999999999518737,60.00000001646779,1.3877787807814457e-15,4.81265027829636e-12,-1.6467792585370215e-08,6.938893903907228e-16,2.40632513914818e-12,-2.8741720115021964e-12,0.13572942232559665,-0.1492369729982744,10.674428169471888
76,-0.34730955874025354,-0.28991266855004705,0.4524083166545008,0.32999999999999863,0.32999999999497437,60.00000001648242,1.3877787807814457e-15,5.025646565570696e-12,-1.6482423136904947e-08,6.938893903907228e-16,2.512823282785348e-12,-2.8767255244588343e-12,0.1421397856097508,-0.14313126344796703,10.674428170342779
77,-0.3340428859126204,-0.30491261136441533,0.45227906230324094,0.3299999999999986,0.329999999994752,60.000000016496976,1.4432899320127035e-15,5.248024237403115e-12,-1.6496977355127323e-08,7.216449660063518e-16,2.6240121187015575e-12,-2.8792657147391764e-12,0.14828084702637293,-0.1367459261603423,10.674428169383738
78,-0.32013201811378794,-0.31931535897371227,0.45215794530022074,0.3299999999999985,0.32999999999451984,60.000000016511436,1.4988010832439613e-15,5.480171871852235e-12,-1.651144251781862e-08,7.494005416219807e-16,2.7400859359261176e-12,-2.881790361897174e-12,0.15413989398287353,-0.1300929213078408,10.674428169382319
79,-0.3056032672029599,-0.33309282636857934,0.4520444534593166,0.32999999999999846,0.3299999999942775,60.00000001652584,1.5543122344752192e-15,5.722533558127907e-12,-1.6525844069416287e-08,7.771561172376096e-16,2.8612667790639534e-12,-2.8843039068249254e-12,0.15970478172140223,-0.12318480227851739,10.67442817030429
80,-0.2904842227878817,-0.34621809413533383,0.4519381068192663,0.3299999999999984,0.32999999999402435,60.00000001654014,1.609823385706477e-15,5.9756644077424426e-12,-1.6540143843264147e-08,8.049116928532385e-16,2.9878322038712213e-12,-2.8867996881842827e-12,0.16496395924984175,-0.11603468634479883,10.67442817005588
81,-0.2748036968836237,-0.35866546830470325,0.4518384556178664,0.3299999999999983,0.32999999999376006,60.000000016554374,1.7208456881689926e-15,6.239952998754461e-12,-1.6554380006018377e-08,8.604228440844963e-16,3.1199764993772305e-12,-2.889284367313394e-12,0.1699064937899978,-0.10865622442127097,10.674428169895016
82,-0.2585916659389738,-0.3704105373224256,0.45174507839331457,0.3299999999999982,0.32999999999348395,60.000000016568535,1.8318679906315083e-15,6.5160654649787375e-12,-1.6568539835460253e-08,9.159339953157541e-16,3.2580327324893688e-12,-2.8917557237662094e-12,0.17452209372219238,-0.10106356997202465,10.674428169375766
83,-0.24187921037751,-0.3814302260486895,0.45165758020474106,0.32999999999999813,0.32999999999319557,60.00000001658263,1.887379141862766e-15,6.804445895625122e-12,-1.65826360538085e-08,9.43689570931383e-16,3.402222947812561e-12,-2.8942159779887787e-12,0.17880113000684378,-0.09327134712851183,10.674428169459436
84,-0.22469845180252956,-0.3917028466994559,0.4515755909644709,0.329999999999998,0.3299999999928943,60.000000016596665,1.9984014443252818e-15,7.105704913357158e-12,-1.6596668661063118e-08,9.992007221626409e-16,3.552852456678579e-12,-2.896665129981102e-12,0.18273465606507053,-0.0852946180793051,10.674428169186807
85,-0.20708248801698328,-0.40120814664880333,0.4514987638750207,0.3299999999999979,0.32999999999257956,60.00000001661065,2.1094237467877974e-15,7.42045314083839e-12,-1.661065037944283e-08,1.0547118733938987e-15,3.710226570419195e-12,-2.899105400189228e-12,0.18631442610187393,-0.07714884979362147,10.674428169702216
86,-0.18906532601138548,-0.40992735301757666,0.45142677396427033,0.3299999999999978,0.32999999999225077,60.00000001662459,2.220446049250313e-15,7.74924568958113e-12,-1.6624593931166365e-08,1.1102230246251565e-15,3.874622844790565e-12,-2.9015390090592065e-12,0.1895329118570548,-0.06884988014093651,10.674428169614487
87,-0.1706818130743425,-0.4178432139798045,0.45135931671265794,0.32999999999999774,0.32999999999190727,60.00000001663846,2.275957200481571e-15,8.092748693400154e-12,-1.6638461149577546e-08,1.1379786002407855e-15,4.046374346700077e-12,-2.9039592952528893e-12,0.1923833177706893,-0.06041388346948842,10.674428169882848
88,-0.15196756618185625,-0.42494003672457287,0.4512961067666308,0.32999999999999763,0.3299999999915483,60.0000000166523,2.3869795029440866e-15,8.451739308412698e-12,-1.6652302923551276e-08,1.1934897514720433e-15,4.225869654206349e-12,-2.9063751405544735e-12,0.1948595945517417,-0.051857335706914934,10.674428170286431
89,-0.1329588998229055,-0.4312037220173131,0.4512368767329435,0.3299999999999976,0.3299999999911731,60.0000000166661,2.4424906541753444e-15,8.82693917958477e-12,-1.6666106530868826e-08,1.2212453270876722e-15,4.413469589792385e-12,-2.90878432451791e-12,0.19695645114021507,-0.0431969790466995,10.674428169877874
90,-0.11369275241998174,-0.436621795310767,0.45118137604873343,0.3299999999999974,0.329999999990781,60.00000001667988,2.609024107869118e-15,9.219014440731144e-12,-1.667988469374893e-08,1.304512053934559e-15,4.609507220365572e-12,-2.9111890675892482e-12,0.19866936505514166,-0.03444978628449227,10.674428169763704
91,-0.09420661150425053,-0.44118343436224733,0.4511293699226201,0.3299999999999973,0.3299999999903712,60.00000001669362,2.7200464103316335e-15,9.628797759120289e-12,-1.669362468997285e-08,1.3600232051658168e-15,4.8143988795601445e-12,-2.9135871493224388e-12,0.19999459112268614,-0.025632924868722897,10.67442817003155
92,-0.07453843780581437,-0.44487949332019044,0.4510806383423707,0.3299999999999972,0.3299999999899429,60.00000001670735,2.831068712794149e-15,1.0057121802020674e-11,-1.6707351963978046e-08,1.4155343563970746e-15,5.028560901010337e-12,-2.9159830106095797e-12,0.20092916858067628,-0.016763720730217615,10.674428169437471
93,-0.0547265884201657,-0.4477025232494243,0.4510349751449565,0.329999999999997,0.32999999998949525,60.000000016721074,2.9976021664879227e-15,1.0504763725549537e-11,-1.6721079237983244e-08,1.4988010832439613e-15,5.252381862774769e-12,-2.918378871896721e-12,0.20147092655797744,-0.007859621955776545,10.674428169820233
94,-0.03480973921232863,-0.44964678907101274,0.4509921871450792,0.3299999999999969,0.3299999999890274,60.000000016734774,3.1086244689504383e-15,1.0972611708126578e-11,-1.6734781067550987e-08,1.5543122344752192e-15,5.486305854063289e-12,-2.9207702922917632e-12,0.20161848792929904,0.0010618376291691121,10.674428170269014
95,-0.014826806620391543,-0.4507082828990166,0.4509520933185015,0.3299999999999968,0.32999999998853835,60.000000016748466,3.219646771412954e-15,1.146166495047396e-11,-1.6748470174900008e-08,1.609823385706477e-15,5.73083247523698e-12,-2.9231594922407566e-12,0.20137127154823678,0.00998307490359261,10.67442816994515
96,0.005183130979877403,-0.4508847337629878,0.4509145240367347,0.32999999999999663,0.32999999998802704,60.00000001676219,3.3861802251067274e-15,1.1972978164465076e-11,-1.6762197448905202e-08,1.6930901125533637e-15,5.986489082232538e-12,-2.925555353527898e-12,0.20072949286363265,0.018886493854365638,10.674428170532648
97,0.025180912187869147,-0.45017561371151577,0.4508793203498615,0.3299999999999965,0.32999999998749263,60.00000001677591,3.497202527569243e-15,1.2507384017368395e-11,-1.6775912000691674e-08,1.7486012637846216e-15,6.253692008684197e-12,-2.9279489943689895e-12,0.1996941629266494,0.02775452187503607,10.674428170258198
98,0.045127371607416755,-0.4485821402986379,0.45084633331446844,0.3299999999999964,0.3299999999869339,60.000000016789635,3.608224830031759e-15,1.3066103754511005e-11,-1.6789639274696872e-08,1.8041124150158794e-15,6.5330518772555024e-12,-2.9303448556561308e-12,0.1982670857983145,0.036569645894877996,10.674428169416291
99,0.06498341883219441,-0.4461072754614184,0.4508154233638532,0.3299999999999962,0.32999999998634977,60.00000001680341,3.83026943495679e-15,1.3650247598917531e-11,-1.680341743757697e-08,1.915134717478395e-15,6.8251237994587655e-12,-2.932749598727469e-12,0.19645085436967957,0.04531444827345426,10.674428169326593
100,0.08471011722781736,-0.4427557208034744,0.45078645971785214,0.3299999999999961,0.32999999998573903,60.000000016817175,3.941291737419306e-15,1.426098128476383e-11,-1.6817182878238345e-08,1.970645868709653e-15,7.130490642381915e-12,-2.9351521213527576e-12,0.1942488446091569,0.05397164239628987,10.67442816864555
101,0.1042687623523783,-0.4385339093056806,0.4507593198297952,0.32999999999999585,0.32999999998510054,60.00000001683101,4.163336342344337e-15,1.4899470546225757e-11,-1.683101192999335e-08,2.0816681711721685e-15,7.449735273112879e-12,-2.937565746208293e-12,0.19166520825403383,0.0625241079077033,10.674428170511773
102,0.12362095985854314,-0.4334499934917005,0.45073388886825755,0.3299999999999957,0.329999999984433,60.000000016844865,4.3298697960381105e-15,1.5566992139781632e-11,-1.6844866426185802e-08,2.1649348980190553e-15,7.783496069890816e-12,-2.9399838119559263e-12,0.18870486396561473,0.0709549255174112,10.674428169463777
103,0.14272870272195926,-0.4275138300823665,0.45071005923141755,0.3299999999999955,0.329999999983735,60.00000001685877,4.496403249731884e-15,1.6264989355363468e-11,-1.6858771811253163e-08,2.248201624865942e-15,8.132494677681734e-12,-2.942410759487757e-12,0.1853734869698996,0.07924741131818694,10.674428170265465
104,0.16155444764259905,-0.4207369611792509,0.4506877300919737,0.3299999999999953,0.3299999999830053,60.0000000168727,4.718447854656915e-15,1.6994738949449584e-11,-1.687270264075797e-08,2.3592239273284576e-15,8.497369474724792e-12,-2.944842147911686e-12,0.18167749720816398,0.08738515055263488,10.674428169131447
105,0.18006119046777816,-0.4131325920240263,0.4506668069706976,0.3299999999999951,0.3299999999822423,60.000000016886716,4.9404924595819466e-15,1.7757739723123223e-11,-1.6886722525793864e-08,2.4702462297909733e-15,8.878869861561611e-12,-2.9472890794579598e-12,0.17762404602425633,0.09535203076803137,10.67442816981442
106,0.19821254048794298,-0.40471556538639036,0.45064720133682185,0.32999999999999485,0.32999999998144436,60.00000001690079,5.162537064506978e-15,1.8555657010921323e-11,-1.690079329970466e-08,2.581268532253489e-15,9.277828505460661e-12,-2.949744892788431e-12,0.1732210014178647,0.10313227429918449,10.674428170124601
107,0.2159727934589243,-0.39550233263943063,0.450628830233577,0.32999999999999463,0.32999999998061014,60.000000016914925,5.384581669432009e-15,1.9389878591624665e-11,-1.691492768470908e-08,2.6922908347160046e-15,9.694939295812333e-12,-2.9522118083491477e-12,0.16847693189542176,0.11071047002037857,10.674428169527388
108,0.23330700320719563,-0.38551092158729433,0.4506116159272943,0.3299999999999944,0.32999999997973783,60.00000001692912,5.6066262743570405e-15,2.026218082207265e-11,-1.6929125680807134e-08,2.8033131371785203e-15,1.0131090411036325e-11,-2.954689826140111e-12,0.1634010889527025,0.11807160430869482,10.674428169875668
109,0.2501810516777545,-0.3747609011159252,0.45059548557859247,0.3299999999999942,0.3299999999788258,60.000000016943424,5.828670879282072e-15,2.1174229036802217e-11,-1.6943425454654994e-08,2.914335439641036e-15,1.0587114518401108e-11,-2.9571856074994684e-12,0.158003388225526,0.12520109116233674,10.674428169514314
110,0.2665617172875673,-0.3632733427433917,0.45058037093425923,0.32999999999999396,0.3299999999778722,60.000000016957785,6.050715484207103e-15,2.2127799592652764e-11,-1.6957788839596485e-08,3.0253577421035516e-15,1.1063899796326382e-11,-2.959692491089072e-12,0.15229438934728437,0.1320848014190335,10.674428170163843
111,0.28241674145106777,-0.35107077915197954,0.45056620803852704,0.32999999999999363,0.32999999997687496,60.00000001697225,6.38378239159465e-15,2.312505742452231e-11,-1.697225400228778e-08,3.191891195797325e-15,1.1562528712261155e-11,-2.9622171382470695e-12,0.14628527455428733,0.13870909102115367,10.674428169820398
112,0.29771489314798466,-0.3381771597897121,0.45055293696251986,0.3299999999999934,0.3299999999758322,60.0000000169868,6.6058269965196814e-15,2.416783440040149e-11,-1.698680822051016e-08,3.3029134982598407e-15,1.2083917200200744e-11,-2.964757328527412e-12,0.1399878260821251,0.1450608282758203,10.674428169565884
113,0.3124260314077813,-0.32461780363431764,0.4505405015507311,0.3299999999999931,0.32999999997474194,60.00000001700146,6.938893903907228e-15,2.5258073410583393e-11,-1.700146421648234e-08,3.469446951953614e-15,1.2629036705291696e-11,-2.9673152823761485e-12,0.13341440239840324,0.1511274200600887,10.6744281694842
114,0.3265211655892201,-0.3104193492178433,0.45052884918345937,0.32999999999999274,0.32999999997360185,60.00000001701622,7.271960811294775e-15,2.6398161434570966e-11,-1.701622199020433e-08,3.635980405647388e-15,1.3199080717285483e-11,-2.969890999793279e-12,0.12657791331929008,0.15689683692311737,10.674428170584344
115,0.33997251333800965,-0.29560970201512954,0.45051793055419764,0.3299999999999924,0.32999999997240975,60.00000001703108,7.605027718682322e-15,2.7590263407262228e-11,-1.703108154167613e-08,3.802513859341161e-15,1.3795131703631114e-11,-2.9724844807788033e-12,0.11949179405933562,0.16235763703922917,10.674428170058011
116,0.35275355611014336,-0.28021797930418996,0.4505076994610364,0.3299999999999921,0.32999999997116314,60.00000001704605,7.93809462606987e-15,2.8836877330462585e-11,-1.7046055593116458e-08,3.969047313034935e-15,1.4418438665231292e-11,-2.9750979457787707e-12,0.11216997826595465,0.1674989889678284,10.67442816977809
117,0.3648390921533938,-0.2642744526111784,0.45049811261119677,0.3299999999999917,0.3299999999698597,60.00000001706114,8.326672684688674e-15,3.014033467252375e-11,-1.7061144144525323e-08,4.163336342344337e-15,1.5070167336261875e-11,-2.9777313947931817e-12,0.10462687009182804,0.17231069317829378,10.67442817003905
118,0.37620528684447835,-0.2478104878570584,0.4504891294378695,0.3299999999999913,0.32999999996849677,60.000000017076346,8.715250743307479e-15,3.150324445755359e-11,-1.7076347195902718e-08,4.3576253716537394e-15,1.5751622228776796e-11,-2.980384827822036e-12,0.09687731536024098,0.1767832023002173,10.674428170094318
119,0.3868297202846409,-0.2308584833273184,0.4504807119285833,0.32999999999999086,0.3299999999670716,60.000000017091686,9.159339953157541e-15,3.2928437754264905e-11,-1.70916901916861e-08,4.579669976578771e-15,1.6464218877132453e-11,-2.9830626857574317e-12,0.08893657188005598,0.18090764006168591,10.674428169427145
120,0.39669143206181423,-0.2134518055900733,0.4504728244643792,0.32999999999999047,0.3299999999655814,60.00000001710714,9.547918011776346e-15,3.441863460906802e-11,-1.710714768743801e-08,4.773959005888173e-15,1.720931730453401e-11,-2.9857605277072708e-12,0.08082027896859624,0.18467581888071954,10.674428169555046
121,0.40577096309310284,-0.19562472349167215,0.45046543366910785,0.32999999999999,0.3299999999640231,60.000000017122744,9.992007221626409e-15,3.597688813528066e-11,-1.7122745127595907e-08,4.9960036108132044e-15,1.798844406764033e-11,-2.9884827945636517e-12,0.07254442624219481,0.18808025607746282,10.6744281700609
122,0.4140503944670723,-0.177412340362467,0.45045850826821554,0.3299999999999896,0.3299999999623938,60.00000001713847,1.0436096431476471e-14,3.760619593506931e-11,-1.7138469789941062e-08,5.218048215738236e-15,1.8803097967534654e-11,-2.9912272658805252e-12,0.06412532173553637,0.19111418867728822,10.67442816985403
123,0.42151338321121745,-0.15885052456868975,0.45045201895641956,0.3299999999999891,0.3299999999606902,60.00000001715432,1.0935696792557792e-14,3.930983316635661e-11,-1.715432167447348e-08,5.467848396278896e-15,1.9654916583178306e-11,-2.993993941657891e-12,0.05557955941218226,0.1937715867775944,10.674428170293316
124,0.42814519491601466,-0.13997583854942677,0.45044593827371493,0.32999999999998864,0.32999999995890883,60.00000001717031,1.1379786002407855e-14,4.1091186009367675e-11,-1.7170313503411875e-08,5.689893001203927e-15,2.0545593004683838e-11,-2.9967850423417985e-12,0.04692398612982145,0.196047165453767,10.674428169827873
125,0.4339327331531182,-0.12082546648046137,0.45044024048918674,0.3299999999999882,0.3299999999570462,60.000000017186444,1.1823875212257917e-14,4.29538071777813e-11,-1.718644527675626e-08,5.9119376061289586e-15,2.147690358889065e-11,-2.999600567932248e-12,0.038175668124823245,0.1979363951825134,10.674428170265921
126,0.4388645656315388,-0.1014371407092724,0.4504349014921379,0.3299999999999877,0.3299999999550987,60.0000000172027,1.2323475573339238e-14,4.490130489642752e-11,-1.72027042722879e-08,6.161737786669619e-15,2.245065244821376e-11,-3.00243829798319e-12,0.02935185708158496,0.1994355107635731,10.674428170251286
127,0.4429309470420224,-0.08184906710772483,0.45042989869007105,0.3299999999999872,0.32999999995306234,60.000000017219136,1.2823075934420558e-14,4.693767596819498e-11,-1.7219141378881704e-08,6.411537967210279e-15,2.346883798409749e-11,-3.0053071142788214e-12,0.02046995585296019,0.2005415187236426,10.674428169644823
128,0.4461238385463229,-0.06209984949095861,0.4504252109130941,0.3299999999999866,0.3299999999509331,60.0000000172357,1.3433698597964394e-14,4.906691719597234e-11,-1.7235705707662766e-08,6.716849298982197e-15,2.453345859798617e-11,-3.0081981350349454e-12,0.011547483898726521,0.2012522031892291,10.674428169983447
129,0.44843692387462114,-0.04222841325267457,0.4504208183243437,0.329999999999986,0.3299999999487068,60.00000001725242,1.3988810110276972e-14,5.129319191610193e-11,-1.7252422703068538e-08,6.994405055138486e-15,2.5646595958050966e-11,-3.01111580114366e-12,0.002602042509593668,0.20156613021805472,10.674428170203079
130,0.44986562200096997,-0.022273928368422596,0.4504167023360493,0.32999999999998536,0.3299999999463791,60.000000017269286,1.4654943925052066e-14,5.3620941020682267e-11,-1.726929236509902e-08,7.327471962526033e-15,2.6810470510341133e-11,-3.014060112604966e-12,-0.006348720115329318,0.20148265058156986,10.67442816973343
131,0.45040709637333176,-0.0022757319196174963,0.4504128455308815,0.3299999999999847,0.32999999994394524,60.00000001728631,1.532107773982716e-14,5.6054771935265535e-11,-1.7286314693754213e-08,7.66053886991358e-15,2.8027385967632767e-11,-3.017031069418863e-12,-0.015287143869402038,0.20100190099408957,10.674428169860375
132,0.45006026068150584,0.017726749708163275,0.4504092315882534,0.329999999999984,0.3299999999414005,60.000000017303456,1.6042722705833512e-14,5.859951413000886e-11,-1.7303464244596664e-08,8.021361352916756e-15,2.929975706500443e-11,-3.0200242306932522e-12,-0.024195591749290115,0.2001248037870397,10.674428170642082
133,0.4488257811530055,0.03769407879850914,0.45040584521526117,0.32999999999998325,0.3299999999387398,60.00000001732077,1.6764367671839864e-14,6.126021911967428e-11,-1.7320779184282552e-08,8.382183835919932e-15,3.063010955983714e-11,-3.023046257766282e-12,-0.03305648480738421,0.19885306502977929,10.674428170084324
134,0.44670607537372886,0.05758688429480068,0.4504026720819741,0.32999999999998253,0.329999999935958,60.000000017338245,1.7486012637846216e-14,6.404199393017507e-11,-1.733824679059315e-08,8.743006318923108e-15,3.2020996965087534e-11,-3.0260949301919026e-12,-0.04185233697751668,0.19718917110145043,10.674428170063248
135,0.44370530763705646,0.07736593965384923,0.45039969876079844,0.3299999999999817,0.3299999999330494,60.000000017355866,1.8318679906315083e-14,6.695061172123928e-11,-1.7355867063528458e-08,9.159339953157541e-15,3.347530586061964e-11,-3.0291702479701144e-12,-0.050565789705926276,0.1951363837212871,10.674428170041184
136,0.43982938083179074,0.09699224040862255,0.45039691266965903,0.3299999999999809,0.3299999999300084,60.00000001737362,1.9095836023552692e-14,6.999162360799005e-11,-1.737362728086975e-08,9.547918011776346e-15,3.4995811803995025e-11,-3.032269990654868e-12,-0.05917964631979497,0.19269873344778493,10.67442817047016
137,0.435085924886118,0.1164270812867723,0.45039430201875935,0.32999999999998003,0.32999999992682894,60.000000017391535,1.9984014443252818e-14,7.317108030591157e-11,-1.739154016483575e-08,9.992007221626409e-15,3.6585540152955787e-11,-3.0353963786922124e-12,-0.06767690606618089,0.1898810116600912,10.674428169854899
138,0.42948428179150144,0.13563213273261995,0.45039185576069296,0.32999999999997914,0.3299999999235047,60.000000017409604,2.0872192862952943e-14,7.649531008624422e-11,-1.7409605715426465e-08,1.0436096431476471e-14,3.824765504312211e-11,-3.0385494120821477e-12,-0.0760407977548018,0.1866887610379071,10.674428169732224
139,0.42303548723710166,0.15456951668149188,0.45038956354369714,0.3299999999999782,0.32999999992002915,60.00000001742782,2.1815882433884326e-14,7.997086326483327e-11,-1.7427823932641888e-08,1.0907941216942163e-14,3.9985431632416635e-11,-3.041729090824674e-12,-0.0842548129388842,0.1831282645591033,10.674428169942248
140,0.4157522488919443,0.17320188143682122,0.45038741566784907,0.32999999999997726,0.32999999991639556,60.00000001744616,2.275957200481571e-14,8.360445669097771e-11,-1.744616937204457e-08,1.1379786002407855e-14,4.1802228345488857e-11,-3.044930974027693e-12,-0.09230273856918922,0.17920653303711978,10.674428170432074
141,0.40764892137861203,0.19149247550224877,0.45038540304402086,0.3299999999999762,0.3299999999125965,60.000000017464664,2.3814283878209608e-14,8.740352885894254e-11,-1.746466747807196e-08,1.1907141939104804e-14,4.370176442947127e-11,-3.048159502583303e-12,-0.10016868905733693,0.17493129122305912,10.674428170337729
142,0.39874147798870635,0.20940522022305819,0.45038351715541886,0.3299999999999751,0.3299999999086246,60.0000000174833,2.4924506902834764e-14,9.137540724069027e-11,-1.7483305528505337e-08,1.2462253451417382e-14,4.568770362034513e-11,-3.0514124560454548e-12,-0.10783713768569933,0.17031096250016756,10.674428169855403
143,0.389047479196698,0.22690478109366388,0.4503817500215442,0.3299999999999739,0.32999999990447204,60.0000000175021,2.609024107869118e-14,9.552797441969574e-11,-1.750210896778215e-08,1.304512053934559e-14,4.776398720984787e-11,-3.054694275306247e-12,-0.11529294730239631,0.16535465220113807,10.674428170310007
144,0.37858603803505037,0.24395663759053313,0.45038009416442387,0.3299999999999727,0.3299999999001305,60.000000017521025,2.731148640577885e-14,9.986950155749241e-11,-1.7521026907027494e-08,1.3655743202889425e-14,4.9934750778746206e-11,-3.057996078581482e-12,-0.12252140024131745,0.16007212958134948,10.674428169947449
145,0.3673777823996364,0.26052715139285954,0.45037854257696663,0.3299999999999714,0.32999999989559164,60.00000001754008,2.858824288409778e-14,1.0440837083791621e-10,-1.7540084790678823e-08,1.429412144204889e-14,5.2204185418958104e-11,-3.061322306763259e-12,-0.12950822740859824,0.15447380848377637,10.674428170364854
146,0.35544481436048586,0.2765836328565081,0.45037708869331256,0.3299999999999701,0.3299999998908463,60.00000001755925,2.992051051364797e-14,1.0915374160092028e-10,-1.7559257174298686e-08,1.4960255256823984e-14,5.457687080046014e-11,-3.0646685189594793e-12,-0.13623963647860107,0.1485707267338545,10.674428170362832
147,0.34281066655875203,0.2920944056102184,0.45037572636104917,0.3299999999999688,0.32999999988588524,60.00000001757858,3.11972669919669e-14,1.141147731864578e-10,-1.757858222454326e-08,1.559863349598345e-14,5.70573865932289e-11,-3.0680413765082902e-12,-0.14270233914418712,0.14237452430506642,10.674428170376256
148,0.3295002557764983,0.3070288691467721,0.4503744498151771,0.3299999999999674,0.3299999998806986,60.00000001759799,3.26405569239796e-14,1.1930140209059914e-10,-1.7597996330318913e-08,1.63202784619898e-14,5.965070104529957e-11,-3.0714297771794463e-12,-0.14888357736790545,0.13589742029841395,10.674428170090641
149,0.315539833771437,0.32135755928580134,0.4503732536537149,0.3299999999999659,0.3299999998752763,60.00000001761757,3.4139358007223564e-14,1.247237313428684e-10,-1.7617575824938003e-08,1.7069679003611782e-14,6.23618656714342e-11,-3.0748470436492428e-12,-0.15477114858268082,0.12915218878125997,10.674428170617986
150,0.30095693547411223,0.3350522063891232,0.45037213281484073,0.3299999999999643,0.3299999998696074,60.00000001763724,3.569367024169878e-14,1.3039264112890692e-10,-1.763724437508817e-08,1.784683512084939e-14,6.519632056445346e-11,-3.0782798532413836e-12,-0.1603534297926263,0.12215213353325668,10.674428170713659
151,0.28578032465017866,0.3480857912139283,0.45037108255547226,0.32999999999996266,0.32999999986368095,60.00000001765704,3.735900477863652e-14,1.3631906714550723e-10,-1.76570401474256e-08,1.867950238931826e-14,6.815953357275362e-11,-3.081734867294017e-12,-0.16561940052676172,0.11491106174921373,10.674428170668298
152,0.270039937135402,0.36043259829381924,0.45037009843119635,0.329999999999961,0.3299999998574851,60.00000001767692,3.902433931557425e-14,1.4251488877903284e-10,-1.767692497529411e-08,1.9512169657787126e-14,7.125744438951642e-11,-3.0852054244689954e-12,-0.1705586646006589,0.10744325675080388,10.674428170884186
153,0.25376682175575377,0.3720682667425743,0.4503691762774623,0.32999999999995916,0.32999999985100775,60.00000001769692,4.085620730620576e-14,1.489922629716034e-10,-1.7696924303131154e-08,2.042810365310288e-14,7.44961314858017e-11,-3.0886959656584168e-12,-0.17516147064336784,0.09976344976094573,10.674428170709618
154,0.23699307904951458,0.3829698383806017,0.45036831219195883,0.3299999999999573,0.3299999998442361,60.00000001771702,4.268807529683727e-14,1.5576390177685084e-10,-1.7717025408718004e-08,2.1344037648418634e-14,7.788195088842542e-11,-3.0922042704162325e-12,-0.1794187313493963,0.09188679079653898,10.674428170220162
155,0.21975179791260313,0.39311580308933225,0.45036750251810154,0.32999999999995544,0.3299999998371568,60.0000000177372,4.4575454438700035e-14,1.6284323889337315e-10,-1.7737202847617208e-08,2.2287727219350018e-14,8.142161944668658e-11,-3.0957258978503432e-12,-0.18332204141801212,0.08382881873696055,10.674428170985236
156,0.20207699029242007,0.4024861413042662,0.45036674382956005,0.3299999999999534,0.3299999998297559,60.00000001775749,4.6629367034256575e-14,1.702440965978269e-10,-1.7757494786484944e-08,2.3314683517128287e-14,8.512204829891346e-11,-3.0992675092988976e-12,-0.18686369414470833,0.07560543062734336,10.674428170225864
157,0.1840035240593186,0.411062363563037,0.45036603291575916,0.3299999999999513,0.3299999998220188,60.00000001777784,4.873879078104437e-14,1.7798124085643963e-10,-1.777785033644631e-08,2.4369395390522186e-14,8.899062042821981e-11,-3.102820222977698e-12,-0.1900366966323182,0.06723285027716402,10.674428170396945
158,0.16556705418838463,0.41882754703065966,0.45036536676829286,0.32999999999994906,0.3299999998139302,60.0000000177983,5.0959236830294685e-14,1.8606982621349744e-10,-1.7798307664157485e-08,2.5479618415147343e-14,9.303491310674872e-11,-3.1063907002248926e-12,-0.1928347835919699,0.05872759621604992,10.67442817026123
159,0.14680395238752167,0.4257663689300964,0.45036474256819514,0.3299999999999467,0.3299999998054743,60.00000001781881,5.3290705182007514e-14,1.9452572885825248e-10,-1.781881588074356e-08,2.6645352591003757e-14,9.726286442912624e-11,-3.109970059256284e-12,-0.19525242970684198,0.050106449069978,10.674428170196308
160,0.12775123531087865,0.4318651368123687,0.450364157674011,0.3299999999999443,0.32999999979663425,60.00000001783941,5.573319583618286e-14,2.0336576866952782e-10,-1.783941315286072e-08,2.786659791809143e-14,1.0168288433476391e-10,-3.1135649614100203e-12,-0.1972848605344994,0.041386418422176066,10.674428171011161
161,0.1084464914994308,0.43711181560668194,0.450363609610619,0.3299999999999418,0.3299999997873929,60.00000001786007,5.823119764158946e-14,2.1260709859305393e-10,-1.7860074036071506e-08,2.911559882079473e-14,1.0630354929652697e-10,-3.1171709657940027e-12,-0.19892806192646065,0.03258470922405424,10.674428170971368
162,0.08892780719301646,0.4414960513973731,0.45036309605875813,0.3299999999999391,0.3299999997777318,60.00000001788078,6.089573290068984e-14,2.2226820384219081e-10,-1.7880785808157196e-08,3.044786645034492e-14,1.1113410192109541e-10,-3.1207858519621824e-12,-0.20017878794655958,0.023718687822374917,10.674428171129255
163,0.06923369116034399,0.44500919188094623,0.45036261484521417,0.32999999999993634,0.329999999767632,60.000000017901556,6.367129046225273e-14,2.3236801371950833e-10,-1.7901561191336517e-08,3.1835645231126364e-14,1.1618400685975416e-10,-3.124411840360608e-12,-0.20103456727261423,0.01480584766962817,10.674428171117027
164,0.049402998695402295,0.4476443034630036,0.4503621639336231,0.32999999999993346,0.32999999975707367,60.00000001792237,6.655787032627813e-14,2.4292634570599603e-10,-1.7922374741172014e-08,3.327893516313907e-14,1.2146317285299801e-10,-3.1280444900971818e-12,-0.2014937080688977,0.005863774785200459,10.67442817119866
165,0.02947485493034178,0.44939618496150624,0.45036174141585456,0.32999999999993046,0.3299999997460359,60.00000001794322,6.955547249276606e-14,2.539641275056681e-10,-1.7943226457663687e-08,3.477773624638303e-14,1.2698206375283405e-10,-3.131683801171903e-12,-0.20155530131991004,-0.0030898869645799854,10.674428171332737
166,0.009488577616226014,0.4502613778894851,0.45036134550393736,0.3299999999999273,0.3299999997344969,60.00000001796411,7.271960811294775e-14,2.655031194898072e-10,-1.796411634081154e-08,3.6359804056473877e-14,1.327515597449036e-10,-3.135329773584772e-12,-0.201219222618979,-0.012037470699087505,10.674428170646832
167,-0.010516400475906648,0.45023817329706767,0.4503609745224934,0.329999999999924,0.3299999997224341,60.00000001798504,7.599476603559197e-14,2.7756591469696446e-10,-1.798504439061557e-08,3.799738301779598e-14,1.3878295734848223e-10,-3.138982407335789e-12,-0.20048613240825414,-0.020961321400068917,10.67442817112282
168,-0.030500609380494703,0.44932661515946676,0.45036062690164763,0.3299999999999206,0.32999999970982363,60.00000001800598,7.943645741192995e-14,2.901763829221693e-10,-1.8005985162638327e-08,3.9718228705964975e-14,1.4508819146108465e-10,-3.1426372615328547e-12,-0.19935747466970688,-0.029843830763594086,10.674428171468278
169,-0.05042461983580423,0.44752850030438734,0.45036030117038445,0.3299999999999169,0.3299999996966406,60.00000001802696,8.310019339319297e-14,3.0335939316117333e-10,-1.802696410131726e-08,4.1550096696596484e-14,1.5167969658058666e-10,-3.1462987770680684e-12,-0.19783547406979726,-0.03866747195858532,10.674428171630117
170,-0.07024912110143011,0.444847374879128,0.4503599959503229,0.32999999999991314,0.32999999968285926,60.00000001804793,8.68749516769185e-14,3.171407580992991e-10,-1.8047930317777468e-08,4.343747583845925e-14,1.5857037904964955e-10,-3.149958072157233e-12,-0.19592313156351063,-0.04741483422341146,10.674428171674952
171,-0.08993499854136718,0.44128852736447444,0.4503597099498824,0.3299999999999092,0.32999999966845217,60.00000001806889,9.08162434143378e-14,3.315478447341036e-10,-1.8068896534237674e-08,4.54081217071689e-14,1.657739223670518e-10,-3.1536173672463976e-12,-0.1936242184665015,-0.05606865723234471,10.674428171918638
172,-0.10944341081953979,0.4368589781492909,0.45035944195881716,0.32999999999990504,0.3299999996533911,60.000000018089885,9.497957975668214e-14,3.4660890824156354e-10,-1.8089888195135334e-08,4.748978987834107e-14,1.7330445412078177e-10,-3.1572811032276606e-12,-0.19094326900709596,-0.06461186516413811,10.67442817167837
173,-0.1287358665554514,0.43156746568649346,0.4503591908430932,0.3299999999999007,0.32999999963764637,60.00000001811086,9.930944955272025e-14,3.6235364708758766e-10,-1.8110867133814268e-08,4.9654724776360126e-14,1.8117682354379383e-10,-3.1609426187628744e-12,-0.1878855713728999,-0.07302760040555957,10.674428171788795
174,-0.14777430028868485,0.4254244292578295,0.45035895554008953,0.3299999999998962,0.329999999621187,60.00000001813183,1.0380585280245214e-13,3.78813036494563e-10,-1.8131833350274474e-08,5.190292640122607e-14,1.894065182472815e-10,-3.1646019138520388e-12,-0.18445715726972173,-0.08129925682344535,10.674428171307246
175,-0.1665211476023554,0.4184419883815716,0.4503587350540997,0.3299999999998915,0.3299999996039804,60.00000001815277,1.0852430065710905e-13,3.9601960599711106e-10,-1.8152774122297232e-08,5.4262150328554526e-14,1.9800980299855553e-10,-3.1682567680491046e-12,-0.18066479001345084,-0.08941051253967698,10.674428171890003
176,-0.184939419257281,0.4106339189038541,0.4503585284521182,0.3299999999998866,0.3299999995859928,60.0000000181737,1.1340928196545974e-13,4.140072173974829e-10,-1.817370217210126e-08,5.670464098272987e-14,2.0700360869874146e-10,-3.1719094018001215e-12,-0.1765159511784224,-0.09734536214447001,10.674428172407854
177,-0.20299277419059156,0.40201562582091466,0.4503583348598915,0.32999999999988144,0.3299999995671888,60.00000001819459,1.1857181902996672e-13,4.328112312990129e-10,-1.8194592055249114e-08,5.928590951498336e-14,2.1640561564950644e-10,-3.1755553742129906e-12,-0.1720188258286405,-0.1050881482844685,10.674428172505197
178,-0.22064559123474317,0.3926041128859527,0.4503581534582174,0.32999999999987606,0.3299999995475311,60.00000001821544,1.2395640069939873e-13,4.5246889568417714e-10,-1.8215443771740788e-08,6.197820034969936e-14,2.2623444784208857e-10,-3.1791946852877117e-12,-0.1671822863610287,-0.11262359256336493,10.674428171786797
179,-0.23786303941543072,0.3824179490606519,0.45035798347947836,0.3299999999998704,0.3299999995269813,60.00000001823628,1.2961853812498703e-13,4.730187352919302e-10,-1.8236282766013736e-08,6.480926906249351e-14,2.365093676459651e-10,-3.182831775916384e-12,-0.16201587499260503,-0.11993682569412847,10.674428172594213
180,-0.25461114668969986,0.3714772318776358,0.4503578242043927,0.32999999999986457,0.32999999950549874,60.00000001825704,1.354472090042691e-13,4.945012732626708e-10,-1.825704542697433e-08,6.772360450213455e-14,2.472506366313354e-10,-3.1864555438687604e-12,-0.15652978492615832,-0.1270134168433904,10.674428172760818
181,-0.27085686698863926,0.35980354778621654,0.4503576749589704,0.3299999999998584,0.329999999483041,60.00000001827778,1.4160894679093872e-13,5.169590311382422e-10,-1.827778264349747e-08,7.080447339546936e-14,2.584795155691211e-10,-3.1900748709290382e-12,-0.1507348402316007,-0.13383940211013254,10.674428172903502
182,-0.28656814543238096,0.34741992955974305,0.4503575351116611,0.32999999999985197,0.32999999945956393,60.00000001829844,1.4804824033376462e-13,5.404360847727219e-10,-1.829844352670826e-08,7.402412016688231e-14,2.7021804238636093e-10,-3.1936808753130207e-12,-0.14464247448270712,-0.14040131208252807,10.674428172621711
183,-0.3017139815887451,0.3343508108486491,0.4503574040706811,0.32999999999984525,0.3299999994350213,60.000000018319064,1.5476508963274682e-13,5.649787304662368e-10,-1.8319066243262868e-08,7.738254481637341e-14,2.824893652331184e-10,-3.1972802183588557e-12,-0.13826470819140324,-0.14668619841860076,10.674428172858413
184,-0.3162644906507266,0.32062197796892994,0.4503572812815093,0.32999999999983826,0.32999999940936464,60.000000018339605,1.617594946878853e-13,5.906353739426606e-10,-1.8339612626505123e-08,8.087974734394265e-14,2.953176869713303e-10,-3.200866238728395e-12,-0.1316141250841345,-0.15268165939829415,10.674428172890783
185,-0.33019096241213014,0.3062605190212248,0.45035716622454086,0.32999999999983093,0.32999999938254354,60.00000001836006,1.6908696665041134e-13,6.174564748384626e-10,-1.8360069954216297e-08,8.454348332520567e-14,3.087282374192313e-10,-3.2044367159755893e-12,-0.12470384726713236,-0.15837586439656753,10.67442817344676
186,-0.3434659179250024,0.2912947704409483,0.4503570584128878,0.3299999999998232,0.3299999993545051,60.00000001838048,1.7680301667155618e-13,6.45494935280766e-10,-1.838048911527129e-08,8.840150833577809e-14,3.22747467640383e-10,-3.2080005318846363e-12,-0.11754750932958301,-0.1637575772292639,10.674428173284282
187,-0.35606316372708924,0.2757542610849782,0.4503569573903197,0.3299999999998152,0.32999999932519386,60.000000018400804,1.847966224488573e-13,6.748061553984996e-10,-1.8400806498576482e-08,9.239831122442865e-14,3.374030776992498e-10,-3.211546584225289e-12,-0.11015923143579917,-0.1688161783257167,10.674428173214732
188,-0.3679578435323367,0.2596696539652627,0.45035686272933245,0.3299999999998068,0.3299999992945523,60.00000001842104,1.932343174360085e-13,7.054477002554904e-10,-1.8421047548569316e-08,9.661715871800425e-14,3.527238501277452e-10,-3.215079313889646e-12,-0.10255359145948795,-0.17354168568437564,10.674428173892023
189,-0.3791264872824647,0.24307268574435256,0.4503567740293396,0.32999999999979807,0.32999999926252,60.000000018441206,2.0194956817931597e-13,7.374800214954291e-10,-1.8441212265249794e-08,1.0097478408965799e-13,3.6874001074771456e-10,-3.218598720877708e-12,-0.0947455962150981,-0.17792477457013026,10.674428174053281
190,-0.38954705746284635,0.2259961041122753,0.45035669091497743,0.3299999999997889,0.3299999992290337,60.000000018461286,2.1110890813247352e-13,7.709662908084169e-10,-1.846128792639919e-08,1.0555445406623676e-13,3.8548314540420847e-10,-3.2221025847434247e-12,-0.08675065184300894,-0.18195679591449143,10.674428174554441
191,-0.39919899259132485,0.2084736031683451,0.4503566130345165,0.32999999999977936,0.32999999919402756,60.00000001848127,2.2065682614424986e-13,8.059724554421166e-10,-1.848127453201751e-08,1.1032841307212493e-13,4.029862277210583e-10,-3.225590905486797e-12,-0.07858453340699176,-0.18562979338235036,10.674428175461292
192,-0.4080632477941791,0.19053975693543854,0.4503565400583737,0.3299999999997693,0.3299999991574325,60.000000018501154,2.3070434451710753e-13,8.425675157575085e-10,-1.8501159359886018e-08,1.1535217225855376e-13,4.2128375787875427e-10,-3.2290614626617752e-12,-0.07026335376393147,-0.18893651907165956,10.674428173854622
193,-0.4161223323891951,0.1722299511379457,0.4503564716777177,0.3299999999997589,0.3299999991191763,60.00000001852095,2.41140440948584e-13,8.808236917623447e-10,-1.8520955132223448e-08,1.20570220474292e-13,4.404118458811723e-10,-3.232516476714409e-12,-0.061803531767224654,-0.1918704478150827,10.674428174847806
194,-0.4233603444017051,0.15358031337803257,0.45035640760316165,0.3299999999997479,0.3299999990791837,60.000000018540646,2.5213164889237305e-13,9.208163120888457e-10,-1.854064912681107e-08,1.2606582444618653e-13,4.6040815604442287e-10,-3.2359537271986484e-12,-0.053221759866593416,-0.19442579005540966,10.674428175187098
195,-0.42976300194551015,0.1346276418480069,0.4503563475635397,0.3299999999997364,0.3299999990373759,60.00000001856022,2.636224571972434e-13,9.626240915494577e-10,-1.8560228621430157e-08,1.318112285986217e-13,4.813120457747289e-10,-3.2393709936684445e-12,-0.044534971168236,-0.1965975032693526,10.674428175185874
196,-0.4353176714067836,0.11540933271946707,0.4503562913047592,0.32999999999972446,0.32999999899367044,60.00000001857969,2.7555735471196385e-13,1.0063295752260615e-09,-1.8579693616080715e-08,1.3777867735598193e-13,5.031647876130307e-10,-3.2427682761237977e-12,-0.03576030602030632,-0.19838130191719752,10.674428175082165
197,-0.44001339237536485,0.09596330635252236,0.45035623858872526,0.3299999999997119,0.32999999894798104,60.00000001859907,2.881028748902281e-13,1.0520189719365192e-09,-1.859906955520019e-08,1.4405143744511406e-13,5.260094859682596e-10,-3.246150015456806e-12,-0.02691507818964613,-0.19977366589869466,10.67442817622274
198,-0.4438408992742673,0.0763279324706995,0.45035618919233467,0.3299999999996988,0.32999999890021775,60.000000018618316,3.0120350658080497e-13,1.0997822652569766e-09,-1.861831827213241e-08,1.5060175329040248e-13,5.498911326284883e-10,-3.2495095503293214e-12,-0.01801674069650421,-0.20077184749851718,10.674428176075759
199,-0.44679263964473853,0.05654195444918956,0.4503561429065306,0.3299999999996851,0.3299999988502865,60.000000018637486,3.1491476093492565e-13,1.1497134910776197e-09,-1.8637490655752272e-08,1.5745738046746283e-13,5.748567455388098e-10,-3.2528557625255415e-12,-0.00908285137464708,-0.20137387680759647,10.67442817635587
200,-0.4488627890508128,0.036644412865837084,0.45035609953541916,0.3299999999996708,0.3299999987980888,60.00000001865649,3.2923663795259017e-13,1.201911237203035e-09,-1.8656497650528697e-08,1.6461831897629509e-13,6.009556186015175e-10,-3.2561731089231216e-12,-0.00013103822481241867,-0.20157856560964937,10.674428177108636
201,-0.45004726257396027,0.016674568465727152,0.4503560588954404,0.3299999999996558,0.3299999987435217,60.000000018675436,3.442246487850298e-13,1.2564783102853028e-09,-1.8675441034211494e-08,1.721123243925149e-13,6.282391551426514e-10,-3.2594793530904552e-12,0.008821035370142293,-0.2013855097252386,10.674428176919886
202,-0.4503437228751703,-0.0033281753086183696,0.45035602081459186,0.32999999999964014,0.32999999868647767,60.00000001869425,3.598787934322445e-13,1.3135223464466605e-09,-1.8694257195707033e-08,1.7993939671612225e-13,6.567611732233303e-10,-3.2627633927972966e-12,0.017755705499762776,-0.20079508980875135,10.674428177295896
203,-0.449751584808574,-0.023324350068568218,0.4503559851317012,0.3299999999996238,0.3299999986268443,60.00000001871293,3.761990718942343e-13,1.3731557002572004e-09,-1.8712933412796585e-08,1.8809953594711715e-13,6.865778501286002e-10,-3.266023007597596e-12,0.026655342581427956,-0.19980847059673287,10.67442817731443
204,-0.44827201657751825,-0.04327450035881104,0.4503559516957442,0.3299999999996068,0.329999998564504,60.00000001873153,3.9324099532223045e-13,1.4354959998463812e-09,-1.8731533296573785e-08,1.9662049766111522e-13,7.177479999231906e-10,-3.2692692997216e-12,0.035502386147919784,-0.19842759860906578,10.67442817755704
205,-0.4459079374308235,-0.06313926151121306,0.4503559203652069,0.32999999999958896,0.32999999849933387,60.00000001874998,4.110600748674642e-13,1.5006661469030291e-09,-1.8749980513726273e-08,2.055300374337321e-13,7.503330734515146e-10,-3.272488946493013e-12,0.04427937949849427,-0.19665519830753808,10.674428177861481
206,-0.4426640119037834,-0.08287943731948191,0.45035589100748624,0.32999999999957036,0.32999999843120553,60.00000001876833,4.296563105299356e-13,1.5687944832087908e-09,-1.876833867534768e-08,2.148281552649678e-13,7.843972416043954e-10,-3.275693050142081e-12,0.05296900414509269,-0.19449476671938706,10.674428179306378
207,-0.4385466406152822,-0.10245607738136885,0.45035586349833007,0.3299999999995509,0.32999999835998445,60.000000018786565,4.491407246121071e-13,1.6400155677942507e-09,-1.878656961478183e-08,2.2457036230605354e-13,8.200077838971254e-10,-3.2788749493306568e-12,0.06155411398572861,-0.19195056653643222,10.67442817964025
208,-0.4335639476392011,-0.12183055395579796,0.45035583772131177,0.32999999999953045,0.32999999828553045,60.00000001880469,4.6956882826521e-13,1.714469566316268e-09,-1.880469877646617e-08,2.34784414132605e-13,8.57234783158134e-10,-3.2820390849508385e-12,0.07001776913762793,-0.1890276177034201,10.674428179080595
209,-0.4277257644750416,-0.1409646381832694,0.4503558135673379,0.32999999999950913,0.32999999820769665,60.00000001882271,4.90885110338013e-13,1.7923033612810002e-09,-1.882271343818198e-08,2.454425551690065e-13,8.961516806405001e-10,-3.285183236556577e-12,0.07834326936337145,-0.1857316875121822,10.674428180634715
210,-0.4210436106494057,-0.15982057551913953,0.4503557909341872,0.32999999999948687,0.3299999981263297,60.00000001884061,5.131450819817474e-13,1.8736703299992996e-09,-1.8840613599929255e-08,2.565725409908737e-13,9.368351649996498e-10,-3.2883074041478724e-12,0.08651418702408736,-0.182069279221156,10.674428181351365
211,-0.41353067098661817,-0.17836116023093582,0.450355769726078,0.3299999999994636,0.32999999804126895,60.000000018858394,5.364042543476444e-13,1.958731066231678e-09,-1.8858399261708002e-08,2.682021271738222e-13,9.79365533115839e-10,-3.2914115877247242e-12,0.09451439949468163,-0.17804761922272827,10.674428180560884
212,-0.40520176959335047,-0.19654980881271014,0.4503557498532639,0.3299999999994393,0.3299999979523469,60.00000001887608,5.607181385869353e-13,2.0476531026325517e-09,-1.887608314573694e-08,2.8035906929346766e-13,1.0238265513162759e-09,-3.294498007733182e-12,0.10232812097714665,-0.17367464278372446,10.674428181609061
213,-0.3960733406085854,-0.21435063217157277,0.45035573123165357,0.3299999999994139,0.3299999978593882,60.00000001889367,5.861422458508514e-13,2.14061179892866e-09,-1.8893677974234793e-08,2.930711229254257e-13,1.07030589946433e-09,-3.2975688846192953e-12,0.10993993364918439,-0.16895897838718252,10.674428182114392
214,-0.3861633957766468,-0.23172850644397078,0.4503557137824551,0.32999999999938723,0.3299999977622096,60.00000001891114,6.127875984418552e-13,2.237790397430217e-09,-1.891114558054539e-08,3.063937992209276e-13,1.1188951987151086e-09,-3.300617557044916e-12,0.11733481808668493,-0.16390993070631074,10.674428183379703
215,-0.3754914889072863,-0.24864914230198099,0.4503556974318428,0.3299999999993595,0.3299999976606195,60.00000001892852,6.405431740574841e-13,2.3393805226312736e-09,-1.892852413132491e-08,3.2027158702874203e-13,1.1696902613156368e-09,-3.3036506863481917e-12,0.12449818290003639,-0.15853746224422632,10.674428183561675
216,-0.3640786772929574,-0.2650791526128638,0.4503556821106439,0.3299999999993304,0.32999999755441756,60.00000001894581,6.696310173026632e-13,2.4455824587654718e-09,-1.8945813626573342e-08,3.348155086513316e-13,1.2227912293827359e-09,-3.306668272529123e-12,0.13141589352579605,-0.15285217367570336,10.674428183704435
217,-0.35194748015941707,-0.28098611831837783,0.450355667754046,0.3299999999992999,0.3299999974433945,60.00000001896301,7.001066393286237e-13,2.5566055383841046e-09,-1.8963014066290698e-08,3.5005331966431186e-13,1.2783027691920523e-09,-3.3096703155877095e-12,0.13807430011691285,-0.14686528292972212,10.674428184751122
218,-0.3391218342316417,-0.2963386524038647,0.45035565430132174,0.3299999999992681,0.3299999973273313,60.000000018980096,7.319145289841344e-13,2.6726686974676284e-09,-1.898010000603952e-08,3.659572644920672e-13,1.3363343487338142e-09,-3.3126523746318527e-12,0.1444602644764753,-0.14058860305409357,10.674428184836334
219,-0.3256270465027406,-0.3111064618308846,0.45035564169557113,0.3299999999992349,0.3299999972059992,60.000000018997106,7.651101974204266e-13,2.7940008084925694e-09,-1.8997109612475988e-08,3.825550987102133e-13,1.3970004042462847e-09,-3.3156211109997e-12,0.15056118598184365,-0.13403451890583687,10.674428185932038
220,-0.3114897442990662,-0.32526040731120154,0.4503556298834804,0.32999999999920016,0.329999997079159,60.00000001901404,7.99860178091194e-13,2.920841013498432e-09,-1.90140428856001e-08,3.99930089045597e-13,1.460420506749216e-09,-3.3185765246912526e-12,0.15636502644801756,-0.12721596271330474,10.674428186723814
221,-0.29673782274005533,-0.3387725608041752,0.45035561881509495,0.32999999999916385,0.3299999969465606,60.000000019030885,8.361644709964366e-13,3.053439390221513e-09,-1.903088710319313e-08,4.180822354982183e-13,1.5267196951107564e-09,-3.32151639526046e-12,0.16186033388118315,-0.12014638855827613,10.674428187136355
222,-0.28140038969647724,-0.35161626062411133,0.45035560844360784,0.3299999999991259,0.3299999968079425,60.00000001904765,8.74134098438617e-13,3.192057507206414e-09,-1.9047654987473804e-08,4.370670492193085e-13,1.596028753603207e-09,-3.324442943153372e-12,0.1670362650755731,-0.11283974582836996,10.674428187861642
223,-0.2655077083556974,-0.36376616404883455,0.4503555987251604,0.32999999999908614,0.32999999666303154,60.00000001906435,9.138800827201976e-13,3.3369684793171928e-09,-1.9064359260660853e-08,4.569400413600988e-13,1.6684842396585964e-09,-3.3273583888160374e-12,0.17188260700905683,-0.1053104516921585,10.674428189322972
224,-0.24909113750729062,-0.3751982973256826,0.45035558961865596,0.32999999999904467,0.3299999965115418,60.000000019080986,9.553469126899472e-13,3.4884581889826904e-09,-1.9080987200535543e-08,4.776734563449736e-13,1.7442290944913452e-09,-3.3302605118024075e-12,0.17638979699524565,-0.09757336265129579,10.67442819097862
225,-0.23218306966683167,-0.38589010297625254,0.45035558108558577,0.3299999999990013,0.3299999963531749,60.00000001909756,9.987011218015596e-13,3.6468251196630774e-09,-1.909756425153533e-08,4.993505609007798e-13,1.8234125598315387e-09,-3.333153753004581e-12,0.1805489415523527,-0.08964374522579005,10.674428191283091
226,-0.21481686715995937,-0.39582048430656186,0.4503555730898651,0.3299999999989559,0.3299999961876183,60.00000001911408,1.0441092435087285e-12,3.812381688117483e-09,-1.9114090413660217e-08,5.220546217543642e-13,1.9061908440587416e-09,-3.336038112422557e-12,0.18435183395157898,-0.08153724583026425,10.674428192528996
227,-0.19702679629283293,-0.40496984703479993,0.4503555655976806,0.3299999999989085,0.32999999601454577,60.000000019130546,1.0915157666602227e-12,3.9854542444039964e-09,-1.9130552964691472e-08,5.457578833301113e-13,1.9927271222019982e-09,-3.338911369610287e-12,0.18779097041040244,-0.07326985990064125,10.674428193177292
228,-0.17884795973887604,-0.4133201379545337,0.45035555857734605,0.329999999998859,0.3299999958336159,60.00000001914693,1.1410317135585046e-12,4.166384126591538e-09,-1.914693918241037e-08,5.705158567792523e-13,2.083192063295769e-09,-3.341771304121721e-12,0.1908595648988188,-0.06485790033217492,10.67442819446103
229,-0.16031622727522266,-0.42085488055708203,0.4503555519991695,0.3299999999988072,0.3299999956444722,60.00000001916332,1.1928236176572682e-12,4.355527827293315e-09,-1.916332540012927e-08,5.964118088286341e-13,2.1777639136466576e-09,-3.344631238633156e-12,0.1935515625293226,-0.05631796529109999,10.674428195526751
230,-0.14146816500553508,-0.42755920754276966,0.45035554583532605,0.32999999999875307,0.3299999954467416,60.00000001917966,1.2469469901077446e-12,4.553258436956753e-09,-1.9179660728973268e-08,6.234734950538723e-13,2.2766292184783765e-09,-3.3474822913603933e-12,0.19586165150420945,-0.047666905463412276,10.674428196864296
231,-0.12234096320885107,-0.43341989015691446,0.4503555400597413,0.3299999999986964,0.32999999524003415,60.000000019195966,1.3036238755148588e-12,4.7599658659081e-09,-1.919597061337981e-08,6.518119377574294e-13,2.37998293295405e-09,-3.350328903195532e-12,0.1977852735966253,-0.03892179080540888,10.674428197628032
232,-0.1029723629568277,-0.43842536429266427,0.4503555346479801,0.3299999999986372,0.3299999950239424,60.00000001921225,1.3627987627273797e-12,4.976057621508545e-09,-1.9212255053348907e-08,6.813993813636898e-13,2.4880288107542725e-09,-3.3531710741385723e-12,0.19931863314468626,-0.03009987686158451,10.67442819970059
233,-0.08340058164417968,-0.4425657533091803,0.45035552957714386,0.3299999999985754,0.3299999947980404,60.000000019228494,1.4246381851990009e-12,5.201959640821485e-09,-1.9228501326661822e-08,7.123190925995004e-13,2.6009798204107426e-09,-3.356006583743465e-12,0.20045870454092118,-0.021218570716352952,10.674428200953272
234,-0.0636642375792542,-0.445832887520145,0.4503555248257736,0.3299999999985107,0.3299999945618826,60.00000001924476,1.4893086763834162e-12,5.4381174008355515e-09,-1.9244760322193464e-08,7.446543381917081e-13,2.7190587004177758e-09,-3.3588443137944067e-12,0.2012032382022618,-0.012295396646768576,10.674428201726341
235,-0.04380227378353829,-0.4482203203141412,0.45035552037375914,0.3299999999984431,0.3299999943150033,60.00000001926099,1.5569212585830883e-12,5.684996695620725e-09,-1.9260993873287654e-08,7.784606292915441e-13,2.8424983478103627e-09,-3.36167760295325e-12,0.20155076500880098,-0.003347961544025401,10.674428202996216
236,-0.023853881150456252,-0.44972334087509697,0.4503555162022541,0.3299999999983724,0.32999999405691594,60.00000001927724,1.6276424652517107e-12,5.943084080417549e-09,-1.927724014660057e-08,8.138212326258554e-13,2.9715420402087744e-09,-3.364513112558143e-12,0.20150059920256255,0.00560607982804226,10.674428203576298
237,-0.0038584211150779167,-0.4503389834776986,0.45035551229359694,0.3299999999982985,0.3299999937871116,60.00000001929348,1.701527807540515e-12,6.212888425949359e-09,-1.9293486419913485e-08,8.507639037702575e-13,3.1064442129746794e-09,-3.3673486221630357e-12,0.20105283974056318,0.014549059668902574,10.67442820641278
238,0.016144652012675873,-0.45006603333942957,0.4503555086312356,0.32999999999822127,0.3299999935050582,60.00000001930973,1.7787438189031946e-12,6.494941806600707e-09,-1.9309732693226398e-08,8.893719094515973e-13,3.2474709033003535e-09,-3.3701841317679284e-12,0.2002083700994981,0.02346333200298116,10.674428208248312
239,0.0361158688980806,-0.4489050290176932,0.45035550519965817,0.3299999999981405,0.32999999321019974,60.000000019326,1.8595125439446747e-12,6.789800277573477e-09,-1.9326004410976768e-08,9.297562719723373e-13,3.3949001387867384e-09,-3.3730240822649193e-12,0.19896885653243646,0.032331307498239086,10.67442820946005
240,0.05601582306129687,-0.4468582613472873,0.45035550198432683,0.32999999999805607,0.3299999929019548,60.00000001934229,1.943945004967418e-12,7.098045207154513e-09,-1.934228885094586e-08,9.71972502483709e-13,3.5490226035772565e-09,-3.37586625320796e-12,0.1973367447809672,0.04113548817296925,10.674428210939446
241,0.07580524863303066,-0.4439297689203317,0.45035549897161764,0.3299999999979678,0.3299999925797155,60.000000019358595,2.0322077354251178e-12,7.4202844979609495e-09,-1.9358598735352407e-08,1.0161038677125589e-12,3.7101422489804747e-09,-3.378712865043099e-12,0.19531525524928328,0.04985850192233286,10.674428213586696
242,0.09544509783274001,-0.44012533011756577,0.45035549614876197,0.32999999999787555,0.32999999224284676,60.00000001937493,2.1244672687714683e-12,7.757153253074023e-09,-1.93749340641964e-08,1.0622336343857341e-12,3.878576626537011e-09,-3.3815639177703363e-12,0.1929083766497274,0.058483136796511126,10.6744282152075
243,0.11489661801651048,-0.4354524517067427,0.450355493503793,0.3299999999977791,0.32999999189068424,60.000000019391315,2.220890138460163e-12,8.109315774440518e-09,-1.9391320281915303e-08,1.1104450692300816e-12,4.054657887220259e-09,-3.3844238522817705e-12,0.1901208581323385,0.06699237496283045,10.674428217045124
244,0.1341214281425714,-0.4299203540306185,0.45035549102549566,0.3299999999976783,0.32999999152253356,60.00000001940775,2.3216983890961274e-12,8.477466451051185e-09,-1.9407757388509104e-08,1.1608491945480637e-12,4.238733225525593e-09,-3.387292668577402e-12,0.1869581999139283,0.07536942628485595,10.674428220095953
245,0.15308159450357314,-0.4235399528137634,0.45035548870335895,0.3299999999975729,0.32999999113766887,60.00000001942423,2.427114065284286e-12,8.862331146719526e-09,-1.9424232661759085e-08,1.213557032642143e-12,4.431165573359763e-09,-3.3901681462111812e-12,0.18342664242517978,0.08359776145219204,10.674428221956655
246,0.17173970557619342,-0.41632383762409336,0.450355486527532,0.3299999999974627,0.3299999907353314,60.000000019440755,2.5373037004783328e-12,9.26466858786057e-09,-1.944075882388397e-08,1.2686518502391664e-12,4.632334293930285e-09,-3.3930525056291573e-12,0.17953315399718167,0.09166114459562257,10.674428224338529
247,0.190058945840382,-0.40828624703162436,0.4503554844887823,0.3299999999973475,0.3299999903147279,60.00000001945736,2.6524893392831927e-12,9.685272139847712e-09,-1.945736131932121e-08,1.3262446696415964e-12,4.842636069923856e-09,-3.395950187723429e-12,0.17528541711169687,0.09954366532323342,10.674428226048592
248,0.20800316842258623,-0.39944304051346347,0.4503554825784573,0.3299999999972271,0.32999998987502893,60.00000001947402,2.772893026303791e-12,1.0124971083769196e-08,-1.947402742585208e-08,1.3864465131518955e-12,5.062485541884598e-09,-3.398858972047947e-12,0.1706918132422936,0.10722977011430992,10.674428229691008
249,0.2255369664196201,-0.38981166716047566,0.45035548078844817,0.3299999999971012,0.32999998941536773,60.000000019490756,2.8987923172962837e-12,1.0584632281762651e-08,-1.9490757143476576e-08,1.4493961586481419e-12,5.292316140881326e-09,-3.401778858602711e-12,0.16576140631625352,0.11470429300905889,10.674428232600668
250,0.24262574276244364,-0.3794111312473724,0.4503554791111554,0.32999999999696966,0.32999998893483784,60.000000019507574,3.0303537457143648e-12,1.1065162175416532e-08,-1.9507575916632157e-08,1.5151768728571824e-12,5.532581087708266e-09,-3.40471428827982e-12,0.1605039248298855,0.12195248553360555,10.674428235089602
251,0.25923577848199936,-0.36826195473415985,0.4503554775394573,0.32999999999683205,0.32999998843249184,60.000000019524464,3.167965889616653e-12,1.1567508173548902e-08,-1.9524471023100092e-08,1.5839829448083265e-12,5.783754086774451e-09,-3.4076630406332242e-12,0.15492974265253867,0.12896004580121315,10.674428238203722
252,0.275334299242407,-0.3563861367729377,0.45035547606668047,0.3299999999966883,0.3299999879073394,60.000000019541474,3.3117397713056107e-12,1.2092660595097726e-08,-1.954148062953656e-08,1.6558698856528054e-12,6.046330297548863e-09,-3.410631777001072e-12,0.1490498585571891,0.13571314673230891,10.674428241084543
253,0.29088954001023487,-0.343807110299949,0.45035547468657167,0.3299999999965379,0.329999987358345,60.00000001955855,3.462119479991088e-12,1.2641655000589225e-08,-1.9558553847066653e-08,1.731059739995544e-12,6.320827500294612e-09,-3.413611615599166e-12,0.14287587451798953,0.14219846333763236,10.674428245209516
254,0.30587080773224534,-0.3305496957985323,0.4503554733932723,0.3299999999963807,0.32999998678442627,60.00000001957572,3.6193270602780103e-12,1.3215573746450104e-08,-1.9575728842346558e-08,1.8096635301390052e-12,6.607786873225052e-09,-3.416609217765654e-12,0.13641997281760673,0.14840319901067145,10.674428247504792
255,0.32024854189794066,-0.3166400523242107,0.4503554721812936,0.32999999999621643,0.32999998618445153,60.000000019593,3.783584556771302e-12,1.3815548483009366e-08,-1.9593005615376266e-08,1.891792278385651e-12,6.907774241504683e-09,-3.419624583500536e-12,0.12969489200951564,0.15431511077750806,10.67442825142263
256,0.3339943728674104,-0.3021056258885532,0.4503554710454945,0.3299999999960446,0.329999985557238,60.00000001961039,3.955391569832045e-12,1.4442762041877444e-08,-1.961039688837451e-08,1.9776957849160226e-12,7.221381020938722e-09,-3.422659933249861e-12,0.12271390178268113,0.15992253345425284,10.674428255722122
257,0.34708117784938813,-0.286975095303656,0.4503554699810596,0.32999999999586505,0.32999998490154886,60.0000000196279,4.134970144065164e-12,1.509845115599262e-08,-1.9627902661341283e-08,2.067485072032582e-12,7.54922557799631e-09,-3.4257152670136295e-12,0.11549077677822357,0.16521440266439985,10.67442825877845
258,0.35948313441906676,-0.27127831559410226,0.45035546898347995,0.3299999999956773,0.32999998421609145,60.00000001964552,4.322708857529278e-12,1.578390856904477e-08,-1.9645522934276592e-08,2.161354428764639e-12,7.891954284522384e-09,-3.428790584791841e-12,0.1080397694097324,0.17018027667068708,10.674428262647517
259,0.3711757714700694,-0.25504625908805795,0.4503554680485338,0.3299999999954811,0.3299999834995143,60.000000019663254,4.518940777131775e-12,1.6500485700010614e-08,-1.9663257707180434e-08,2.2594703885658873e-12,8.250242850005307e-09,-3.431885886584496e-12,0.10037558174085623,0.17481035697838357,10.67442826705785
260,0.382136017500043,-0.23831095430374097,0.4503554671722692,0.32999999999527585,0.3299999827504045,60.00000001968113,4.724165503233735e-12,1.7249595529733597e-08,-1.968113242449026e-08,2.3620827516168674e-12,8.624797764866798e-09,-3.4350056132836925e-12,0.09251333647566247,0.1790955076693499,10.674428271559034
261,0.3923422461345964,-0.22110542275185194,0.45035546635098744,0.32999999999506135,0.3299999819672851,60.0000000196991,4.938660591591315e-12,1.8032714932392224e-08,-1.9699108919549888e-08,2.4693302957956575e-12,9.016357466196112e-09,-3.4381431035512834e-12,0.08446854711900387,0.18302727342872332,10.674428276391415
262,0.4017743187997584,-0.2034636137786643,0.4503554655812266,0.3299999999948372,0.32999998114861206,60.00000001971722,5.162814620263134e-12,1.8851387950657994e-08,-1.9717225359015506e-08,2.581407310131567e-12,9.425693975328997e-09,-3.4413050187254158e-12,0.07625708736577345,0.18659789622865722,10.674428280759216
263,0.4104136244587566,-0.18542033757834134,0.45035546485974765,0.32999999999460283,0.3299999802927712,60.00000001973549,5.397182700761505e-12,1.970722879329756e-08,-1.973549446510583e-08,2.6985913503807524e-12,9.85361439664878e-09,-3.4444935792521393e-12,0.0678951597794469,0.1898003306361956,10.674428285697381
264,0.418243116334708,-0.1670111965066572,0.45035546418351957,0.3299999999943578,0.3299999793980753,60.00000001975388,5.642208922296277e-12,2.0601924721752596e-08,-1.975387807116469e-08,2.8211044611481384e-12,1.0300962360876298e-08,-3.447702123793306e-12,0.059399263821714746,0.19262825771507822,10.674428291251063
265,0.42524734554676363,-0.14827251483165108,0.45035546354970624,0.3299999999941016,0.32999997846276014,60.00000001977242,5.898392885228532e-12,2.153723988040923e-08,-1.9772427066066985e-08,2.949196442614266e-12,1.0768619940204616e-08,-3.4509395341331127e-12,0.05078616329628784,0.1950760974940451,10.674428297023091
266,0.4314124915933369,-0.12924126705982966,0.4503554629556537,0.32999999999383384,0.32999997748498167,60.0000000197911,6.1661786787681194e-12,2.251501834971137e-08,-1.979110328315654e-08,3.0830893393840597e-12,1.1257509174855684e-08,-3.4541991489334123e-12,0.04207285327111532,0.19713901997703967,10.67442830262653
267,0.43672638962226723,-0.1099550049793412,0.4503554623988781,0.32999999999355395,0.3299999764628121,60.00000001980989,6.446065903276121e-12,2.3537187920918967e-08,-1.9809894000214626e-08,3.2230329516380607e-12,1.1768593960459484e-08,-3.457478747748155e-12,0.033276526544281856,0.19881295467358512,10.67442830864658
268,0.4411785544341116,-0.09045178356407735,0.45035546187705444,0.32999999999326124,0.3299999753942361,60.00000001982888,6.738776203718544e-12,2.4605763926377477e-08,-1.9828888272772325e-08,3.369388101859272e-12,1.2302881963188739e-08,-3.460793873699686e-12,0.024414539719753586,0.20009459863053014,10.674428314574609
269,0.44476020117120024,-0.07077008588490717,0.45035546138800586,0.32999999999295526,0.3299999742771468,60.000000019848,7.044753669305237e-12,2.572285323632073e-08,-1.9848009767517286e-08,3.5223768346526185e-12,1.2861426618160365e-08,-3.464131204111709e-12,0.015504378959910511,0.20098142294931534,10.674428322302708
270,0.44746426265163564,-0.050948747176204935,0.45035546092969364,0.3299999999926354,0.32999997310934165,60.000000019867265,7.364608922699745e-12,2.689065836669613e-08,-1.986727120666823e-08,3.682304461349872e-12,1.3445329183348065e-08,-3.467492959430274e-12,0.0065636254824405355,0.20147167777590194,10.67442832856255
271,0.4492854033140307,-0.03102687820750182,0.45035546050020797,0.329999999992301,0.3299999718885183,60.00000001988669,7.699008097716842e-12,2.8111481698012142e-08,-1.9886698034662608e-08,3.849504048858421e-12,1.4055740849006071e-08,-3.4708835805474794e-12,-0.0023900791303244524,0.20156439575351676,10.674428335188173
272,0.45022002974547154,-0.011043788111461589,0.45035546009775895,0.32999999999195145,0.3299999706122697,60.00000001990626,8.048561817020072e-12,2.9387730304808457e-08,-1.9906264807062972e-08,4.024280908510036e-12,1.4693865152404229e-08,-3.4742986265712262e-12,-0.011339067741179674,0.2012593939314006,10.674428343719754
273,0.4502662977719325,0.008961093179546409,0.450355459720669,0.329999999991586,0.3299999692780796,60.00000001992598,8.413991725575443e-12,3.0721920396548086e-08,-1.9925984246088046e-08,4.206995862787721e-12,1.5360960198274043e-08,-3.477740317947564e-12,-0.020265682518241873,0.2005572741257939,10.674428351224293
274,0.4494241160971512,0.02894829273523143,0.450355459367365,0.329999999991204,0.3299999678833174,60.000000019945865,8.796019468348959e-12,3.2116682591176726e-08,-1.9945869073956554e-08,4.3980097341744795e-12,1.6058341295588363e-08,-3.4812108751225423e-12,-0.029152309776780735,0.19945942173244774,10.674428359182544
275,0.44769514648278524,0.04887837251400697,0.45035545903637114,0.32999999999080465,0.3299999664252331,60.00000001996589,9.195366690306628e-12,3.3574766911126375e-08,-1.996589384623105e-08,4.597683345153314e-12,1.6787383455563187e-08,-3.4847058572040626e-12,-0.037981414733940844,0.19796800299300307,10.67442836856777
276,0.44508280046949494,0.06871200718077468,0.4503554587263033,0.32999999999038715,0.32999996490095207,60.00000001998607,9.612866058716918e-12,3.509904794585239e-08,-1.9986071285130253e-08,4.806433029358459e-12,1.7549523972926195e-08,-3.4882274846381733e-12,-0.04673557610777419,0.1960859607206319,10.67442837696427
277,0.44159223264542113,0.08841006170231917,0.4503554584358623,0.3299999999899508,0.32999996330746895,60.00000002000638,1.0049239218545836e-11,3.6692531069082435e-08,-2.0006388668435443e-08,5.024619609272918e-12,1.8346265534541217e-08,-3.4917735369788263e-12,-0.05539752049231775,0.1938170084933752,10.67442838695188
278,0.43723033047534154,0.10793366856720503,0.4503554581638282,0.32999999998949453,0.32999996164164197,60.000000020026896,1.0505485370515544e-11,3.835835804544274e-08,-2.002689688502152e-08,5.252742685257772e-12,1.917917902272137e-08,-3.4953528960102176e-12,-0.06395015644088613,0.19116562332663373,10.674428395923966
279,0.43200570071057465,0.12724430447780896,0.45035545790905646,0.3299999999890176,0.3299999599001867,60.00000002004753,1.0982437181894511e-11,4.009981330321821e-08,-2.0047532323794853e-08,5.4912185909472555e-12,2.0049906651609106e-08,-3.498954459502102e-12,-0.07237660819032588,0.18813703683927188,10.674428406355629
280,0.4259286524064454,0.14630386636316015,0.4503554576704717,0.32999999998851903,0.3299999580796698,60.000000020068306,1.1480982831102438e-11,4.19203302071125e-08,-2.0068307706974173e-08,5.740491415551219e-12,2.096016510355625e-08,-3.5025804479005276e-12,-0.0806602489596929,0.18473722493076328,10.674428416816832
281,0.4190111765808238,0.16507474656260387,0.45035545744706396,0.3299999999879978,0.32999995617650174,60.00000002008922,1.2002232541163949e-11,4.382349827469767e-08,-2.0089223034559477e-08,6.001116270581974e-12,2.1911749137348835e-08,-3.506230861205495e-12,-0.08878473375764347,0.18097289598974875,10.674428428759445
282,0.4112669225538726,0.1835199070319379,0.45035545723788467,0.32999999998745294,0.32999995418693034,60.00000002011031,1.2547074490498744e-11,4.58130696712189e-08,-2.0110316473206944e-08,6.273537245249372e-12,2.290653483560945e-08,-3.509912360755152e-12,-0.09673403163380825,0.1768514776572719,10.674428441449708
283,0.40271117101568926,0.20160295242560125,0.4503554570420425,0.32999999998688334,0.32999995210703287,60.000000020131544,1.311667441328268e-11,4.789296714768909e-08,-2.0131549856260395e-08,6.55833720664134e-12,2.3946483573844546e-08,-3.5136182852113507e-12,-0.10449245731051122,0.17238110217081107,10.674428452778734
284,0.39336080387498623,0.2192882019107114,0.45035545685869993,0.3299999999862879,0.32999994993270854,60.0000000201529,1.3712142532540383e-11,5.006729147938316e-08,-2.0152910461501103e-08,6.856071266270192e-12,2.503364573969158e-08,-3.517346414128042e-12,-0.11204470213241782,0.1675705903180262,10.674428465950205
285,0.3832342709483003,0.23654075957124987,0.4503554566870697,0.32999999998566537,0.32999994765967045,60.000000020174404,1.4334644582447709e-11,5.234032957046608e-08,-2.01744110111478e-08,7.167322291223854e-12,2.617016478523304e-08,-3.521098967951275e-12,-0.11937586427304515,0.162429434031883,10.674428479110805
286,0.37235155355546173,0.2533265832634764,0.45035545652641196,0.32999999998501456,0.32999994528343707,60.00000002019606,1.4985457319482975e-11,5.4716562947199066e-08,-2.01960642274192e-08,7.492728659741488e-12,2.7358281473599533e-08,-3.5248781671270993e-12,-0.12647147813853057,0.15696777766149633,10.674428492732636
287,0.3607341250931528,0.269612551786709,0.4503554563760311,0.32999999998433416,0.3299999427993233,60.000000020217854,1.5665857500124503e-11,5.7200676695234876e-08,-2.021785738809659e-08,7.832928750062251e-12,2.8600338347617438e-08,-3.528681791209465e-12,-0.13331754291064107,0.15119639795564915,10.674428507326667
288,0.34840490866435264,0.28536653023693065,0.45035545623527307,0.32999999998362295,0.32999994020243156,60.00000002023976,1.6377066369699378e-11,5.979756845242434e-08,-2.023976504874251e-08,8.188533184849689e-12,2.989878422621217e-08,-3.5325053993062738e-12,-0.13990055017270323,0.1451266827984828,10.674428523027968
289,0.33538823184727135,0.30055743341426944,0.4503554561035228,0.3299999999828793,0.32999993748764167,60.00000002026184,1.7120693751593308e-11,6.251235834531244e-08,-2.0261838098231868e-08,8.560346875796654e-12,3.125617917265622e-08,-3.536357873201723e-12,-0.14620751056394224,0.13877060873931646,10.674428538427678
290,0.32170977869302225,0.31515528715923863,0.4503554559802018,0.32999999998210205,0.32999993464960115,60.000000020283984,1.789796089113338e-11,6.535039887012317e-08,-2.0283987481033578e-08,8.94898044556669e-12,3.2675199435061586e-08,-3.540223669773468e-12,-0.1522259794096389,0.1321407173609333,10.674428556091364
291,0.3073965390467488,0.3291312874967096,0.4503554558647659,0.3299999999812895,0.32999993168271463,60.00000002030629,1.8710533122856532e-11,6.831728538436721e-08,-2.030628953046e-08,9.355266561428266e-12,3.4158642692183605e-08,-3.544116111697804e-12,-0.1579440812765293,0.12525009053296243,10.674428574233414
292,0.29247675529220424,0.34245785747091845,0.45035545575670316,0.32999999998044,0.32999992858113236,60.0000000203287,1.956002027014847e-11,7.14188676531613e-08,-2.0328706079854956e-08,9.780010135074235e-12,3.570943382658065e-08,-3.5480285376365827e-12,-0.16335053340499767,0.11811232459918636,10.674428591903245
293,0.27697986662486485,0.3551087015593591,0.45035545565553203,0.329999999979552,0.32999992533873923,60.00000002035122,2.0448032156394902e-11,7.466126078492508e-08,-2.0351224406999718e-08,1.0224016078197451e-11,3.733063039246254e-08,-3.551958727143756e-12,-0.168434667971826,0.11074150354970551,10.674428610501607
294,0.2609364509635367,0.3670588575581976,0.45035545556079964,0.3299999999786236,0.3299999219491427,60.000000020373854,2.1376400649586458e-11,7.805085733281203e-08,-2.0373857234113013e-08,1.0688200324793229e-11,3.9025428666406015e-08,-3.5559089006653724e-12,-0.1731864531395717,0.1031521712308976,10.674428630732521
295,0.2443781646150722,0.37828474583682753,0.4503554554720799,0.32999999997765317,0.3299999184056596,60.0000000203966,2.2346846595411307e-11,8.159434039534119e-08,-2.0396604561194837e-08,1.1173423297705654e-11,4.0797170197670596e-08,-3.5598790582014318e-12,-0.17759651285104067,0.09535930264800355,10.674428652766748
296,0.2273376798112495,0.3887642158643801,0.45035545538897215,0.3299999999766386,0.3299999147013037,60.00000002041942,2.3361423906465006e-11,8.529869632845077e-08,-2.041942822158902e-08,1.1680711953232503e-11,4.264934816422539e-08,-3.563862538413787e-12,-0.18165614532979754,0.08737827441696681,10.674428673611704
297,0.20984862024106365,0.3984765899163842,0.45035545531110016,0.32999999997557794,0.3299999108287714,60.00000002044235,2.442207547304065e-11,8.917122862328597e-08,-2.044235365973301e-08,1.2211037736520325e-11,4.4585614311642985e-08,-3.5678637821945357e-12,-0.1853573402502084,0.07922483442382884,10.674428697332877
298,0.19194549470563568,0.40740270387533556,0.45035545523811027,0.32999999997446927,0.32999990678042757,60.00000002046538,2.553074418543133e-11,9.321957245012058e-08,-2.0465380875626805e-08,1.2765372092715666e-11,4.660978622506029e-08,-3.571882789543679e-12,-0.1886927945431367,0.07091507075154689,10.674428721360554
299,0.17366362902664909,0.41552494504466986,0.45035545516967096,0.32999999997331014,0.32999990254829054,60.00000002048848,2.6689872534291226e-11,9.745170947983439e-08,-2.0488484424832958e-08,1.3344936267145613e-11,4.8725854739917196e-08,-3.5759151195691174e-12,-0.19165592680610571,0.06246537993554834,10.674428746326765
300,0.15503909634266977,0.4228272869015251,0.45035545510547137,0.32999999997209845,0.32999989812401603,60.00000002051167,2.790156994336712e-11,1.0187598398214703e-07,-2.051167702957019e-08,1.395078497168356e-11,5.093799199107352e-08,-3.579962992716901e-12,-0.19424089028949346,0.05389243461065578,10.674428770960418
301,0.13610864593088626,0.42929532071972193,0.4503554550452212,0.32999999997083174,0.3299998934988812,60.00000002053494,2.9168278903313194e-11,1.0650111881282953e-07,-2.0534945967619774e-08,1.4584139451656597e-11,5.3250559406414766e-08,-3.5840241885409796e-12,-0.19644258443313606,0.04521315061322402,10.674428800239394
302,0.11690963069471653,0.43491628400056276,0.4503554549886491,0.3299999999695075,0.32999988866376717,60.00000002055825,3.049249741593485e-11,1.113362328442058e-07,-2.055825307232554e-08,1.5246248707967425e-11,5.56681164221029e-08,-3.588092045703206e-12,-0.1982566649305764,0.03644465360339935,10.674428827646326
303,0.09747993346036077,0.43967908565535296,0.45035545493550266,0.3299999999681232,0.3299998836091409,60.000000020581645,3.187683450533996e-11,1.1639085911729907e-07,-2.0581649232562384e-08,1.593841725266998e-11,5.8195429558649536e-08,-3.5921754459877778e-12,-0.199679552301099,0.027604245273361545,10.674428858042422
304,0.07785789222772858,0.4435743278899535,0.4503554548855477,0.32999999996667595,0.32999987832503647,60.00000002060511,3.332406572909008e-11,1.216749635490899e-07,-2.060510900389286e-08,1.666203286454504e-11,6.083748177454495e-08,-3.596269948502595e-12,-0.2007084389526377,0.01870936920822581,10.674428889725615
305,0.05808222452323345,0.4465943247481831,0.4503554548385674,0.32999999996516305,0.329999872801036,60.000000020628605,3.483696664474678e-11,1.2719896402835218e-07,-2.0628606941879514e-08,1.741848332237339e-11,6.359948201417609e-08,-3.6003711123555606e-12,-0.2013412947216192,0.009777576466965227,10.674428921574966
306,0.03819195100371849,0.44873311727748194,0.4503554547943622,0.3299999999635815,0.3299998670262482,60.00000002065215,3.641853485447655e-11,1.3297375184295745e-07,-2.0652155768741068e-08,1.8209267427238274e-11,6.648687592147873e-08,-3.604481157992723e-12,-0.2015768708788114,0.0008264909512702562,10.674428955833159
307,0.018226318462255812,0.44998648528691126,0.4503554547527488,0.3299999999619281,0.3299998609892874,60.00000002067575,3.807193449389956e-11,1.3901071260757902e-07,-2.0675755484477528e-08,1.903596724694978e-11,6.950535630378951e-08,-3.608600085414082e-12,-0.2014147025932725,-0.00812622536932335,10.674428991420228
308,-0.001775277612258237,0.4503519556742886,0.45035545471355953,0.3299999999601997,0.3299998546782512,60.00000002069936,3.9800329698636006e-11,1.4532174880121929e-07,-2.0699367922432713e-08,1.9900164849318003e-11,7.266087440060964e-08,-3.6127212332814906e-12,-0.2008551098495385,-0.017062907307420917,10.674429028677002
309,-0.021773370768909273,0.4498288073060288,0.45035545467664184,0.32999999995839274,0.32999984808069666,60.00000002072303,4.160727318236468e-11,1.5191930335944903e-07,-2.07230312492628e-08,2.080363659118234e-11,7.595965167972452e-08,-3.6168512629330963e-12,-0.1998991968162399,-0.025965921314104433,10.674429067585526
310,-0.04172850146859076,0.4484180724400608,0.4503554546418571,0.32999999995650375,0.3299998411836158,60.000000020746704,4.349626214761315e-11,1.5881638421033628e-07,-2.0746707298311617e-08,2.1748131073806576e-11,7.940819210516814e-08,-3.6209835130307513e-12,-0.19854884966739308,-0.03481770027283922,10.674429108263968
311,-0.06160129494419168,0.4461225346890129,0.45035545460907966,0.32999999995452906,0.32999983397341054,60.00000002077041,4.5470960330362686e-11,1.6602658947650895e-07,-2.0770408791797883e-08,2.2735480165181343e-11,8.301329473825447e-08,-3.6251202040205044e-12,-0.196806732860665,-0.04360077816229933,10.67442915186736
312,-0.0813525388935149,0.44294672352768644,0.450355454578196,0.3299999999524647,0.3299998264358651,60.000000020794104,4.75353090223507e-11,1.7356413489766354e-07,-2.0794110285284147e-08,2.376765451117535e-11,8.678206744883177e-08,-3.629256895010258e-12,-0.1946762838799559,-0.05229782451971331,10.674429196135337
313,-0.10094326085162518,0.4388969053556541,0.4503554545491031,0.3299999999503066,0.3299998185561183,60.00000002081782,4.969341604876831e-11,1.8144388169716308e-07,-2.081782450098914e-08,2.4846708024384156e-11,9.072194084858154e-08,-3.6333958064460604e-12,-0.1921617064526731,-0.060891678636730395,10.674429242121576
314,-0.12033480508995859,0.4339810711326195,0.4503554545217079,0.32999999994805057,0.32999981031863446,60.00000002084152,5.194944474595786e-11,1.8968136555885806e-07,-2.0841525994475406e-08,2.597472237297893e-11,9.484068277942903e-08,-3.6375324974358136e-12,-0.18926796225508025,-0.06936538342033191,10.674429290367467
315,-0.1394889088904583,0.42820892061093363,0.4503554544959253,0.32999999994569207,0.32999980170717247,60.00000002086524,5.4307947028320314e-11,1.9829282754679767e-07,-2.08652402101804e-08,2.7153973514160157e-11,9.914641377339883e-08,-3.6416714088716164e-12,-0.18600076112208805,-0.07770221885197573,10.674429341847421
316,-0.15836777804423594,0.4215918431963823,0.45035545447167774,0.3299999999432265,0.3299997927047538,60.000000020888926,5.677353032140786e-11,2.0729524619067519e-07,-2.088892898144794e-08,2.838676516070393e-11,1.0364762309533759e-07,-3.64580587941532e-12,-0.18236654978080502,-0.08588573497895256,10.674429394860447
317,-0.1769341614257862,0.41414289547500793,0.45035545444889363,0.329999999940649,0.3299997832936294,60.00000002091259,5.935102409537762e-11,2.167063706259853e-07,-2.0912592308278027e-08,2.967551204768881e-11,1.0835318531299265e-07,-3.6499359090669256e-12,-0.17837249913007922,-0.09389978437285698,10.674429451201435
318,-0.19515142449560874,0.405876775450309,0.45035545442750646,0.3299999999379545,0.32999977345524406,60.00000002093625,6.204553537614288e-11,2.2654475595462742e-07,-2.0936255635108118e-08,3.102276768807144e-11,1.1327237797731371e-07,-3.654065938718532e-12,-0.17402649009112903,-0.10172855399112894,10.67442950934283
319,-0.21298362158620343,0.3968097935416526,0.4503554544074536,0.3299999999351376,0.3299997631702004,60.00000002095987,6.486239323422183e-11,2.3682979960470973e-07,-2.09598680730633e-08,3.2431196617110913e-11,1.1841489980235487e-07,-3.6581870865859405e-12,-0.169337098057184,-0.10935659637879527,10.674429569969547
320,-0.23039556682880755,0.3869598404011241,0.45035545438867614,0.32999999993219287,0.3299997524182202,60.00000002098345,6.780714878473759e-11,2.47581779799777e-07,-2.0983455066581034e-08,3.3903574392368796e-11,1.237908898998885e-07,-3.66230379356125e-12,-0.16431357597281745,-0.1167688601488482,10.674429633243173
321,-0.24735290358092435,0.37634635161231705,0.4503554543711176,0.32999999992911444,0.32999974117810504,60.000000021007,7.088557518741823e-11,2.5882189497172803e-07,-2.1007003893442592e-08,3.544278759370911e-11,1.2941094748586401e-07,-3.666413839198413e-12,-0.1589658360763593,-0.12395071968111482,10.674429699459461
322,-0.26382217221765153,0.3649902693407175,0.45035545435472374,0.3299999999258963,0.32999972942769357,60.00000002103051,7.410372315774794e-11,2.7057230644889074e-07,-2.103051455364797e-08,3.705186157887397e-11,1.3528615322444537e-07,-3.670517223497427e-12,-0.15330443034141328,-0.13088800398101985,10.674429769050771
323,-0.27977087615304574,0.3529140010113549,0.45035545433944224,0.329999999922532,0.32999971714381865,60.00000002105396,7.746803198926955e-11,2.828561813661423e-07,-2.1053961602759718e-08,3.8734015994634774e-11,1.4142809068307116e-07,-3.674609505566196e-12,-0.1473405296560707,-0.13756702464129716,10.674429841970337
324,-0.29516754596125155,0.3401413750952524,0.45035545432522156,0.32999999991901496,0.3299997043022613,60.000000021077355,8.098505199782835e-11,2.956977387391646e-07,-2.1077357762996564e-08,4.0492525998914175e-11,1.478488693695823e-07,-3.678692905850767e-12,-0.14108590178090502,-0.143974602851476,10.67442991781701
325,-0.3099818014708755,0.3266975940919206,0.45035545431201185,0.32999999991533824,0.32999969087770287,60.000000021100696,8.466177758847948e-11,3.09122297148523e-07,-2.1100703034358505e-08,4.233088879423974e-11,1.545611485742615e-07,-3.682767424351141e-12,-0.1345528881292368,-0.15009809540185048,10.674429997589206
326,-0.32418441171007945,0.3126091848006652,0.4503554542997639,0.32999999991149465,0.32999967684367554,60.00000002112397,8.850536969973177e-11,3.231563244776581e-07,-2.1123971972408092e-08,4.4252684849865886e-11,1.6157816223882904e-07,-3.68682862017522e-12,-0.1277543794154886,-0.15592541963061912,10.674430080482018
327,-0.33774735258411487,0.29790394597883235,0.4503554542884292,0.3299999999074765,0.32999966217250964,60.00000002114717,9.252348887045514e-11,3.378274903709233e-07,-2.114717729936405e-08,4.626174443522757e-11,1.6891374518546165e-07,-3.690878713769053e-12,-0.12070379021967687,-0.1614450772649719,10.674430166582551
328,-0.35064386217148896,0.28261089349027196,0.4503554542779603,0.329999999903276,0.3299996468352793,60.0000000211703,9.672401768412442e-11,3.531647206900246e-07,-2.1170306293007654e-08,4.836200884206221e-11,1.765823603450123e-07,-3.69491548468659e-12,-0.11341503251823132,-0.16664617710908072,10.674430257062498
329,-0.3628484935296539,0.2667602030522477,0.4503554542683098,0.3299999998988848,0.3299996308017456,60.00000002119335,1.0111522730227307e-10,3.691982544129502e-07,-2.1193358953338902e-08,5.0557613651136535e-11,1.845991272064751e-07,-3.698938932927831e-12,-0.1059024882333688,-0.17151845653422726,10.674430352094648
330,-0.37433716490602703,0.2503831506937655,0.4503554542594315,0.3299999998942942,0.32999961404029654,60.000000021216316,1.057058329756444e-10,3.8595970347499176e-07,-2.121632255813907e-08,5.28529164878222e-11,1.9297985173749588e-07,-3.702946838046728e-12,-0.09818098085518666,-0.17605230172866357,10.674430451276558
331,-0.385087207255264,0.233512051042805,0.45035545425127943,0.32999999988949513,0.32999959651788524,60.00000002123923,1.105048830218891e-10,4.034821147747003e-07,-2.123923527406433e-08,5.525244151094455e-11,2.0174105738735015e-07,-3.706945861381427e-12,-0.09026574619246788,-0.18023876666725175,10.674430555643392
332,-0.39507740896902915,0.21618019356422377,0.45035545424380813,0.32999999988447826,0.3299995781999642,60.00000002126202,1.1552175882556526e-10,4.218000357880669e-07,-2.1262020767802334e-08,5.776087941278263e-11,2.1090001789403345e-07,-3.7109226802556354e-12,-0.0821724023099175,-0.18406959076344667,10.6744306638629
333,-0.4042880577300003,0.19842177687414728,0.45035545423697265,0.3299999998792336,0.3299995590504177,60.00000002128475,1.2076639688274327e-10,4.409495822921272e-07,-2.1284755372665436e-08,6.038319844137163e-11,2.204747911460636e-07,-3.7148906173456455e-12,-0.07391691871114053,-0.18753721516879862,10.674430776255495
334,-0.41270097940752676,0.18027184126045379,0.4503554542307288,0.32999999987375084,0.3299995390314903,60.00000002130734,1.2624917777870337e-10,4.609685096967908e-07,-2.1307350033122554e-08,6.312458888935168e-11,2.304842548483954e-07,-3.718834129529114e-12,-0.06551558482817565,-0.19063479768780914,10.674430894171795
335,-0.4202995739181891,0.16176619954250113,0.4503554542250328,0.3299999998680192,0.3299995181037126,60.000000021329875,1.319808151656332e-10,4.818962874297839e-07,-2.1329881082486042e-08,6.59904075828166e-11,2.4094814371489193e-07,-3.722766539482336e-12,-0.05698497787975614,-0.19335622627871277,10.674431018262487
336,-0.4270688479805054,0.14294136640652208,0.45035545421984136,0.3299999998620274,0.329999496225823,60.00000002135228,1.3797263331838394e-10,5.037741770408388e-07,-2.135228490966227e-08,6.898631665919197e-11,2.518870885204194e-07,-3.726676744975066e-12,-0.04834193016172113,-0.1956961311135444,10.67443114796316
337,-0.432995444699151,0.12383448635611989,0.45035545421511175,0.3299999998557635,0.3299994733546868,60.000000021374596,1.4423651162331907e-10,5.266453131924642e-07,-2.1374599681307416e-08,7.211825581165954e-11,2.633226565962321e-07,-3.730571407345451e-12,-0.03960349583411604,-0.19764989517369705,10.67443128328651
338,-0.43806766992031915,0.10448326042003053,0.4503554542108018,0.32999999984921524,0.3299994494452113,60.00000002139682,1.5078477355601194e-10,5.505547887030282e-07,-2.1396825397421486e-08,7.539238677800597e-11,2.752773943515141e-07,-3.7344505265934916e-12,-0.030786917270520447,-0.19921366336006174,10.674431424103584
339,-0.4422755153062173,0.08492587176176873,0.4503554542068703,0.32999999984236966,0.3299994244502561,60.00000002141894,1.5763035321469943e-10,5.755497439197121e-07,-2.1418949335785746e-08,7.881517660734971e-11,2.8777487195985607e-07,-3.738311882273138e-12,-0.021909591035998013,-0.200384350099775,10.67443157201647
340,-0.4456106780831703,0.06520091033794251,0.4503554542032762,0.32999999983521333,0.3299993983205409,60.000000021440925,1.647866842979795e-10,6.016794590890662e-07,-2.1440933329744022e-08,8.239334214898975e-11,3.008397295445331e-07,-3.742148813046242e-12,-0.012989033560801555,-0.2011596454345638,10.674431725972019
341,-0.4480665774243644,0.04534729675389785,0.4503554541999797,0.3299999998277321,0.32999937100454824,60.00000002146284,1.722679221494161e-10,6.289954517790797e-07,-2.1462840990389942e-08,8.613396107470805e-11,3.1449772588953984e-07,-3.745972421143051e-12,-0.004042846577565321,-0.20153801957867498,10.674431888518821
342,-0.44963836743490554,0.025404205466938678,0.45035545419694156,0.32999999981991124,0.32999934244842155,60.0000000214846,1.8008877722408556e-10,6.57551578464588e-07,-2.148460870662988e-08,9.004438861204278e-11,3.28775789232294e-07,-3.749771604333319e-12,0.004911317609820099,-0.20151872593739575,10.674432056996233
343,-0.4503229467135706,0.005410987488654956,0.450355454194124,0.3299999998117353,0.32999931259585924,60.00000002150628,1.8826473713318137e-10,6.87404140775616e-07,-2.1506287367338734e-08,9.413236856659069e-11,3.43702070387808e-07,-3.7535552444012415e-12,0.013855790957116825,-0.20110180258020874,10.674432233334125
344,-0.4501189644723845,-0.014592907261119928,0.45035545419149015,0.32999999980318817,0.3299992813880037,60.000000021527825,1.9681184459940937e-10,7.186119962976356e-07,-2.1527826083641605e-08,9.840592229970468e-11,3.593059981488178e-07,-3.7573144595626215e-12,0.022772924541707287,-0.20028807216567554,10.67443241771356
345,-0.4490268232019486,-0.034568007795514215,0.45035545418900474,0.329999999794253,0.3299992487633253,60.00000002154928,2.057470305238951e-10,7.512366747008947e-07,-2.154928846663212e-08,1.0287351526194755e-10,3.7561833735044736e-07,-3.761060352047707e-12,0.03164512338683299,-0.19907914031819632,10.674432610728267
346,-0.44704867787726094,-0.05447489994339159,0.45035545418663414,0.3299999997849122,0.32999921465750076,60.00000002157061,2.1508783643042761e-10,7.853424992543268e-07,-2.1570610905216653e-08,1.0754391821521381e-10,3.926712496271634e-07,-3.7647818196262505e-12,0.04045488117938743,-0.19747739245984883,10.674432812009229
347,-0.4441884317055958,-0.07427430412001836,0.4503554541843473,0.32999999977514727,0.32999917900328657,60.00000002159184,2.2485274753236695e-10,8.209967134464868e-07,-2.1591844288270103e-08,1.1242637376618347e-10,4.104983567232434e-07,-3.76848774408245e-12,0.04918481481276296,-0.19548598910355777,10.674433022993542
348,-0.4404517284248313,-0.09392715283216936,0.450355454182115,0.32999999976493904,0.3299991417303868,60.00000002161295,2.350609706880391e-10,8.58269613213114e-07,-2.1612950449136296e-08,1.1753048534401955e-10,4.29134806606557e-07,-3.772171464078155e-12,0.05781769868658976,-0.1931088596168825,10.674433243677747
349,-0.4358459411674241,-0.11339466776474257,0.45035545417991113,0.32999999975426736,0.3299991027653136,60.00000002163394,2.4573265644534104e-10,8.972346864366543e-07,-2.1633942110033952e-08,1.2286632822267052e-10,4.4861734321832714e-07,-3.775835200059418e-12,0.06633649869569094,-0.19035069446872666,10.674433474879152
350,-0.43038015791200207,-0.13263843629677755,0.450355454177713,0.32999999974311117,0.329999062031243,60.00000002165484,2.568888435305894e-10,9.37968756997698e-07,-2.165484471540053e-08,1.284444217652947e-10,4.68984378498849e-07,-3.779483392918337e-12,0.07472440584118378,-0.18721693597427008,10.674433715241058
351,-0.4240651635512826,-0.15162048729589903,0.45035545417550116,0.3299999997314485,0.32999901944786336,60.0000000216756,2.6855151435967173e-10,9.805521366534897e-07,-2.1675607376361126e-08,1.3427575717983586e-10,4.902760683267449e-07,-3.783107160870713e-12,0.08296486939741295,-0.18371376755638272,10.674433967089222
352,-0.41691341861169917,-0.17030336604163077,0.45035545417326034,0.3299999997192564,0.3299989749312168,60.00000002169627,2.807435950380466e-10,1.025068783189198e-06,-2.169628098179064e-08,1.403717975190233e-10,5.12534391594599e-07,-3.786715385700745e-12,0.09104162956926515,-0.1798481015447113,10.674434230605323
353,-0.4089390346667259,-0.18865020812974362,0.4503554541709795,0.32999999970651084,0.3299989283935339,60.000000021716836,2.934891774053483e-10,1.071606466118702e-06,-2.1716840087251617e-08,1.4674458870267415e-10,5.35803233059351e-07,-3.790303626516334e-12,0.09893874957543207,-0.1756275655365113,10.674434505939363
354,-0.40015774649241304,-0.20662481221181184,0.45035545416865197,0.3299999996931865,0.32999887974306025,60.00000002173731,3.068135190353871e-10,1.1202569397683604e-06,-2.1737310137181516e-08,1.5340675951769356e-10,5.601284698841802e-07,-3.793876324209577e-12,0.10664064709431387,-0.17106048734613744,10.67443479284731
355,-0.39058688102007627,-0.2241917114264513,0.4503554541662757,0.3299999996792573,0.32999882888387627,60.000000021757685,3.207427101692417e-10,1.171116123743765e-06,-2.1757691131580334e-08,1.6037135508462086e-10,5.855580618718825e-07,-3.797433478780476e-12,0.11413212501051383,-0.16615587857289005,10.674435093728077
356,-0.3802453231474004,-0.24131624338129296,0.4503554541638531,0.32999999966469573,0.3299987757157073,60.00000002177794,3.353042843379228e-10,1.2242842927223663e-06,-2.1777944903791894e-08,1.676521421689614e-10,6.121421463611831e-07,-3.800968428890883e-12,0.12139840140125881,-0.16092341681963998,10.674435408098542
357,-0.3691534784754175,-0.25796461854760633,0.45035545416139083,0.3299999996494731,0.32999872013372644,60.000000021798115,3.5052694080661695e-10,1.279866273573571e-06,-2.17981223426911e-08,1.7526347040330847e-10,6.399331367867855e-07,-3.804490056324994e-12,0.12842513870357447,-0.15537342659731812,10.674435736503792
358,-0.3573332330448868,-0.27410398693261856,0.4503554541588993,0.32999999963355936,0.3299986620283478,60.00000002181821,3.66440655596989e-10,1.3379716521932927e-06,-2.1818210726059223e-08,1.832203277984945e-10,6.689858260966464e-07,-3.80799614063676e-12,0.13519847200466545,-0.14951685895294853,10.674436080456903
359,-0.34480791015152207,-0.28970250289797417,0.45035545415639283,0.32999999961692306,0.3299986012850099,60.00000002183819,3.8307695904293837e-10,1.3987149901084628e-06,-2.1838197331677542e-08,1.9153847952146918e-10,6.993574950542314e-07,-3.811484461380133e-12,0.14170503639967813,-0.1433652698614218,10.674436440258322
360,-0.3316022243252779,-0.30472938799643656,0.450355454153888,0.3299999995995315,0.32999853778395066,60.000000021858106,4.00468491701389e-10,1.4622160493527048e-06,-2.18581076039835e-08,2.002342458506945e-10,7.311080246763524e-07,-3.814959459447209e-12,0.14793199336286295,-0.13693079742364705,10.674436815291973
361,-0.3177422325645009,-0.3191549917028464,0.450355454151404,0.32999999958135046,0.3299984713999706,60.00000002187794,4.186495594638018e-10,1.5286000293879276e-06,-2.1877941542977107e-08,2.093247797319009e-10,7.643000146939638e-07,-3.81842113483799e-12,0.1538670560801053,-0.13022613791607215,10.674437206796684
362,-0.3032552829211686,-0.3329508499195019,0.4503554541489608,0.32999999956234394,0.3299984020021865,60.00000002189767,4.376560780450234e-10,1.597997813518326e-06,-2.189767370422091e-08,2.188280390225117e-10,7.98998906759163e-07,-3.821865046660378e-12,0.1594985136928358,-0.12326452073883402,10.674437616999347
363,-0.2881699605386681,-0.34608974114052327,0.45035545414657957,0.3299999995424746,0.3299983294537729,60.00000002191734,4.575254064498324e-10,1.6705462271282556e-06,-2.1917342254371078e-08,2.287627032249162e-10,8.352731135641278e-07,-3.825297856252519e-12,0.16481525440548603,-0.11605968231196613,10.674438047304244
364,-0.27251603124858764,-0.35854574016437674,0.4503554541442814,0.3299999995217031,0.3299982536116923,60.000000021936955,4.782969020844519e-10,1.7463883076884734e-06,-2.1936959915646345e-08,2.3914845104222593e-10,8.731941538442367e-07,-3.828721784060462e-12,0.16980678741089322,-0.10862583897117477,10.674438494705967
365,-0.256324382837816,-0.37029426924857695,0.4503554541420864,0.3299999994999886,0.32999817432641393,60.000000021956495,5.000114211561879e-10,1.8256735860866513e-06,-2.195650124360926e-08,2.5000571057809395e-10,9.128367930433257e-07,-3.832132389192111e-12,0.17446326359039324,-0.10097765891666086,10.67443896342849
366,-0.2396269641018396,-0.3813121466056302,0.45035545414001366,0.3299999994772883,0.32999809144161785,60.000000021975964,5.227117072514886e-10,1.9085583821687457e-06,-2.1975966238259813e-08,2.613558536257443e-10,9.542791910843729e-07,-3.835529671647464e-12,0.17877549494775533,-0.09313023327034099,10.674439453376243
367,-0.22245672180449405,-0.3915776321445272,0.4503554541380805,0.3299999994535574,0.3299980047938876,60.00000002199539,5.464426133805489e-10,1.995206112437309e-06,-2.199539306625419e-08,2.7322130669027445e-10,9.976030562186544e-07,-3.838920292764669e-12,0.1827349727386141,-0.08509904629857286,10.674439965741751
368,-0.2048475356685597,-0.4010704703675317,0.4503554541363021,0.32999999942874914,0.32999791421238733,60.00000002201474,5.712508799327054e-10,2.0857876126822994e-06,-2.2014743560936217e-08,2.856254399663527e-10,1.0428938063411497e-06,-3.8422975912055794e-12,0.18633388425962535,-0.07689994485914303,10.674440501811935
369,-0.18683415152547522,-0.4097719303376208,0.45035545413469147,0.32999999940281455,0.32999781951852586,60.00000002203408,5.971854677433441e-10,2.1804814741566148e-06,-2.2034081333399517e-08,2.9859273387167207e-10,1.0902407370783074e-06,-3.845672669200439e-12,0.1895651282642198,-0.06854910713280005,10.674441060349436
370,-0.1684521127560763,-0.41766484263771625,0.45035545413325917,0.3299999993757026,0.32999772052560356,60.00000002205335,6.242973915604466e-10,2.279474396460479e-06,-2.2053355494769183e-08,3.121486957802233e-10,1.1397371982302396e-06,-3.849036644965054e-12,0.19242232897453262,-0.060063010701036375,10.674441646668736
371,-0.14973769015763713,-0.42473363324877744,0.45035545413201283,0.32999999934735974,0.3299976170384449,60.000000022072584,6.526402751561022e-10,2.382961555136287e-06,-2.2072591489482675e-08,3.263201375780511e-10,1.1914807775681435e-06,-3.85239395939152e-12,0.19489984866186702,-0.051458400033098234,10.674442258555368
372,-0.13072781037559988,-0.43096435427991314,0.45035545413095784,0.32999999931773016,0.32999750885301343,60.0000000220918,6.822698517261472e-10,2.491146986582926e-06,-2.2091802039758714e-08,3.411349258630736e-10,1.245573493291463e-06,-3.8557468329258885e-12,0.19699279877086304,-0.04275225344638571,10.674442897631101
373,-0.11145998304120712,-0.43634471148987214,0.45035545413009703,0.32999999928675544,0.32999739575600956,60.000000022110996,7.13244574512828e-10,2.604243990456112e-06,-2.211099986781603e-08,3.56622287256414e-10,1.302121995228056e-06,-3.859097486014207e-12,0.19869704956542428,-0.033961749605430296,10.674443566670094
374,-0.09197222675880708,-0.4408640885456107,0.4503554541294304,0.32999999925437445,0.3299972775244499,60.00000002213015,7.456255612936502e-10,2.7224755501098485e-06,-2.2130159529217164e-08,3.728127806468251e-10,1.3612377750549243e-06,-3.862441477764378e-12,0.20000923827736963,-0.025104233625553533,10.674444265340375
375,-0.07230299408887113,-0.44451356797007097,0.45035545412895606,0.3299999992205233,0.329997153925228,60.00000002214933,7.794767054036811e-10,2.8460747720226998e-06,-2.2149331912837026e-08,3.8973835270184054e-10,1.4230373860113499e-06,-3.865787689960598e-12,0.20092677574173032,-0.016197182848091695,10.674444995853902
376,-0.052491095674743936,-0.4472859487378349,0.45035545412866956,0.3299999991851354,0.3299970247146541,60.000000022168464,8.148646202243981e-10,2.9752853459297235e-06,-2.2168466129800712e-08,4.0743231011219905e-10,1.4876426729648617e-06,-3.8691272408186705e-12,0.20144785150559985,-0.007258172354716777,10.674445759702644
377,-0.03257562366283714,-0.44917576048393654,0.4503554541285644,0.32999999914814093,0.3299968896379752,60.00000002218762,8.518590832728989e-10,3.1103620248273955e-06,-2.218762579120185e-08,4.2592954163644947e-10,1.5551810124136978e-06,-3.872471232568842e-12,0.20157143740045744,0.0016951597111021129,10.674446558256347
378,-0.01259587456737094,-0.4501792742977953,0.4503554541286322,0.32999999910946687,0.32999674842887255,60.000000022206756,8.90533147224204e-10,3.2515711274605508e-06,-2.220676000816553e-08,4.45266573612102e-10,1.6257855637302754e-06,-3.875810783426914e-12,0.20129728957091408,0.010645146947066132,10.674447394252741
379,0.007408728268135826,-0.4502945100809727,0.45035545412886285,0.329999999069037,0.32999660080893684,60.00000002222591,9.309630288889537e-10,3.399191063180318e-06,-2.2225919669566668e-08,4.6548151444447683e-10,1.699595531590159e-06,-3.879154775177085e-12,0.20062594895588026,0.01957412955077571,10.67444826661277
380,0.027398712459630686,-0.44952124045423286,0.4503554541292442,0.3299999990267717,0.32999644648711884,60.0000000222451,9.732283312580137e-10,3.55351288117145e-06,-2.2245104775405256e-08,4.866141656290068e-10,1.776756440585725e-06,-3.882503207819355e-12,0.19955874022120426,0.028464489165435553,10.674449179669455
381,0.04733463446805769,-0.44786099120620043,0.4503554541297629,0.32999999898258753,0.3299962851591561,60.000000022264295,1.0174124875916846e-09,3.7148408439380276e-06,-2.2264302603462572e-08,5.087062437958423e-10,1.8574204219690138e-06,-3.8858538609076735e-12,0.19809776914588814,0.03729868364378233,10.674450132391872
382,0.06717715742797169,-0.44531703828272723,0.450355454130404,0.3299999989363974,0.32999611650697247,60.00000002228351,1.0636025948862482e-09,3.883493027545537e-06,-2.228351315373861e-08,5.318012974431241e-10,1.9417465137727685e-06,-3.889206734442041e-12,0.19624591846703873,0.046059281661635476,10.674451130174957
383,0.0868871287656679,-0.4418944013229111,0.4503554541311516,0.3299999988881103,0.3299959401980515,60.00000002230276,1.1118896914297238e-09,4.0598019485083015e-06,-2.230276187067083e-08,5.559448457148619e-10,2.0299009742541507e-06,-3.892566269314557e-12,0.19400684219175132,0.05472899711277869,10.674452172603376
384,0.1064256574536736,-0.43759983375451883,0.450355454131988,0.329999998837631,0.32999575588478036,60.000000022322055,1.1623690343576243e-09,4.244115219653732e-06,-2.232206147647795e-08,5.811845171788121e-10,2.122057609826866e-06,-3.8959346859712695e-12,0.1913849583871511,0.06329072321730121,10.674453261603675
385,0.12575419074916594,-0.43244180946835914,0.4503554541328952,0.32999999878485997,0.3299955632037653,60.000000022341396,1.2151400441418048e-09,4.436796234741358e-06,-2.2341399248941246e-08,6.075700220709024e-10,2.218398117370679e-06,-3.89930976396613e-12,0.18838544046281774,0.07172756627609717,10.674454401599458
386,0.1448345902648981,-0.42643050609789723,0.4503554541338538,0.3299999987296931,0.329995361775114,60.00000002236078,1.2703069152131263e-09,4.638224885999964e-06,-2.2360787910279447e-08,6.351534576065632e-10,2.319112442999982e-06,-3.902693723745188e-12,0.1850142069627943,0.08002287900492505,10.674455591776628
387,0.1636292072225339,-0.41957778493710385,0.4503554541348439,0.32999999867202173,0.32999515120168765,60.000000022380235,1.3279782828945486e-09,4.848798312362401e-06,-2.238024018271128e-08,6.639891414472743e-10,2.4243991561812006e-06,-3.906088785754491e-12,0.18127790988732384,0.08816029338224565,10.674456837115116
388,0.18210095673990315,-0.4118971675361647,0.4503554541358452,0.3299999986117321,0.32999493106831723,60.00000002239974,1.3882678895349443e-09,5.06893168278344e-06,-2.2399743344018014e-08,6.941339447674721e-10,2.53446584139172e-06,-3.909492729547992e-12,0.17718392156735477,0.09612375294603205,10.67445813859727
389,0.20021339100559662,-0.4034038090212295,0.4503554541368368,0.3299999985487053,0.3299947009409853,60.00000002241934,1.4512946955314021e-09,5.2990590146961836e-06,-2.2419348283074555e-08,7.256473477657011e-10,2.6495295073480918e-06,-3.912914436909887e-12,0.1727403201177158,0.1038975444758192,10.674459499111233
390,0.21793077119651524,-0.3941144681908472,0.45035545413779793,0.3299999984828172,0.3299944603659704,60.000000022438975,1.5171828238180751e-09,5.539634029605445e-06,-2.2438978666568547e-08,7.585914119090376e-10,2.7698170148027224e-06,-3.91634058516388e-12,0.16795587349766242,0.11146632899748202,10.674460921753404
391,0.23521813799646893,-0.38404747444808907,0.4503554541387076,0.32999999841393773,0.32999420886895203,60.00000002245871,1.586062281511147e-09,5.791131047983011e-06,-2.2458710827812347e-08,7.930311407555735e-10,2.8955655239915057e-06,-3.919784496986267e-12,0.16284002221024677,0.11881517204956382,10.674462408760776
392,0.2520413805766791,-0.37322269163361144,0.4503554541395454,0.3299999983419312,0.32999394595407594,60.00000002247852,1.658068793375378e-09,6.054045924075435e-06,-2.2478519322368502e-08,8.29034396687689e-10,3.0270229620377176e-06,-3.92324173148495e-12,0.1574028606746474,0.1259295731514345,10.674463962987838
393,0.2683673039020757,-0.36166147883101923,0.45035545414029216,0.32999999826665555,0.32999367110297606,60.000000022498426,1.7333444679579202e-09,6.328897023955005e-06,-2.2498429594674464e-08,8.666722339789601e-10,3.1644485119775023e-06,-3.926716729552027e-12,0.15165511730821463,0.13279549441513333,10.67446558878388
394,0.28416369423058213,-0.34938664822186727,0.4503554541409292,0.32999999818796244,0.32999338377375315,60.000000022518435,1.8120375755437124e-09,6.616226246869417e-06,-2.251844164473023e-08,9.060187877718562e-10,3.3081131234347083e-06,-3.9302094911874974e-12,0.14560813335753303,0.1393993882444397,10.674467286899496
395,0.29939938267614763,-0.33642242007346096,0.45035545414143985,0.3299999981056967,0.32999308339990563,60.000000022538536,1.894303325311597e-09,6.916600094386549e-06,-2.253854275031708e-08,9.471516626557985e-10,3.4583000471932746e-06,-3.933717795945313e-12,0.13927384052027036,0.14572822406651795,10.674469062841782
396,0.31404430671010514,-0.3227943749482704,0.45035545414180916,0.32999999801969615,0.329992769389213,60.00000002255873,1.9803038653343208e-09,7.230610787001268e-06,-2.255873291143501e-08,9.901519326671604e-10,3.615305393500634e-06,-3.937241643825474e-12,0.1326647374019692,0.15176951404338973,10.674470919339972
397,0.32806956947950505,-0.30852940322925715,0.45035545414202477,0.3299999979297912,0.32999244112256837,60.00000002257906,2.0702088376900463e-09,7.558877431645961e-06,-2.2579063016958927e-08,1.0351044188450231e-09,3.7794387158229803e-06,-3.9407899166121755e-12,0.1257938648542347,0.1575113377125019,10.674472859361574
398,0.34144749682537673,-0.2936556520607099,0.45035545414207695,0.3299999978358045,0.3299920979527575,60.00000002259948,2.164195489484655e-09,7.902047242491772e-06,-2.259948217801392e-08,1.0820977447423274e-09,3.951023621245886e-06,-3.944353732521222e-12,0.11867478024298161,0.1629423655077684,10.674474890419889
399,0.3541516918884145,-0.2782024698092816,0.45035545414195965,0.32999999773755095,0.3299917392031831,60.000000022620036,2.2624490614298054e-09,8.260796816927929e-06,-2.2620041283474902e-08,1.1312245307149027e-09,4.1303984084639644e-06,-3.9479419733368106e-12,0.11132153069751297,0.16805188111467612,10.67447701115939
400,0.3661570871943394,-0.2622003481548162,0.45035545414167005,0.3299999976348368,0.3299913641665304,60.000000022640684,2.3651632319321436e-09,8.635833469605725e-06,-2.2640689444466964e-08,1.1825816159660718e-09,4.317916734802862e-06,-3.951545757274744e-12,0.103748625393213,0.17282980261534514,10.674479228196702
401,0.3774399941161653,-0.24568086192523053,0.45035545414120953,0.32999999752745934,0.329990972103373,60.000000022661474,2.472540672204815e-09,9.027896626989662e-06,-2.266147754986501e-08,1.2362703361024074e-09,4.513948313494831e-06,-3.955173966119219e-12,0.095971006922548,0.17726670238181824,10.67448154648874
402,0.387978149615771,-0.22867660679416524,0.4503554541405831,0.329999997415207,0.329990562240715,60.000000022682386,2.5847929907563127e-09,9.437759285024772e-06,-2.2682392877450314e-08,1.2923964953781564e-09,4.718879642512386e-06,-3.958824379424186e-12,0.08800402181086134,0.1813538256783293,10.674483969477887
403,0.3977507601725508,-0.21122113496433872,0.4503554541397999,0.32999999729785856,0.3299901337704663,60.000000022703446,2.702141455035445e-09,9.86622953369487e-06,-2.27034481494416e-08,1.3510707275177225e-09,4.933114766847435e-06,-3.962499217635696e-12,0.07986339023514365,0.1850831079358429,10.674486502724127
404,0.4067385428124639,-0.19334888896351107,0.4503554541388731,0.32999999717518247,0.3299896858478505,60.00000002272463,2.824817546542846e-09,1.0314152149526468e-05,-2.2724630643620147e-08,1.412408773271423e-09,5.157076074763234e-06,-3.966196260307697e-12,0.07156517500552488,0.18844719066478127,10.674489151787888
405,0.41492376315652524,-0.17509513368368979,0.4503554541378193,0.32999999704693694,0.3299892175897382,60.00000002274596,2.953063071853279e-09,1.0782410261811481e-05,-2.2745965804423404e-08,1.4765315359266395e-09,5.391205130905741e-06,-3.96991994833229e-12,0.06312574987069566,0.1914394359745389,10.674491920159285
406,0.4222902704136631,-0.156495886797675,0.450355454136658,0.3299999969128692,0.32998872807290663,60.00000002276741,3.0871308287494514e-09,1.1271927093381429e-05,-2.2767415465195194e-08,1.5435654143747257e-09,5.635963546690714e-06,-3.973663620371326e-12,0.05456176720979566,0.19405393967113527,10.674494814058368
407,0.42882352924889605,-0.13758784769024388,0.45035545413541134,0.3299999967727148,0.329988216332219,60.000000022789024,3.2272852168446775e-09,1.1783667781040119e-05,-2.2789030514810422e-08,1.6136426084223388e-09,5.8918338905200596e-06,-3.977436158209002e-12,0.0458901251745186,0.1962855429071634,10.674497841011924
408,0.434510648463948,-0.11840832504420477,0.45035545413410355,0.32999999662619744,0.32998768135872164,60.00000002281077,3.3738025706497865e-09,1.2318641278374898e-05,-2.2810772786612908e-08,1.6869012853248933e-09,6.159320639187449e-06,-3.981230900507171e-12,0.03712793434626733,0.1981298423610454,10.674501004869168
409,0.4393404064337094,-0.0989951632242061,0.4503554541327597,0.3299999964730283,0.3299871220976548,60.000000022832666,3.5269717146846347e-09,1.2877902345220793e-05,-2.2832667725040102e-08,1.7634858573423173e-09,6.4389511726103965e-06,-3.985052288157931e-12,0.028292483974152474,0.19958319892551085,10.674504311289736
410,0.4433032732483562,-0.07938666760355638,0.4503554541314053,0.3299999963129052,0.3299865374463733,60.000000022854735,3.6870947961453737e-09,1.3462553626719664e-05,-2.2854740774529457e-08,1.8435473980726869e-09,6.731276813359832e-06,-3.98890476205338e-12,0.01940120786044936,0.20064274488815415,10.674507767808601
411,0.4463914295174341,-0.05962152898139846,0.4503554541300661,0.3299999961455127,0.32998592625217216,60.00000002287694,3.854487340415602e-09,1.407374782785853e-05,-2.2876941046206072e-08,1.927243670207801e-09,7.036873913929265e-06,-3.992779440409322e-12,0.010471649960828444,0.20130638958990255,10.674511382185424
412,0.44859878179880575,-0.03973874723937496,0.4503554541287665,0.32999999597052054,0.3299852873100141,60.0000000228993,4.029479472311692e-09,1.4712689985929561e-05,-2.2899306706726125e-08,2.014739736155846e-09,7.356344992964781e-06,-3.996682984563904e-12,0.0015214297672362098,0.2015728235502299,10.674515160335368
413,0.44992097462201763,-0.019777554388423185,0.4503554541275294,0.3299999957875838,0.3299846193601536,60.000000022921846,4.212416193638546e-09,1.5380639846407362e-05,-2.292185047830834e-08,2.106208096819273e-09,7.690319923203681e-06,-4.000617614963176e-12,-0.007431792458270203,0.20144152105097657,10.674519110173263
414,0.45035539908236166,0.0002226628424594109,0.45035545412637634,0.32999999559634197,0.3299839210856536,60.00000002294449,4.403658049323411e-09,1.6078914346406847e-05,-2.294449602764036e-08,2.2018290246617056e-09,8.039457173203424e-06,-4.004570008930841e-12,-0.016370350530133332,0.20091274117367725,10.674523239240015
415,0.4499011979886742,0.020222440722733714,0.45035545412532607,0.3299999953964178,0.3299831911097881,60.00000002296731,4.6035822376389035e-09,1.6808890211938987e-05,-2.2967319688034542e-08,2.3017911188194518e-09,8.404445105969494e-06,-4.008553489143197e-12,-0.025276607197595103,0.1999875272883498,10.674527556252036
416,0.44855926755471504,0.04018231638877429,0.450355454124395,0.32999999518741713,0.3299824279933288,60.000000022990314,4.812582887758765e-09,1.757200667124037e-05,-2.2990321459490885e-08,2.4062914438793825e-09,8.786003335620185e-06,-4.012568055600241e-12,-0.034132988945902616,0.19866770499475356,10.674532068313761
417,0.44633225563079026,0.06006290571061401,0.45035545412359695,0.3299999949689279,0.32998163023170657,60.000000023013456,5.031072114469737e-09,1.8369768293446942e-05,-2.3013463175353212e-08,2.5155360572348684e-09,9.184884146723471e-06,-4.016607046963827e-12,-0.04292202067175284,0.1969558785201797,10.674536785680013
418,0.4432245564791053,0.0798249810033341,0.45035545412294303,0.3299999947405194,0.329980796252046,60.00000002303674,5.259480628794222e-09,1.9203747953999706e-05,-2.3036744835621525e-08,2.629740314397111e-09,9.601873976999853e-06,-4.0206704632339555e-12,-0.05162636016455502,0.19485542558088126,10.674541717593746
419,0.43924230210316034,0.09942954842976237,0.45035545412244143,0.3299999945017412,0.3299799244100635,60.00000002306019,5.49825879270216e-09,2.007558993649683e-05,-2.3060191884733276e-08,2.74912939635108e-09,1.0037794968248415e-05,-4.024762745302724e-12,-0.060228832325475226,0.19237049071728138,10.674546873739072
420,0.4343933501482953,0.1188379249417512,0.4503554541220976,0.3299999942521226,0.32997901298682586,60.000000023083786,5.7478773962671426e-09,2.09870131741563e-05,-2.3083791600469736e-08,2.8739386981335713e-09,1.049350658707815e-05,-4.028881672724083e-12,-0.0687124630567403,0.18950597711611172,10.67455226352476
421,0.42868726839725807,0.13801181460821746,0.4503554541219144,0.3299999939911714,0.3299780601853608,60.00000002310755,6.008828601355987e-09,2.1939814639215793e-05,-2.310755670504963e-08,3.0044143006779933e-09,1.0969907319607897e-05,-4.033029465944083e-12,-0.07706051275433526,0.18626753693561568,10.674557898768711
422,0.42213531589139025,0.1569133841793365,0.4503554541218923,0.32999999371837313,0.3299770641271146,60.00000002313144,6.281626885318303e-09,2.2935872885432307e-05,-2.3131449031816782e-08,3.1408134426591516e-09,1.1467936442716153e-05,-4.0371994636245746e-12,-0.08525650933800526,0.1826615601529078,10.674563789143967
423,0.41475042071467927,0.17550533773779006,0.45035545412202926,0.32999999343319,0.3299760228482476,60.00000002315553,6.566810040187221e-09,2.3977151752396786e-05,-2.3155532191864826e-08,3.2834050200936105e-09,1.1988575876198393e-05,-4.0414027679958055e-12,-0.09328428075338871,0.17869516195549437,10.674569947192392
424,0.40654715448451495,0.1937509902897678,0.45035545412232075,0.3299999931350597,0.32997493429576313,60.000000023179716,6.864940338413561e-09,2.5065704236881814e-05,-2.3179717129662674e-08,3.4324701692067805e-09,1.2532852118440907e-05,-4.04562383593543e-12,-0.1011279868821514,0.17437616870183434,10.67457638456753
425,0.3975417035994832,0.21161434015051658,0.45035545412276057,0.3299999928233943,0.3299737963234589,60.00000002320407,7.176605698600014e-09,2.6203676541103338e-05,-2.3204080178522685e-08,3.588302849300007e-09,1.3101838270551669e-05,-4.049875990119745e-12,-0.10877215079715373,0.1697131024786425,10.674583115212256
426,0.38775183730092905,0.22906013998160787,0.45035545412334016,0.3299999924975795,0.32997260668769623,60.000000023228566,7.502420518168407e-09,2.7393312303780615e-05,-2.3228570449569954e-08,3.751210259084203e-09,1.3696656151890307e-05,-4.0541503487645515e-12,-0.1162016893009842,0.16471516428540572,10.674590150742196
427,0.37719687261131085,0.24605396633975532,0.4503554541240496,0.3299999921569728,0.32997136304297614,60.000000023253236,7.84302722767194e-09,2.8636957023875365e-05,-2.3253238831679386e-08,3.92151361383597e-09,1.4318478511937682e-05,-4.058455793654048e-12,-0.1234019426875977,0.15939221587929236,10.67459750542299
428,0.36589763621852534,0.2625622875999514,0.4503554541248767,0.32999999180090267,0.32997006293731485,60.00000002327802,8.199097345507056e-09,2.9937062685170268e-05,-2.3278021713757347e-08,4.099548672753528e-09,1.4968531342585134e-05,-4.062781222557987e-12,-0.13035870366833574,0.1537547603162778,10.674605195324254
429,0.3538764233814152,0.27855253011889963,0.4503554541258084,0.32999999142866715,0.32996870380740967,60.00000002330294,8.571332865692227e-09,3.129619259034655e-05,-2.3302944540241295e-08,4.285666432846114e-09,1.5648096295173275e-05,-4.067131076368469e-12,-0.1370582454052524,0.14781392122688136,10.674613234619835
430,0.34115695393754225,0.29399314250818986,0.45035545412682987,0.3299999910395323,0.32996728297358524,60.00000002332799,8.960467701157881e-09,3.27170264147747e-05,-2.3327994588912505e-08,4.480233850578941e-09,1.635851320738735e-05,-4.071503134639443e-12,-0.14348734859643253,0.14158142086740694,10.674621638134127
431,0.3277643255000325,0.3088536578903969,0.450355454127925,0.3299999906327309,0.3299657976345098,60.00000002335318,9.367269127036337e-09,3.420236549023237e-05,-2.3353184581989694e-08,4.683634563518169e-09,1.7101182745116184e-05,-4.0758996178169585e-12,-0.1496333275598563,0.13506955698999668,10.67463042347222
432,0.3137249639358422,0.32310475401525984,0.4503554541290769,0.32999999020746085,0.3299642448616724,60.00000002337848,9.792539168440584e-09,3.57551383275978e-05,-2.337848907503542e-08,4.896269584220292e-09,1.78775691637989e-05,-4.080316085008917e-12,-0.15548405526434417,0.12829117857713637,10.674639608096433
433,0.2990665712231601,0.33671831111732226,0.45035545413026734,0.3299999897628837,0.32996262159360895,60.00000002340394,1.023711632130997e-08,3.737840639106427e-05,-2.3403946234705853e-08,5.118558160654985e-09,1.8689203195532134e-05,-4.084759197553467e-12,-0.1610279872581921,0.1212596604884917,10.674649208945295
434,0.2838180707908308,0.3496674674008724,0.4503554541314774,0.329999989298123,0.3299609246298663,60.00000002342947,1.0701876995700133e-08,3.907537013370099e-05,-2.342947972768864e-08,5.350938497850066e-09,1.9537685066850496e-05,-4.089215632774312e-12,-0.16625418444828013,0.11398887707010322,10.674659247481028
435,0.2680095504476556,0.36192667204270107,0.4503554541326877,0.32999998881226233,0.3299591506246919,60.00000002345515,1.1187737680717902e-08,4.084937530812738e-05,-2.3455153165077414e-08,5.593868840358951e-09,2.042468765406369e-05,-4.093696492901699e-12,-0.17115233468470986,0.10649317477801076,10.674669741343294
436,0.2516722030141781,0.37347173560809394,0.45035545413387823,0.32999998830434385,0.3299572960804377,60.00000002348091,1.1695656165766621e-08,4.270391956229247e-05,-2.348091565799727e-08,5.847828082883311e-09,2.1351959781146235e-05,-4.098192896151431e-12,-0.17571277310837852,0.09878734387032892,10.674680711975055
437,0.2348382647741,0.3842798777805805,0.450355454135029,0.32999998777336603,0.3299553573406637,60.000000023506786,1.2226633983036805e-08,4.464265933629141e-05,-2.3506792650885657e-08,6.113316991518403e-09,2.2321329668145706e-05,-4.102709283415606e-12,-0.17992650122134204,0.09088658922362583,10.674692180789958
438,0.21754095186677155,0.3943297723112593,0.4503554541361197,0.32999998721828205,0.3299533305829292,60.000000023532756,1.2781717961818373e-08,4.6669417070821506e-05,-2.3532758699305126e-08,6.3908589809091865e-09,2.3334708535410753e-05,-4.107241213802126e-12,-0.18378520464233714,0.08280650033119286,10.674704169687349
439,0.19981439474626503,0.4036015890990088,0.4503554541371308,0.3299999866379975,0.3299512118112563,60.00000002355882,1.3362002504457848e-08,4.878818874370916e-05,-2.35588265254744e-08,6.681001252228924e-09,2.439409437185458e-05,-4.11179090775704e-12,-0.18728126951242965,0.07456302054240073,10.674716704468201
440,0.18169357083635415,0.4120770333185506,0.4503554541380432,0.3299999860313683,0.32994899684825135,60.00000002358499,1.3968631695782108e-08,5.10031517486631e-05,-2.3584996129393482e-08,6.984315847891054e-09,2.550157587433155e-05,-4.116358365280348e-12,-0.19040779751841505,0.06617241560384046,10.674729807707902
441,0.1632142355142828,0.4197393815191612,0.45035545413883876,0.32999998539719844,0.32994668132686883,60.00000002361122,1.460280157905558e-08,5.331867313118632e-05,-2.3611229344406193e-08,7.30140078952779e-09,2.665933656559316e-05,-4.120936925033902e-12,-0.19315861950433066,0.057651241564320437,10.67474350767154
442,0.14441285155950231,0.4265735146228016,0.4503554541395012,0.3299999847342375,0.3299442606818011,60.00000002363756,1.526576254295975e-08,5.573931819891076e-05,-2.363756433716871e-08,7.632881271479874e-09,2.786965909945538e-05,-4.1255332483558504e-12,-0.19552830764421997,0.049016312107048696,10.674757828866818
443,0.12532651720658813,0.4325659477565548,0.45035545414001565,0.3299999840411783,0.32994173014047784,60.00000002366397,1.5958821708572657e-08,5.826985952217534e-05,-2.3663975663243584e-08,7.979410854286328e-09,2.913492976108767e-05,-4.1301428943540945e-12,-0.19751218615213054,0.04028466537346083,10.674772801938554
444,0.10599289294429781,0.4377048568605076,0.4503554541403699,0.3299999833166546,0.32993908471365574,60.00000002369043,1.668334542737071e-08,6.091528634427634e-05,-2.369043787819336e-08,8.341672713685355e-09,3.045764317213817e-05,-4.134761422136535e-12,-0.19910634050821302,0.031473530344153317,10.674788454571166
445,0.08645012720520907,0.441980102018573,0.45035545414055445,0.3299999825592378,0.32993631918558214,60.00000002371697,1.7440762223319695e-08,6.368081441787687e-05,-2.371697642645549e-08,8.720381111659847e-09,3.184040720893844e-05,-4.139393272595271e-12,-0.20030762518271641,0.02260029284326067,10.67480481851555
446,0.06673678109256377,0.4453832474662198,0.45035545414056305,0.32999998176743467,0.3299334281037114,60.000000023743546,1.823256534638773e-08,6.657189628861415e-05,-2.37435531413738e-08,9.116282673193865e-09,3.3285948144307076e-05,-4.144031784392155e-12,-0.20111366984263895,0.013682461233351265,10.674821925786839
447,0.0468917522928444,0.4479075782356288,0.4503554541403928,0.32999998093968397,0.3299304057679544,60.00000002377019,1.9060316047703196e-08,6.95942320456111e-05,-2.377019346738574e-08,9.530158023851598e-09,3.479711602280555e-05,-4.148681398419285e-12,-0.20152288402878776,0.0047376318685369324,10.674839810571402
448,0.026954198324216305,0.4495481134054338,0.45035545414004474,0.3299999800743537,0.3299272462194409,60.000000023796865,1.992564629960114e-08,7.275378055909831e-05,-2.3796871960053854e-08,9.96282314980057e-09,3.637689027954916e-05,-4.153337673784563e-12,-0.2015344602940175,-0.0042165456260412,10.674858509434937
449,0.006963459272278862,0.4503016159289017,0.4503554541395239,0.3299999791697379,0.3299239432287701,60.000000023823596,2.0830262126292354e-08,7.605677122990429e-05,-2.3823601341596874e-08,1.0415131063146177e-08,3.802838561495214e-05,-4.158002830934038e-12,-0.20114837579645806,-0.01316240317984012,10.67487805663892
450,-0.013041019834418901,0.45016659902116035,0.450355454138839,0.3299999782240528,0.32992049028372916,60.00000002385036,2.1775947212088198e-08,7.950971627085357e-05,-2.385036888979607e-08,1.0887973606044099e-08,3.9754858135426785e-05,-4.1626746494216605e-12,-0.2003653923445843,-0.02208228913893693,10.674898491561438
451,-0.033019766855932546,0.44914332909287075,0.450355454138003,0.32999997723543406,0.32991688057645335,60.000000023877156,2.2764565954513927e-08,8.311942354666257e-05,-2.3877161882432718e-08,1.1382282977256963e-08,4.155971177333129e-05,-4.167350908801382e-12,-0.19918705489404154,-0.030958603095659225,10.674919858066925
452,-0.052933360425971805,0.44723382522455396,0.45035545413703243,0.32999997620193244,0.32991310699000415,60.00000002390398,2.3798067572133874e-08,8.68930099958698e-05,-2.390398031950682e-08,1.1899033786066937e-08,4.34465049979349e-05,-4.172031609073201e-12,-0.19761568849919178,-0.039773830617097904,10.674942193067176
453,-0.07274250773676505,0.4444418551826114,0.4503554541359466,0.3299999751215103,0.32990916208433685,60.00000002393081,2.4878489712776286e-08,9.083791566316668e-05,-2.3930811478799648e-08,1.2439244856388143e-08,4.541895783158334e-05,-4.17671452979107e-12,-0.19565439372539536,-0.048510577803975746,10.674965544579077
454,-0.09240812207025666,0.44077292798489937,0.4503554541347676,0.32999997399203745,0.32990503808163196,60.00000002395766,2.600796256135851e-08,9.496191836805279e-05,-2.3957668082529926e-08,1.3003981280679255e-08,4.7480959184026394e-05,-4.181401891401038e-12,-0.19330704053108186,-0.0571516056116836,10.674989957414853
455,-0.11189139992265502,0.4362342830305262,0.4503554541335197,0.329999972811287,0.32990072685096,60.000000023984505,2.718871300322334e-08,9.927314904001339e-05,-2.3984511964041475e-08,1.359435650161167e-08,4.963657452000669e-05,-4.1860870325649555e-12,-0.1905782606316807,-0.06567986386576186,10.675015479112895
456,-0.13115389757015203,0.4308348758153215,0.4503554541322281,0.32999997157693106,0.3298962198922512,60.000000024011364,2.8423068954008812e-08,0.00010378010774880764,-2.4011368567771754e-08,1.4211534477004406e-08,5.189005387440382e-05,-4.190774394174923e-12,-0.18747343836048014,-0.07407852490470873,10.67504216297052
457,-0.15015760692473704,0.4245853602611636,0.4503554541309186,0.3299999702865358,0.32989150831953606,60.00000002403821,2.9713464189118355e-08,0.0001084916804639513,-2.4038212449283307e-08,1.4856732094559177e-08,5.424584023197565e-05,-4.195459535338842e-12,-0.18399870004444696,-0.08233101678373303,10.675070058831244
458,-0.16886503053042923,0.4174980676940323,0.450355454129617,0.32999996893755723,0.32988658284342587,60.000000024065024,3.10624427846129e-08,0.00011341715657414708,-2.406503088635741e-08,1.553122139230645e-08,5.670857828707354e-05,-4.200140235610661e-12,-0.18016090191597056,-0.09042105597393632,10.675099223772026
459,-0.18723925555194879,0.4095869825122655,0.4503554541283484,0.3299999675273355,0.3298814337527975,60.00000002409187,3.2472664501792536e-08,0.00011856624720252285,-2.4091874767868958e-08,1.6236332250896268e-08,5.928312360126142e-05,-4.20482537677458e-12,-0.17596761658438356,-0.09833267949240102,10.675129713393355
460,-0.20524402660983446,0.4008677145930317,0.45035545412713585,0.3299999660530904,0.329876050895647,60.00000002411868,3.394690961666669e-08,0.0001239491043530383,-2.4118680482724334e-08,1.6973454808333344e-08,6.197455217651915e-05,-4.20950385660035e-12,-0.17142711809395308,-0.10605027639978938,10.675161591142109
461,-0.2228438173182925,0.39135746849146563,0.45035545412600153,0.32999996451191516,0.32987042365907376,60.00000002414543,3.548808485964727e-08,0.0001295763409262518,-2.4145435308704806e-08,1.7744042429823637e-08,6.47881704631259e-05,-4.214173454641923e-12,-0.16654836559782532,-0.11355861860330208,10.675194918182147
462,-0.24000390038462052,0.3810750094932393,0.4503554541249648,0.3299999629007712,0.32986454094835616,60.00000002417219,3.709922880013039e-08,0.0001354590516438603,-2.4172190134685277e-08,1.8549614400065195e-08,6.772952582193015e-05,-4.218843052683496e-12,-0.1613409856801376,-0.12084289090421739,10.67522975986195
463,-0.2566904161318886,0.37004062658755527,0.4503554541240426,0.329999961216482,0.32985839116507676,60.00000002419889,3.87835180082341e-08,0.00014160883492325693,-2.4198894071790843e-08,1.939175900411705e-08,7.080441746162847e-05,-4.223503768940873e-12,-0.1558152533611789,-0.12788872023072348,10.675266189211243
464,-0.27287043930967164,0.35827609243362163,0.45035545412324934,0.3299999594557268,0.32985196218425517,60.00000002422554,4.05442732165362e-08,0.0001480378157448503,-2.4225547120021507e-08,2.02721366082681e-08,7.401890787242515e-05,-4.2281556034140526e-12,-0.14998207182307946,-0.13468220399835984,10.675304274309457
465,-0.28851204406100356,0.3458046203996004,0.4503554541225966,0.32999995761503403,0.3298452413304417,60.00000002425218,4.238496598141239e-08,0.00015475866955833029,-2.4252187446033446e-08,2.1192482990706196e-08,7.737933477916514e-05,-4.2328052174411825e-12,-0.14385295089603267,-0.1412099375421116,10.675344091117335
466,-0.30358436691736373,0.3326508187588005,0.45035545412209327,0.3299999556907746,0.32983821535272684,60.00000002427875,4.430922539988558e-08,0.00016178464727317765,-2.427875143873303e-08,2.215461269994279e-08,8.089232363658883e-05,-4.237441508792017e-12,-0.13743998434750151,-0.14745904056602543,10.675385720657921
467,-0.31805766769739513,0.318840642133491,0.4503554541217454,0.3299999536791547,0.32983087039861536,60.00000002430524,4.63208453260755e-08,0.00016912960138465438,-2.430523909812026e-08,2.316042266303775e-08,8.456480069232719e-05,-4.2420644774665564e-12,-0.13075582601921812,-0.15341718255816048,10.675429244057035
468,-0.33190338818919146,0.30440134028214794,0.45035545412155625,0.329999951576208,0.3298231919867148,60.00000002433167,4.8423792031737634e-08,0.00017680801328523454,-2.4331675868632583e-08,2.4211896015868817e-08,8.840400664261727e-05,-4.246678564356898e-12,-0.12381366485906692,-0.1590726071207229,10.675474747234366
469,-0.3450942085003647,0.2893614043311815,0.4503554541215269,0.3299999493777885,0.32981516497818336,60.000000024358044,5.062221153373514e-08,0.0001848350218166539,-2.4358049028051277e-08,2.531110576686757e-08,9.241751090832695e-05,-4.251281549016994e-12,-0.11662719889711333,-0.1644141551673802,10.675522323218946
470,-0.357604100964702,0.2737505105572405,0.45035545412165556,0.3299999470795616,0.3298067735468825,60.00000002438433,5.292043842031191e-08,0.00019322645311753428,-2.4384333131938893e-08,2.6460219210155955e-08,9.661322655876714e-05,-4.255868990554745e-12,-0.10921060821712902,-0.16943128694198095,10.675572063553988
471,-0.3694083814990486,0.25759946183101956,0.45035545412193856,0.3299999446769962,0.32979800114817337,60.00000002441055,5.53230037891872e-08,0.0002019988518266458,-2.4410553624732878e-08,2.76615018945936e-08,0.0001009994259133229,-4.26044532986225e-12,-0.1015785269769463,-0.17411410281523407,10.675624069628721
472,-0.38048375830907855,0.24094012683811017,0.45035545412236977,0.32999994216535544,0.32978883048629815,60.000000024436694,5.783464457342902e-08,0.00021116951370186987,-2.4436697784214507e-08,2.891732228671451e-08,0.00010558475685093494,-4.2650083464934595e-12,-0.09374601453284967,-0.17845336281831115,10.675678442161946
473,-0.3908083778478506,0.22380537719682322,0.4503554541229413,0.3299999395396872,0.32977924348027854,60.000000024462736,6.046031281181641e-08,0.0002207565197214767,-2.446274016594633e-08,3.0230156405908204e-08,0.00011037825986073835,-4.269553599556275e-12,-0.08572852572497901,-0.18244050487483188,10.675735291385115
474,-0.40036186793646394,0.2062290225970592,0.45035545412364325,0.32999993679481476,0.32976922122826785,60.0000000244887,6.320518525226859e-08,0.0002307787717321652,-2.44887062143658e-08,3.1602592626134296e-08,0.0001153893858660826,-4.274085529942795e-12,-0.07754188038237964,-0.1860676616952534,10.675794730232976
475,-0.4091253779617306,0.18824574408820874,0.4503554541244641,0.3299999339253262,0.32975874397028343,60.00000002451459,6.607467378794141e-08,0.00024125602971658555,-2.4514595929472912e-08,3.3037336893970703e-08,0.00012062801485829278,-4.278604137653019e-12,-0.0692022321078681,-0.18932767630033231,10.67585687485291
476,-0.4170816160715478,0.16989102564771685,0.450355454125391,0.32999993092556423,0.3297477910492476,60.000000024540356,6.907443578230144e-08,0.00025220895075239724,-2.4540358422392767e-08,3.453721789115072e-08,0.00012610447537619862,-4.283100540902751e-12,-0.06072603640430654,-0.1922141161430263,10.675921851622633
477,-0.42421488329457624,0.15120108416533753,0.4503554541264094,0.32999992778961423,0.3297363408702605,60.000000024566056,7.221038578197891e-08,0.0002636591297395241,-2.456605730421899e-08,3.610519289098946e-08,0.00013182956486976205,-4.287585841922237e-12,-0.05213001820517985,-0.19472128580097184,10.67598978813319
478,-0.43051110451690305,0.13221279798123128,0.4503554541275033,0.3299999245112935,0.32972437085802275,60.000000024591635,7.548870650797568e-08,0.00027562914197726274,-2.4591641686076684e-08,3.774435325398784e-08,0.00013781457098863137,-4.292051158927279e-12,-0.0434311388735408,-0.19684423821449265,10.676060821517709
479,-0.4359578562545659,0.1129636341189119,0.4503554541286562,0.3299999210841384,0.32971185741232634,60.000000024617144,7.891586162322994e-08,0.00028814258767367873,-2.4617149734622023e-08,3.945793081161497e-08,0.00014407129383683936,-4.296503153256026e-12,-0.03464656273444179,-0.19857878444796567,10.67613509138725
480,-0.4405443911671371,0.09349157435662374,0.45035545412985023,0.32999991750139185,0.32969877586152363,60.00000002464255,8.249860816711418e-08,0.00030122413847638585,-2.4642556005417552e-08,4.124930408355709e-08,0.00015061206923819292,-4.300937384016379e-12,-0.02579362320688546,-0.19992150195528324,10.676212748227135
481,-0.4442616592640012,0.07383504028302301,0.4503554541310665,0.3299999137559902,0.32968510041388455,60.000000024667884,8.624400982260028e-08,0.0003148995861154691,-2.4667885942900728e-08,4.312200491130014e-08,0.00015744979305773454,-4.3053582921004364e-12,-0.016889788602131,-0.20086974133310145,10.676293943982403
482,-0.44710232576148123,0.05403281748503983,0.4503554541322857,0.3299999098405489,0.3296708041067453,60.00000002469311,9.015945112711421e-08,0.0003291958932546968,-2.4693114102634097e-08,4.5079725563557105e-08,0.0001645979466273484,-4.309761436616099e-12,-0.007952627655831254,-0.20142163154855094,10.676378843332795
483,-0.44906078555557766,0.034123979017512795,0.45035545413348793,0.32999990574734817,0.3296558587533494,60.000000024718226,9.425265184992426e-08,0.00034414124665060886,-2.4718227762398933e-08,4.712632592496213e-08,0.00017207062332530443,-4.31414459711732e-12,0.0010002251379833335,-0.20157608363109414,10.676467615596916
484,-0.45013317428176486,0.014147808305600529,0.4503554541346532,0.32999990146831787,0.3296402348872727,60.00000002474325,9.853168214668528e-08,0.00035976511272733935,-2.474325236663269e-08,4.926584107334264e-08,0.00017988255636366968,-4.318512214496196e-12,0.009951104322671642,-0.20133279282124478,10.67656043672941
485,-0.45031737594002025,-0.005856278367901406,0.4503554541357614,0.3299998969950214,0.3296239017043284,60.000000024768156,1.030049786021614e-07,0.0003760982956715897,-2.476816247089791e-08,5.15024893010807e-08,0.00018804914783579485,-4.322859847860627e-12,0.018882348335843582,-0.20069223917190915,10.676657494622162
486,-0.44961302707004225,-0.02584880963739371,0.4503554541367926,0.32999989231863924,0.3296068270018327,60.00000002479295,1.0768136077254908e-07,0.00039317299816732376,-2.4792958075194598e-08,5.384068038627454e-08,0.00019658649908366188,-4.3271874972106165e-12,0.027776334358538962,-0.19965568660116334,10.676758981508286
487,-0.4480215174684183,-0.04579033693799439,0.45035545413772804,0.32999988742995134,0.32958897711511376,60.00000002481761,1.1257004867148979e-07,0.0004110228848862585,-2.4817613735085304e-08,5.628502433574489e-08,0.00020551144244312924,-4.331490721654063e-12,0.036615513087957685,-0.19822518039833545,10.6768651022512
488,-0.4455459874463265,-0.06564151234407026,0.45035545413854916,0.3299998823193191,0.32957031685113786,60.00000002484215,1.176806809222164e-07,0.00042968314886215886,-2.484215489500748e-08,5.88403404611082e-08,0.00021484157443107943,-4.335773962083067e-12,0.04538244336513169,-0.19640354318831282,10.676976069636671
489,-0.4421913216331847,-0.08536316620919022,0.4503554541392393,0.3299998769766663,0.3295508094191229,60.00000002486663,1.2302333374236696e-07,0.0004491905808771124,-2.486663244383602e-08,6.151166687118348e-08,0.0002245952904385562,-4.340046100281825e-12,0.054059826589211254,-0.1941943693620387,10.677092103634404
490,-0.4379641393384703,-0.10491638445430568,0.45035545413978356,0.3299998713914593,0.32953041635799996,60.00000002489095,1.286085407059545e-07,0.00046958364200005986,-2.4890957326039853e-08,6.430427035297726e-08,0.00023479182100002993,-4.3442915931279915e-12,0.06263054085046042,-0.19160201798418636,10.677213441511741
491,-0.4328727814907305,-0.12426258535165247,0.45035545414016964,0.3299998655526863,0.32950909746058543,60.000000024915224,1.3444731372658225e-07,0.0004909025394145838,-2.4915231319368782e-08,6.722365686329113e-08,0.0002454512697072919,-4.348528204189961e-12,0.07107767471461315,-0.18863160419200606,10.677340323946375
492,-0.4269272941795534,-0.1433635956528704,0.45035545414038747,0.3299998594488354,0.32948681069430563,60.000000024939396,1.4055116459577022e-07,0.0005131893056943837,-2.4939403534947905e-08,7.027558229788511e-08,0.00025659465284719185,-4.352747051683536e-12,0.07938456059192586,-0.1852889891023157,10.677473007367189
493,-0.4201394088329751,-0.16218172591112476,0.45035545414043004,0.3299998530678724,0.32946351211832614,60.000000024963505,1.4693212763150498e-07,0.000536487881673875,-2.49635121394334e-08,7.346606381575249e-08,0.0002682439408369375,-4.356954796946866e-12,0.08753480762508596,-0.18158076824654992,10.677611757536427
494,-0.4125225190694362,-0.1806798448486087,0.4503554541402942,0.3299998463972163,0.3294391557969166,60.000000024987436,1.5360278371456815e-07,0.0005608442030833882,-2.4987442632856732e-08,7.680139185728407e-08,0.0002804221015416941,-4.361131455965506e-12,0.09551233403107992,-0.1775142585566887,10.677756855445727
495,-0.40409165426996047,-0.19882145262268505,0.45035545413998024,0.32999983942371536,0.32941369370888557,60.00000002501125,1.6057628465793172e-07,0.0005863062911144468,-2.5011258626311528e-08,8.028814232896586e-08,0.0002931531455572234,-4.365288130969703e-12,0.10330139883321061,-0.17309748392774107,10.677908594004368
496,-0.3948634499227058,-0.21657075284610192,0.4503554541394925,0.3299998321336204,0.32938707565289926,60.000000025035035,1.6786637963006612e-07,0.0006129243471007517,-2.503503645311015e-08,8.393318981503306e-08,0.00030646217355037586,-4.369438144635751e-12,0.1108866329206442,-0.1683391593852751,10.678067278105479
497,-0.3848561147983991,-0.23389272321917534,0.45035545413883943,0.3299998245125582,0.3293592491485042,60.00000002505872,1.7548744180029274e-07,0.0006407508514958415,-2.505872522437769e-08,8.774372090014637e-08,0.00032037542574792077,-4.373572615179455e-12,0.11825306937420499,-0.16324867388923264,10.678233229701048
498,-0.3740893950214244,-0.25075318463457047,0.4503554541380334,0.3299998165455031,0.32933015933265675,60.00000002508221,1.8345449692702687e-07,0.0006698406673432689,-2.5082210440145616e-08,9.172724846351343e-08,0.00033492033367163443,-4.377671558586371e-12,0.12538617299858104,-0.1578360718079582,10.678406784330246
499,-0.36258453510745975,-0.26711886861832174,0.4503554541370904,0.329999808216747,0.3292997488515563,60.00000002510566,1.917832530007324e-07,0.0007002511484437424,-2.5105670211476093e-08,9.58916265003662e-08,0.0003501255742218712,-4.381766061101189e-12,0.13227186900266472,-0.15211203309900032,10.678588292793483
500,-0.3503642360445387,-0.28295748297402573,0.4503554541360294,0.329999799509869,0.3292679577475615,60.000000025129,2.0049013099709967e-07,0.0007320422524385028,-2.5129002760619308e-08,1.0024506549854983e-07,0.0003660211262192514,-4.385838359155514e-12,0.13889657077144033,-0.14608785223578916,10.678778124186932
501,-0.3374526105002527,-0.2982377755006761,0.45035545413487216,0.32999979040770244,0.3292347233409809,60.00000002515223,2.0959229757311348e-07,0.0007652766590190985,-2.515223353201272e-08,1.0479614878655674e-07,0.00038263832950954924,-4.389892893641445e-12,0.14524720667461766,-0.13977541592177434,10.678976663268296
502,-0.32387513524347605,-0.3129295956584153,0.45035545413364236,0.3299997808923014,0.32919998010649165,60.00000002517537,2.191076985957885e-07,0.0008000198935083636,-2.5175375247875046e-08,1.0955384929789425e-07,0.0004000099467541818,-4.393931885005032e-12,0.1513112458591167,-0.13318717963599358,10.679184315198993
503,-0.3096586008744941,-0.3270039540605272,0.4503554541323649,0.3299997709449052,0.32916365954394966,60.000000025198574,2.290550948358394e-07,0.0008363404560503551,-2.5198580574831003e-08,1.145275474179197e-07,0.00041817022802517756,-4.397981978598864e-12,0.15707672297450762,-0.12633614305635507,10.679401501135375
504,-0.2948310589627247,-0.34043307967428293,0.4503554541310656,0.3299997605459014,0.32912569004333225,60.00000002522176,2.3945409860504085e-07,0.0008743099566677626,-2.522176045734951e-08,1.1972704930252043e-07,0.0004371549783338813,-4.402027631300598e-12,0.16253226178262062,-0.11923582440912622,10.679628664851567
505,-0.2794217666963404,-0.3531904746177726,0.4503554541297702,0.3299997496747873,0.32908599674355277,60.000000025244795,2.503252127250555e-07,0.0009140032564472489,-2.5244800395462032e-08,1.2516260636252774e-07,0.00045700162822362445,-4.406048859095791e-12,0.16766709760474044,-0.11190023379524,10.67986626986751
506,-0.2634611291530053,-0.36525096644460037,0.4503554541285041,0.3299997383101292,0.32904450138486324,60.00000002526776,2.616898708285298e-07,0.0009554986151367739,-2.52677640002622e-08,1.308449354142649e-07,0.00047774930756838696,-4.410056764214687e-12,0.17247109856209153,-0.10434384554605423,10.680114802765054
507,-0.24698063930563618,-0.3765907578132755,0.45035545412729033,0.3299997264295205,0.3290011221545562,60.00000002529068,2.7357047949205793e-07,0.0009988778454438352,-2.529068943840619e-08,1.3678523974602896e-07,0.0004994389227219176,-4.4140580079954365e-12,0.1769347855677068,-0.0965815696631054,10.680374772778814
508,-0.23001281588156763,-0.3871874734432971,0.4503554541261512,0.3299997140095372,0.328955773525662,60.00000002531347,2.859904628116361e-07,0.0010442264743379948,-2.5313474932144193e-08,1.4299523140581805e-07,0.0005221132371689974,-4.418034826869644e-12,0.1810493510302279,-0.08862872239821686,10.68064671283532
509,-0.2125911391977339,-0.3970202042652747,0.45035545412510625,0.329999701025692,0.32890836608832447,60.000000025336256,2.9897430803282887e-07,0.0010916339116755491,-2.5336260425882196e-08,1.4948715401641444e-07,0.0005458169558377746,-4.422011645743851e-12,0.184806676232737,-0.08050099603200435,10.680931182104164
510,-0.19474998509847707,-0.4060695486779738,0.4503554541241733,0.3299996874523857,0.32885880637351633,60.000000025359064,3.1254761428956e-07,0.001141193626483683,-2.5359071364057654e-08,1.5627380714478e-07,0.0005705968132418415,-4.425992905510157e-12,0.18819934735232421,-0.07221442791041775,10.681228767884097
511,-0.17652455712632983,-0.4143176508308776,0.45035545412336675,0.3299996732628571,0.3288069966687566,60.00000002538179,3.2673714289721545e-07,0.0011930033312433919,-2.5381793246702027e-08,1.6336857144860772e-07,0.0005965016656216959,-4.429958622154118e-12,0.1912206700887829,-0.06378536880041134,10.681540083452063
512,-0.15795081705961553,-0.42174823585672705,0.45035545412269806,0.3299996584291299,0.3287528348254594,60.00000002540446,3.4157087008823694e-07,0.0012471651745405987,-2.5404464240471502e-08,1.7078543504411847e-07,0.0006235825872702994,-4.433915457013882e-12,0.1938646828735694,-0.05523045062718166,10.681865772588761
513,-0.1390654139539229,-0.4283466419845219,0.4503554541221768,0.3299996429219579,0.3286962140575359,60.00000002542701,3.570780421346953e-07,0.0013037859424641085,-2.542702073427244e-08,1.7853902106734765e-07,0.0006518929712320543,-4.437852307859203e-12,0.19612616863296137,-0.04656655365663491,10.68220651211474
514,-0.11990561182746769,-0.43409984946961416,0.4503554541218093,0.32999962671076677,0.32863702273085604,60.00000002544969,3.7328923324642105e-07,0.0013629772691439723,-2.544969172804191e-08,1.8664461662321052e-07,0.0006814886345719862,-4.441809142718967e-12,0.19800066508220587,-0.03781077318783582,10.682563007036158
515,-0.10050921613303505,-0.438996506283814,0.4503554541215993,0.32999960976359455,0.3285751441431457,60.00000002547223,3.902364054675367e-07,0.0014248558568543124,-2.5472235499624125e-08,1.9511820273376834e-07,0.0007124279284271562,-4.4457437731182386e-12,0.1994844735303444,-0.02898038582116049,10.68293600167584
516,-0.08091449916157774,-0.4430269505148157,0.45035545412154826,0.32999959204702783,0.32851045629389836,60.000000025494685,4.079529721812136e-07,0.0014895437061016592,-2.5494690215675256e-08,2.039764860906068e-07,0.0007447718530508296,-4.449662860395165e-12,0.20057466617834022,-0.020092815368713303,10.683326274816967
517,-0.06116012452467001,-0.4461832294307448,0.4503554541216546,0.3299995735261366,0.3284428316438378,60.0000000255172,4.264738633907861e-07,0.0015571683561622085,-2.5517208542820018e-08,2.1323693169539304e-07,0.0007785841780811043,-4.453593049902338e-12,0.20126909189611036,-0.011165598474268141,10.68373464154297
518,-0.04128507086481917,-0.4484591151722121,0.4503554541219153,0.32999955416440474,0.3283721368634556,60.000000025539656,4.4583559527522354e-07,0.001627863136544394,-2.5539663258871153e-08,2.2291779763761177e-07,0.000813931568272197,-4.457512137179265e-12,0.2015663804670605,-0.0022163500105765975,10.684161960252199
519,-0.021328554944167504,-0.44985011704090877,0.4503554541223251,0.32999953392365855,0.3282982325701426,60.00000002556204,4.6607634146544896e-07,0.0017017674298573926,-2.556204164160993e-08,2.3303817073272448e-07,0.0008508837149286963,-4.461417901779896e-12,0.2014659452917487,0.006737271677683832,10.684609130784862
520,-0.0013299542633474527,-0.45035349036049394,0.45035545412287625,0.3299995127639911,0.3282209730533793,60.00000002558448,4.872360089280825e-07,0.0017790269466207431,-2.5584483635442335e-08,2.4361800446404125e-07,0.0008895134733103716,-4.465334768610774e-12,0.20096798454534365,0.015677599616740708,10.685077094010047
521,0.018671270636828663,-0.4499682418922957,0.45035545412355915,0.3299994906436837,0.32814020598744925,60.00000002560697,5.093563162916759e-07,0.001859794012550764,-2.5606976518149646e-08,2.5467815814583794e-07,0.000929897006275382,-4.469260517225849e-12,0.20007348078659257,0.024586993063580514,10.685566842823649
522,0.038635654037527556,-0.4486951317951342,0.45035545412436206,0.32999946751912385,0.3280557721311136,60.000000025629504,5.324808761697497e-07,0.0019442278688864278,-2.5629507567513134e-08,2.6624043808487485e-07,0.0009721139344432139,-4.473192927179071e-12,0.19878419901907077,0.033447872314047195,10.68607941672791
523,0.05852380291427722,-0.44653667212540427,0.450355454125272,0.32999944334471876,0.3279675050136498,60.00000002565216,5.56655281258589e-07,0.0020324949863502195,-2.565216583906388e-08,2.783276406292945e-07,0.0010162474931751098,-4.477147541592785e-12,0.19710268320853896,0.04224275339050022,10.686615907100185
524,0.0782964746659046,-0.4434971218803747,0.45035545412627637,0.329999418072806,0.32787523060663243,60.000000025674744,5.819271940432635e-07,0.002124769393367587,-2.567474777730227e-08,2.9096359702163177e-07,0.0010623846966837935,-4.481088833330204e-12,0.19503225126327883,0.050954282540590805,10.687177460355272
525,0.09791465454666733,-0.43958247859448046,0.45035545412735933,0.3299993916535591,0.32777876698082525,60.00000002569758,6.083464408890293e-07,0.002221233019174762,-2.5697584159915178e-08,3.0417322044451467e-07,0.001110616509587381,-4.485074533988609e-12,0.19257698848731256,0.05956527047907893,10.687765281333231
526,0.11733963264878815,-0.43480046650519794,0.45035545412850314,0.3299993640348897,0.3276779239474784,60.00000002572063,6.359651102960662e-07,0.0023220760525216044,-2.5720636820246426e-08,3.179825551480331e-07,0.0011610380262608022,-4.489097982229851e-12,0.1897417395194243,0.06805872630512949,10.688380636149489
527,0.13653308028349348,-0.4291605213118523,0.4503554541296904,0.3299993351623445,0.3275725026833502,60.000000025743546,6.648376555395963e-07,0.002427497316649818,-2.5743549536171687e-08,3.3241882776979814e-07,0.001213748658324909,-4.49309700556455e-12,0.18653209877388838,0.0764178910281657,10.68902485374479
528,0.15545712560984426,-0.4226737715574243,0.4503554541309038,0.32999930497899793,0.32746229533871307,60.000000025766354,6.95021002083962e-07,0.0025377046612869436,-2.5766360474347145e-08,3.47510501041981e-07,0.0012688523306434718,-4.497078265330856e-12,0.18295439940176642,0.08462627063612504,10.689699334611054
529,0.17407442836212939,-0.4153530166700956,0.4503554541321231,0.3299992734253404,0.32734708462755147,60.000000025789255,7.265746596041289e-07,0.00265291537244855,-2.578926046805368e-08,3.6328732980206446e-07,0.001326457686224275,-4.501075068219507e-12,0.17901570079455578,0.09266766864086683,10.690405547575352
530,0.19234825352837706,-0.4072127017078677,0.4503554541333298,0.3299992404391602,0.32722664339915614,60.00000002581235,7.5956083983586e-07,0.0027733566008438792,-2.581235129504111e-08,3.7978041991793e-07,0.0013866783004219396,-4.505105177798896e-12,0.17472377465484543,0.10052621803651673,10.691145038341261
531,0.21024254383459703,-0.39826888885607464,0.4503554541345034,0.3299992059554214,0.327100734190273,60.00000002583577,7.940445785892258e-07,0.002899265809726992,-2.5835772899715406e-08,3.970222892946129e-07,0.001449632904863496,-4.509193018975566e-12,0.17008708966146374,0.1081864126076901,10.691919433472894
532,0.22772199089173595,-0.3885392257340421,0.4503554541356247,0.32999916990613565,0.3269691087569125,60.000000025859165,8.300938643679423e-07,0.00303089124308753,-2.5859169059952252e-08,4.1504693218397115e-07,0.001515445621543765,-4.5132764192601375e-12,0.16511479475937835,0.1156331375258143,10.69273044408931
533,0.24475210486495488,-0.3780429105734197,0.45035545413667244,0.3299991322202276,0.3268315075849176,60.000000025882535,8.677797724288006e-07,0.0031684924150824356,-2.5882539775751643e-08,4.338898862144003e-07,0.0015842462075412178,-4.51735537865261e-12,0.1598167011073178,0.12285169917318109,10.693579869993593
534,0.2612992825277737,-0.36680065433690334,0.4503554541376287,0.32999909282339546,0.32668765937829997,60.00000002590602,9.071766045587459e-07,0.0033123406217000495,-2.590602499151957e-08,4.5358830227937297e-07,0.0016561703108500248,-4.521454322059526e-12,0.15420326271873777,0.12982785413587886,10.69446960995547
535,0.27733087356677993,-0.3548346398520847,0.45035545413847483,0.32999905163796384,0.32653728052434705,60.00000002592963,9.483620361794287e-07,0.0034627194756529645,-2.5929637429474756e-08,4.7418101808971436e-07,0.0017313597378264822,-4.525575469926935e-12,0.14828555583432554,0.1365478373084034,10.695401659196767
536,0.29281524500609013,-0.3421684780410734,0.4503554541391956,0.3299990085827312,0.3263800745344472,60.00000002595307,9.914172688363365e-07,0.0036199254655528423,-2.595307175636778e-08,4.957086344181683e-07,0.0018099627327764212,-4.5296655315496535e-12,0.1420752570667513,0.14299838905448098,10.696378122131824
537,0.3077218436244323,-0.32882716133224593,0.4503554541397744,0.3299989635728092,0.32621573145953764,60.00000002597662,1.0364271907925549e-06,0.0037842685404623766,-2.5976620583229336e-08,5.182135953962774e-07,0.0018921342702311883,-4.533775577186816e-12,0.13558462036078361,0.14916678137052286,10.697401215110988
538,0.3220212562417018,-0.3148370143460586,0.4503554541401981,0.329998916519456,0.3260439272789977,60.00000002600031,1.08348054400631e-06,0.003956072721002291,-2.6000309354496874e-08,5.41740272003155e-07,0.0019780363605011453,-4.53791004773052e-12,0.12882645281423488,0.15504084300007676,10.698473275936447
539,0.33568526775601665,-0.30022564195222956,0.45035545414045663,0.32999886732990064,0.3258643232618062,60.00000002602387,1.1326700993796734e-06,0.004135676738193816,-2.6023870903577158e-08,5.663350496898367e-07,0.002067838369096908,-4.542022313813732e-12,0.1218140894074405,0.16060898344973001,10.69959676934376
540,0.34868691681677527,-0.28502187480077296,0.4503554541405447,0.3299988159071604,0.32567656529870065,60.00000002604743,1.184092839612294e-06,0.004323434701299367,-2.6047432452657438e-08,5.92046419806147e-07,0.0021617173506496834,-4.5461345798969435e-12,0.11456136669114375,0.16586021585906532,10.700774293223105
541,0.3610005490238499,-0.2692557124343622,0.45035545414045675,0.32999876214984963,0.3254802832040117,60.00000002607099,1.237850150381803e-06,0.004519716795988338,-2.607099400173772e-08,6.189250751909015e-07,0.002259858397994169,-4.550246845980155e-12,0.1070825954846944,0.17078417867955348,10.702008594980319
542,0.3726018675479579,-0.2529582640942821,0.45035545414019196,0.3299987059519798,0.3252750899857931,60.00000002609487,1.2940480202394689e-06,0.00472491001420694,-2.6094873606286148e-08,6.470240101197344e-07,0.00236245500710347,-4.554414623214598e-12,0.0993925326384403,0.17537115611959916,10.703302569249855
543,0.3834679810723145,-0.2361616873367592,0.45035545413975187,0.3299986472027507,0.3250605810828304,60.00000002611902,1.3527972493321272e-06,0.004939418917169591,-2.611902037742782e-08,6.763986246660636e-07,0.0024697094585847956,-4.558629029816075e-12,0.09150635191602119,0.17961209731540578,10.704659275311435
544,0.3935774489609852,-0.2188991245807915,0.450355454139143,0.3299985857863315,0.3248363335670024,60.000000026143404,1.4142136685046935e-06,0.005163666432997593,-2.614340887072528e-08,7.071068342523468e-07,0.0025818332164987967,-4.5628856248924876e-12,0.08343961405402764,0.1834986341898232,10.706081948197449
545,0.40291032356479883,-0.2012046377126908,0.4503554541383795,0.32999852158163306,0.32460190530942845,60.00000002616777,1.478418366951395e-06,0.005398094690571564,-2.6167771919585293e-08,7.392091834756975e-07,0.002699047345285782,-4.567137779076802e-12,0.07520823605809335,0.1870230979639483,10.707574003740216
546,0.4114481895813485,-0.1831131408763463,0.4503554541374734,0.32999845446206866,0.3243568341087725,60.000000026192076,1.54553793135781e-06,0.005643165891227542,-2.61920840795704e-08,7.72768965678905e-07,0.002821582945613771,-4.57138105147692e-12,0.06682845979601365,0.1901785342888912,10.709139059172498
547,0.4191742003914311,-0.16466033158186463,0.45035545413644684,0.3299983842953046,0.32410063677994516,60.00000002621648,1.6157046954234922e-06,0.005899363220054854,-2.621648529508659e-08,8.078523477117461e-07,0.002949681610027427,-4.575639866999382e-12,0.05831681994985902,0.1929587169678517,10.710780936902376
548,0.42607311130020026,-0.14588262026847684,0.450355454135319,0.32999831094299925,0.3238328082014682,60.00000002624135,1.6890570007643824e-06,0.0061671917985318125,-2.6241357232695632e-08,8.445285003821912e-07,0.0030835958992659063,-4.579980839025666e-12,0.04969011139031114,0.19535816024143465,10.71250368771687
549,0.432131309617466,-0.126817058460739,0.4503554541341103,0.3299982342605306,0.3235528203195561,60.00000002626628,1.7657394694170492e-06,0.006447179680443893,-2.626628005917958e-08,8.828697347085246e-07,0.0032235898402219465,-4.5843306928361475e-12,0.04096535603761224,0.19737212961195566,10.714311600445205
550,0.4373368415177861,-0.10750126565975315,0.45035545413284606,0.32999815409671046,0.3232601211070105,60.00000002629129,1.8459032895545846e-06,0.006739878892989493,-2.629129194119461e-08,9.229516447772923e-07,0.0033699394464947463,-4.5886960897689736e-12,0.03215976927450655,0.19899665118538457,10.71620922055303
551,0.4416794356273311,-0.08797335511368026,0.4503554541315508,0.3299980702934871,0.3229541334748332,60.0000000263164,1.9297065129153523e-06,0.007045866525166811,-2.6316405600959446e-08,9.648532564576762e-07,0.0035229332625834053,-4.593079250270193e-12,0.02329072597744372,0.20022851951249404,10.718201369065573
552,0.4451505232910053,-0.06827185861401214,0.45035545413025424,0.329997982685633,0.3226342541344323,60.00000002634115,2.0173143669977023e-06,0.007365745865567708,-2.634115031638123e-08,1.0086571834988511e-06,0.003682872932783854,-4.597398017835985e-12,0.014375726233082056,0.20106530391373692,10.720293159207802
553,0.4477432554798102,-0.04843565046597814,0.4503554541289813,0.32999789110041966,0.32229985240817266,60.000000026366116,2.1088995803553168e-06,0.007700147591827355,-2.6366124031740084e-08,1.0544497901776584e-06,0.0038500737959136777,-4.601756753430664e-12,0.005432360807727837,0.20150535327537705,10.722490020961878
554,0.44945251630511035,-0.028503870783127216,0.45035545412775524,0.3299977953572766,0.3219502689859166,60.00000002639173,2.204642723435679e-06,0.008049731014083406,-2.6391733858035227e-08,1.1023213617178396e-06,0.004024865507041703,-4.606226511327805e-12,-0.003521723562147694,0.20154779930740685,10.72479772030021
555,0.4502749331131264,-0.008515848257419578,0.4503554541265975,0.3299976952674356,0.32158481462512917,60.0000000264179,2.304732564406553e-06,0.008415185374870848,-2.641790346195431e-08,1.1523662822032765e-06,0.004207592687435424,-4.610793968851113e-12,-0.012468858989831178,0.20119255825682622,10.727222390667123
556,0.45020888313973767,0.011488977442769999,0.45035545412552785,0.32999759063355844,0.3212027687919611,60.000000026444845,2.4093664415802962e-06,0.008797231208038936,-2.644484912121567e-08,1.2046832207901481e-06,0.004398615604019468,-4.615496873583425e-12,-0.021391391300024147,0.20044033107289994,10.729770552956493
557,0.4492544967124616,0.031471133493632036,0.4503554541245628,0.32999748124934786,0.3208033782406291,60.000000026472385,2.5187506521584524e-06,0.009196621759370915,-2.6472392724757143e-08,1.2593753260792262e-06,0.004598310879685458,-4.6203041392800515e-12,-0.030271714863442368,0.1992926020240692,10.732449147396672
558,0.44741365699330005,0.05139119180231738,0.45035545412371875,0.32999736689914067,0.3203858555283146,60.00000002649984,2.6331008593505345e-06,0.009614144471685404,-2.6499847272767535e-08,1.3165504296752673e-06,0.004807072235842702,-4.625095861854334e-12,-0.0390923073356276,0.19775163576924432,10.73526556938805
559,0.44468999626294314,0.0712098468050794,0.4503554541230063,0.3299972473574827,0.31994937746262236,60.0000000265276,2.7526425173118874e-06,0.010050622537377651,-2.6527607154027348e-08,1.3763212586559437e-06,0.005025311268688826,-4.629940875133798e-12,-0.04783576423142613,0.19582047288925952,10.738227700664696
560,0.4410888887536848,0.09088799302363922,0.45035545412243605,0.32999712238868434,0.3194930834785825,60.00000002655497,2.8776113156769867e-06,0.010506916521417498,-2.655497264650666e-08,1.4388056578384933e-06,0.005253458260708749,-4.634717054585735e-12,-0.05648483326690986,0.19350292388730478,10.741343951688787
561,0.4366174400451746,0.11038680222674507,0.45035545412201705,0.3299969917463558,0.31901607394194265,60.00000002658251,3.008253644243286e-06,0.01098392605805737,-2.6582516250048135e-08,1.504126822121643e-06,0.005491963029028685,-4.6395243202823625e-12,-0.06502244840098238,0.19080356167017387,10.7446233007845
562,0.4312844730439312,0.12966780004468295,0.4503554541217518,0.3299968551729211,0.31851740837542136,60.00000002660992,3.144827078915835e-06,0.011482591624578653,-2.6609919909183625e-08,1.5724135394579175e-06,0.0057412958122893265,-4.644307161072448e-12,-0.07343176350949177,0.18772771252516554,10.748075339732514
563,0.42510051057429665,0.14869294188556154,0.4503554541216423,0.3299967123991106,0.31799610360448743,60.00000002663654,3.2876008894122677e-06,0.012003896395512581,-2.6636547512976838e-08,1.6438004447061338e-06,0.0060019481977562905,-4.648954554653528e-12,-0.08169618562541354,0.1842814456104399,10.751710332292793
564,0.41807775461516505,0.16742468800356725,0.450355454121686,0.32999656314342996,0.3174511318189007,60.00000002666265,3.4368565700604314e-06,0.012548868181099293,-2.666265350580229e-08,1.7184282850302157e-06,0.0062744340905496465,-4.65351090994659e-12,-0.08979940767951577,0.18047156097956796,10.755539257984063
565,0.4102300622234695,0.18582607757109737,0.4503554541218871,0.32999640711160494,0.3168814185462797,60.0000000266891,3.5928883950764323e-06,0.013118581453720302,-2.668910299853334e-08,1.7964441975382162e-06,0.006559290726860151,-4.658127217282981e-12,-0.09772544067689562,0.17630557616390485,10.759573885536014
566,0.4015729181919028,0.20386080160854927,0.450355454122231,0.32999624399600147,0.31628584053363873,60.0000000267151,3.7560039985451432e-06,0.013714159466361286,-2.6715107213608986e-08,1.8780019992725716e-06,0.006857079733180643,-4.662665809007649e-12,-0.10545864524591696,0.171791711339255,10.763826834103302
567,0.3921234044948881,0.2214932746279522,0.45035545412271305,0.32999607347501914,0.3156632235328014,60.00000002674155,3.926524980879531e-06,0.014336776467198609,-2.6741556706340036e-08,1.9632624904397655e-06,0.007168388233599304,-4.66728211634404e-12,-0.11298376249725306,0.16693887310611732,10.768311649292269
568,0.3819001665830047,0.23868870484900154,0.45035545412331857,0.3299958952124567,0.3150123399852114,60.00000002676935,4.104787543313115e-06,0.014987660014788629,-2.676935475425603e-08,2.0523937716565577e-06,0.007493830007394314,-4.672133790961653e-12,-0.12028594413221301,0.16175663691548417,10.773042887819495
569,0.3709233765924638,0.2554131628489856,0.45035545412404765,0.3299957088568498,0.3143319066016808,60.00000002679819,4.2911431502035136e-06,0.015668093398319205,-2.679819602410754e-08,2.1455715751017568e-06,0.007834046699159603,-4.677167542155303e-12,-0.12735078174087677,0.1562552281749002,10.778036207392407
570,0.3592146935421096,0.27163364851113797,0.450355454124877,0.3299955140407778,0.31362058183224223,60.00000002682679,4.4859592222001865e-06,0.016379418167757787,-2.682679557180326e-08,2.2429796111000933e-06,0.008189709083878893,-4.682159104874017e-12,-0.13416433523227222,0.15044550207204346,10.783308469026144
571,0.3467972205966518,0.2873181561393161,0.4503554541258041,0.32999531038013913,0.3128769632211236,60.0000000268564,4.6896198608870066e-06,0.017123036778876388,-2.685640017477832e-08,2.3448099304435033e-06,0.008561518389438194,-4.687326082830623e-12,-0.14071316034046855,0.1443389221556512,10.788877847369559
572,0.3336954594802653,0.3024357376105313,0.4503554541268169,0.32999509747339406,0.31209958464166576,60.00000002688568,4.90252660595436e-06,0.017900415358334254,-2.688568672228524e-08,2.45126330297718e-06,0.008950207679167127,-4.692437549635997e-12,-0.14698433515234094,0.13794753771604312,10.79476396242535
573,0.3199352621306603,0.3169565634406874,0.4503554541278975,0.3299948749007735,0.31128691340566933,60.000000026913746,5.12509922651061e-06,0.018713086594330686,-2.6913751936794473e-08,2.562549613255305e-06,0.009356543297165343,-4.697335853620644e-12,-0.1529654856046355,0.13128396000988166,10.800988009189775
574,0.3055437796889324,0.33085198164308854,0.45035545412902184,0.32999464222345065,0.3104373472415559,60.00000002694096,5.3577765493639795e-06,0.0195626527584441,-2.6940964762649075e-08,2.6788882746819898e-06,0.00978132637922205,-4.70208538771999e-12,-0.15864480990003338,0.12436133737608807,10.80757292441194
575,0.2905494089259007,0.34409457426353834,0.45035545413017475,0.3299943989826764,0.3095492111352989,60.000000026967626,5.601017323608737e-06,0.02045078886470114,-2.6967630533098464e-08,2.8005086618043684e-06,0.01022539443235057,-4.7067394426392185e-12,-0.16401110179405085,0.11719332929199439,10.814543551453797
576,0.27498173621057354,0.35665821148049065,0.45035545413133815,0.32999414469887456,0.30862075402794314,60.000000026995245,5.855301125456958e-06,0.02137924597205687,-2.6995250469952294e-08,2.927650562728479e-06,0.010689622986028435,-4.711560031012141e-12,-0.16905377270681032,0.10979407942094088,10.821926837823858
577,0.25887147913135294,0.36851810316349204,0.4503554541324804,0.3299938788706964,0.3076501453632079,60.00000002702359,6.121129303593431e-06,0.02234985463679212,-2.7023595573273494e-08,3.0605646517967156e-06,0.01117492731839606,-4.716507184809871e-12,-0.17376287261605602,0.10217818770449352,10.829752052338886
578,0.24225042588518908,0.379650847788233,0.4503554541335983,0.3299936009740322,0.30663547147834774,60.00000002705382,6.399025967829264e-06,0.023364528521652272,-2.7053823564966127e-08,3.199512983914632e-06,0.011682264260826136,-4.721782964622889e-12,-0.17812910969018755,0.09436068155435459,10.838051030581576
579,0.2251513725541944,0.3900344786115845,0.4503554541346737,0.3299933104609777,0.3055747318311198,60.00000002708262,6.689539022330937e-06,0.024425268168880243,-2.7082626668161458e-08,3.3447695111654685e-06,0.012212634084440122,-4.726810054478392e-12,-0.18214386862259008,0.08635698620078278,10.846858452609087
580,0.20760805839356444,0.39964850701561194,0.45035545413567857,0.3299930067587542,0.30446583505552366,60.00000002711115,6.993241245811799e-06,0.025534164944476356,-2.7111149882544825e-08,3.4966206229058994e-06,0.012767082472238178,-4.7317882945208116e-12,-0.18579922763104312,0.07818289425608639,10.856212146257
581,0.18965509925844873,0.4084739629350252,0.4503554541365924,0.3299926892685791,0.30330659483844963,60.00000002714099,7.3107314209064356e-06,0.026693405161550388,-2.7140996207675677e-08,3.6553657104532178e-06,0.013346702580775194,-4.736997460952353e-12,-0.1890879740887083,0.06985453455319116,10.866153438718872
582,0.17132791930119393,0.4164934322882357,0.4503554541374087,0.3299923573644852,0.3020947256090855,60.00000002717191,7.642635514837348e-06,0.027905274390914503,-2.71719111991795e-08,3.821317757418674e-06,0.013952637195457251,-4.742393144852031e-12,-0.19200361875584168,0.06138834032077387,10.876727559931295
583,0.15266268107358924,0.4236910913382148,0.4503554541381107,0.3299920103920868,0.30082783803267277,60.00000002720553,7.989607913205798e-06,0.029172161967327248,-2.7205536023271936e-08,3.994803956602899e-06,0.014586080983663624,-4.748261783760199e-12,-0.19454040858412913,0.05280101675780578,10.887984076708996
584,0.13369621417219865,0.43005273791534004,0.45035545413868205,0.32999164766728917,0.29950343429968623,60.000000027239324,8.35233271084812e-06,0.030496565700313782,-2.7239326236207804e-08,4.17616635542406e-06,0.015248282850156891,-4.7541592884670085e-12,-0.1966933380684038,0.04410950807142627,10.899977417205717
585,0.11446594256752268,0.43556581944062117,0.450355454139118,0.32999126847494015,0.29811890320110407,60.00000002727328,8.731525059868517e-06,0.03188109679889595,-2.7273281837987108e-08,4.365762529934258e-06,0.015940548399447974,-4.760085658972457e-12,-0.19845815912333448,0.03533096404322698,10.912767440350347
586,0.09500981076027902,0.44021945769401144,0.45035545413940925,0.32999087206742,0.296671514980127,60.000000027307486,9.127932580010878e-06,0.03332848501987301,-2.730749188414093e-08,4.563966290005439e-06,0.016664242509936505,-4.766056438398891e-12,-0.1998313894655988,0.026482706189910065,10.926420096446185
587,0.07536620891064605,0.44400447027892725,0.4503554541395429,0.32999045766316715,0.2951584159501596,60.000000027342004,9.542336832868425e-06,0.03484158404984039,-2.734200726354417e-08,4.771168416434213e-06,0.017420792024920195,-4.7720805085305076e-12,-0.20081031948500624,0.01758219358506321,10.941008188461748
588,0.05557389708817025,0.4469133887406494,0.4503554541395245,0.3299900244451377,0.2935766228684745,60.000000027382825,9.975554862318159e-06,0.03642337713152549,-2.7382832863435436e-08,4.9877774311590795e-06,0.018211688565762746,-4.779205919902552e-12,-0.20139301759100547,0.008646988409527614,10.956612229754171
589,0.03567192879171365,0.448940473302815,0.4503554541393683,0.3299895715591941,0.29192301705433854,60.00000002742228,1.0428440805898553e-05,0.038076982945661475,-2.742228446370431e-08,5.214220402949277e-06,0.019038491472830738,-4.786091523101277e-12,-0.2015783340240333,-0.0003052787016841023,10.973321443998714
590,0.0156995738904661,0.4500817241929151,0.4503554541390717,0.32998909811242155,0.2901943382402553,60.000000027458555,1.0901887578462777e-05,0.039805661759744704,-2.745855550929172e-08,5.450943789231388e-06,0.019902830879872352,-4.79242201478769e-12,-0.20136590312417926,-0.009256943447553144,10.991234897054246
591,-0.004303758861990452,0.4503348895345103,0.450355454138619,0.3299886031713671,0.28838717814399795,60.0000000274926,1.1396828632936895e-05,0.04161282185600207,-2.7492600166602105e-08,5.6984143164684475e-06,0.020806410928001035,-4.798363928415483e-12,-0.2007561440526909,-0.018190342715617976,11.0104628229114
592,-0.024298599587677733,0.44969946979061165,0.45035545413803924,0.32998808576019945,0.28649797374879726,60.0000000275277,1.1914239800570048e-05,0.04350202625120275,-2.7527700768066736e-08,5.957119900285024e-06,0.021751013125601376,-4.804490139065365e-12,-0.19975025996490162,-0.02708784943421682,11.031128136701234
593,-0.044245495164747455,0.44817671874928483,0.45035545413733946,0.3299875448587851,0.28452300027838606,60.00000002756094,1.2455141214895438e-05,0.04547699972161395,-2.7560943925597393e-08,6.227570607447719e-06,0.022738499860806977,-4.810292164592056e-12,-0.1983502356362037,-0.035931907353647444,11.053368205970598
594,-0.06410508707509478,0.4457696410497234,0.45035545413651284,0.3299869794006769,0.2824583638532714,60.00000002759288,1.3020599323121385e-05,0.04754163614672863,-2.7592889416818013e-08,6.510299661560692e-06,0.023770818073364314,-4.815867704621724e-12,-0.19655883354576098,-0.04470506568748897,11.077336887088489
595,-0.08383818906509331,0.4424829862536647,0.45035545413559186,0.3299863882710113,0.2802999938135185,60.00000002762518,1.36117289887272e-05,0.049700006186481516,-2.762517840794423e-08,6.8058644943636e-06,0.024850003093240758,-4.821503196694721e-12,-0.19437958842567546,-0.053390013545927796,11.103206916156871
596,-0.10340586446668959,0.43832323947362534,0.4503554541345719,0.32998577030431053,0.27804363469289706,60.000000027654664,1.4229695689482735e-05,0.05195636530710296,-2.765466851095076e-08,7.114847844741368e-06,0.02597818265355148,-4.826650190636883e-12,-0.19181680028638487,-0.06196961409297544,11.131172685480339
597,-0.12276950302579583,0.43329860857677893,0.4503554541334806,0.3299851242821847,0.2756848378288865,60.00000002768554,1.4875717815332479e-05,0.05431516217111354,-2.7685545335798408e-08,7.437858907666239e-06,0.02715758108555677,-4.8320392131984135e-12,-0.18887552593201856,-0.07042693836030361,11.161453494395229
598,-0.1418908970866741,0.4274190079894733,0.45035545413236266,0.3299844489309294,0.2732189525915448,60.000000027717654,1.5551069070640633e-05,0.05678104740845524,-2.7717656215862465e-08,7.775534535320316e-06,0.02839052370422762,-4.837643619026722e-12,-0.18556156898248996,-0.07874529865088799,11.194297365070009
599,-0.16073231698195437,0.42069603913435144,0.4503554541311998,0.32998374291901456,0.2706411172142819,60.000000027747106,1.6257080985460082e-05,0.0593588827857181,-2.7747108152212818e-08,8.128540492730041e-06,0.02967944139285905,-4.842783951630736e-12,-0.1818814684220002,-0.08690828146657045,11.229985521982117
