timestep,x_c,y_c,radius,p_current,q_current,beta_current,p_error,q_error,beta_error,vp,vq,vbeta,vx_c,vy_c,jacobian_cond
0,0.4914941935905813,0.5001060694383302,0.7011937129084315,0.33000000000000007,0.33,60.00000001518812,-5.551115123125783e-17,0.0,-1.5188128214830185e-08,-2.7755575615628914e-17,0.0,-2.6508284456383536e-12,-0.28352688031376727,0.0035356479443361677,10.674428169842715
1,0.47744879273250646,0.5004487029011075,0.691669179533922,0.33000000000000007,0.3299999999999958,60.00000001519395,-5.551115123125783e-17,4.218847493575595e-15,-1.5193954991006624e-08,-2.7755575615628914e-17,2.1094237467877974e-15,-2.6518454099289102e-12,-0.26971121238254403,0.008946161864863328,10.674428169088914
2,0.4605185084229715,0.5023115205489371,0.6814647168242123,0.33000000000000007,0.3299999999999887,60.00000001520381,-5.551115123125783e-17,1.1324274851176597e-14,-1.520381471051916e-08,-2.7755575615628914e-17,5.662137425588298e-15,-2.6535662556170792e-12,-0.23661679029593147,0.054099140796128445,10.674428169637805
3,0.4412050612529006,0.5049085442470699,0.6705181161824572,0.33000000000000007,0.32999999999998003,60.000000015216344,-5.551115123125783e-17,1.9984014443252818e-14,-1.5216346095964128e-08,-2.7755575615628914e-17,9.992007221626409e-15,-2.655753394975591e-12,-0.24874160511304513,0.043101711488359534,10.674428168649165
4,0.4210295708026354,0.5095287353586061,0.6609730944950724,0.3300000000000001,0.32999999999996993,60.000000015230796,-1.1102230246251565e-16,3.008704396734174e-14,-1.5230798536436697e-08,-5.551115123125783e-17,1.504352198367087e-14,-2.658275821687539e-12,-0.22186924770704053,0.09340915076134819,10.674428169120864
5,0.4011984966612756,0.515804671000724,0.6534636121081515,0.3300000000000002,0.3299999999999591,60.00000001524649,-1.6653345369377348e-16,4.091171845743702e-14,-1.52464977543444e-08,-8.326672684688674e-17,2.045585922871851e-14,-2.661015852112314e-12,-0.19027436087234315,0.10139339546798261,10.674428170249918
6,0.38177151195392667,0.523265491741791,0.647731628212924,0.3300000000000002,0.32999999999994806,60.00000001526289,-1.6653345369377348e-16,5.1958437552457326e-14,-1.526289669428203e-08,-8.326672684688674e-17,2.5979218776228663e-14,-2.663878007069798e-12,-0.18484109361311268,0.1022555263860506,10.6744281695736
7,0.36238599167254915,0.5310022282856974,0.642873994967033,0.3300000000000002,0.3299999999999367,60.0000000152798,-1.6653345369377348e-16,6.333822355486518e-14,-1.527980452296869e-08,-8.326672684688674e-17,3.166911177743259e-14,-2.6668289798692513e-12,-0.19288769954097873,0.08380540083856412,10.674428169910012
8,0.34288663272059017,0.5383936403895482,0.6383094507449933,0.3300000000000002,0.3299999999999249,60.00000001529709,-1.6653345369377348e-16,7.510658761589184e-14,-1.5297094018217122e-08,-8.326672684688674e-17,3.755329380794592e-14,-2.6698465660501825e-12,-0.19764982516636292,0.0658565507704767,10.674428169056808
9,0.32342475849781854,0.5455729087052953,0.6342344780304274,0.3300000000000001,0.3299999999999126,60.00000001531468,-1.1102230246251565e-16,8.743006318923108e-14,-1.531468884671498e-08,-5.551115123125783e-17,4.371503159461554e-14,-2.6729174429362956e-12,-0.1937440985465455,0.06684266143498307,10.674428169327825
10,0.3042910470906035,0.5531946398777218,0.6313615057389372,0.3300000000000002,0.32999999999989976,60.00000001533246,-1.6653345369377348e-16,1.0025313912365164e-13,-1.5332461786275e-08,-8.326672684688674e-17,5.012656956182582e-14,-2.676019406067098e-12,-0.1836799817090412,0.0865414450466995,10.674428170587744
11,0.2855633375481717,0.5613980777741178,0.6298525394726335,0.3300000000000002,0.32999999999988655,60.00000001535033,-1.6653345369377348e-16,1.13464793116691e-13,-1.5350336503584824e-08,-8.326672684688674e-17,5.67323965583455e-14,-2.679139132766295e-12,-0.17780371857925714,0.09560753585648729,10.674428169846037
12,0.2673137651374517,0.570329233164057,0.6298667186266171,0.3300000000000002,0.3299999999998729,60.00000001536826,-1.6653345369377348e-16,1.2712053631958042e-13,-1.536826210976955e-08,-8.326672684688674e-17,6.356026815979021e-14,-2.682267741249689e-12,-0.17133919103381254,0.10629162874862658,10.674428169394329
13,0.2496043942331764,0.5800718420087673,0.6314948103602714,0.3300000000000002,0.32999999999985885,60.000000015386185,-1.6653345369377348e-16,1.4116485758108865e-13,-1.538618771595428e-08,-8.326672684688674e-17,7.058242879054433e-14,-2.6853963497330825e-12,-0.16448900722559792,0.11636000239164207,10.674428169329246
14,0.23176805527681787,0.5895200718098923,0.6334432464819075,0.3300000000000002,0.3299999999998445,60.00000001540408,-1.6653345369377348e-16,1.5554224574998443e-13,-1.5404087877701557e-08,-8.326672684688674e-17,7.777112287499222e-14,-2.6885205173243777e-12,-0.18132597744540768,0.0876134536608443,10.674428170318498
15,0.21377640835599487,0.5986428078203146,0.6356678095708318,0.33000000000000024,0.3299999999998294,60.000000015422046,-2.220446049250313e-16,1.7064127888488656e-13,-1.5422051650542463e-08,-1.1102230246251565e-16,8.532063944244328e-14,-2.691655787145919e-12,-0.1835403217122783,0.08363250498774481,10.674428169124704
16,0.1959492904630841,0.6080205559136052,0.6388154043590962,0.33000000000000024,0.32999999999981344,60.0000000154401,-2.220446049250313e-16,1.8657297928825756e-13,-1.5440104478914448e-08,-1.1102230246251565e-16,9.328648964412878e-14,-2.694806600089805e-12,-0.17443216827770539,0.09972776286639046,10.67442816871906
17,0.1781271641869974,0.6173644334165928,0.6425481540469105,0.3300000000000003,0.3299999999997969,60.00000001545813,-2.7755575615628914e-16,2.031153023551724e-13,-1.5458131862848985e-08,-1.3877787807814457e-16,1.015576511775862e-13,-2.697952972141593e-12,-0.1781047917015207,0.0926484612560535,10.674428169125385
18,0.16029425572024533,0.6268611526719539,0.6470310295079503,0.3300000000000003,0.32999999999977964,60.0000000154762,-2.7755575615628914e-16,2.2037927038809357e-13,-1.5476210135658424e-08,-1.3877787807814457e-16,1.1018963519404679e-13,-2.701108225977578e-12,-0.17858066911626044,0.09853350010888973,10.674428170254433
19,0.1410407264949559,0.6314268652819579,0.6469871503592824,0.3300000000000003,0.32999999999976154,60.000000015494294,-2.7755575615628914e-16,2.384759056894836e-13,-1.549430113068659e-08,-1.3877787807814457e-16,1.192379528447418e-13,-2.7042657002596116e-12,-0.22568310995194935,-0.06939969562488577,10.674428169060624
20,0.12161965400042955,0.6267201769573633,0.6384117170327099,0.3300000000000003,0.32999999999974194,60.00000001551264,-2.7755575615628914e-16,2.5807134207411764e-13,-1.551264657008927e-08,-1.3877787807814457e-16,1.2903567103705882e-13,-2.7074675834626306e-12,-0.1981200678939918,-0.2634229050529857,10.67442816964385
21,0.10308802427545993,0.6138011912099205,0.6223978173802791,0.33000000000000035,0.32999999999972135,60.00000001553103,-3.3306690738754696e-16,2.786659791809143e-13,-1.553103017614813e-08,-1.6653345369377348e-16,1.3933298959045715e-13,-2.7106761280037974e-12,-0.16456263262659637,-0.32081013067389863,10.674428170255396
22,0.08442341748464739,0.5955603019875281,0.6015142448215692,0.33000000000000035,0.32999999999970037,60.0000000155493,-3.3306690738754696e-16,2.9964919434632975e-13,-1.5549299282238454e-08,-1.6653345369377348e-16,1.4982459717316488e-13,-2.7138646885305206e-12,-0.18974886611100028,-0.3065866399724386,10.674428169397634
23,0.06643326132049186,0.5731612563531332,0.5769984436668602,0.3300000000000004,0.3299999999996783,60.000000015567586,-3.885780586188048e-16,3.2174263253637037e-13,-1.5567593832766232e-08,-1.942890293094024e-16,1.6087131626818518e-13,-2.7170576899493428e-12,-0.1641643803527827,-0.3210141059570232,10.674428170256009
24,0.048299350382147034,0.55150474853822,0.5536156743694516,0.3300000000000004,0.32999999999965557,60.00000001558583,-3.885780586188048e-16,3.444466933899548e-13,-1.5585837494419106e-08,-1.942890293094024e-16,1.722233466949774e-13,-2.7202418095839678e-12,-0.18469338744774172,-0.19923919569436002,10.674428169915728
25,0.029150972453372375,0.5326286484815645,0.5334257740101009,0.3300000000000004,0.3299999999996317,60.000000015604115,-3.885780586188048e-16,3.683164884193957e-13,-1.560411932272816e-08,-1.942890293094024e-16,1.8415824420969784e-13,-2.7234325905567403e-12,-0.21515467573096636,-0.12388481954041358,10.674428170527252
26,0.009697519881558191,0.5193609868194405,0.5194515150828961,0.3300000000000004,0.3299999999996062,60.00000001562254,-3.885780586188048e-16,3.93796106834543e-13,-1.5622541095443196e-08,-1.942890293094024e-16,1.968980534172715e-13,-2.7266477964360546e-12,-0.20165293405559606,-0.0018130540821702894,10.674428169850865
27,-0.010168375541668754,0.5091415351008092,0.5092430643867081,0.3300000000000004,0.3299999999995795,60.000000015641064,-3.885780586188048e-16,4.2049697057677804e-13,-1.564106464590804e-08,-1.942890293094024e-16,2.1024848528838902e-13,-2.7298807658837634e-12,-0.20828262076509482,-0.031069618504789412,10.67442816906299
28,-0.02994352377225062,0.5033355069637017,0.5042253932382877,0.33000000000000046,0.3299999999995513,60.00000001565964,-4.440892098500626e-16,4.48696635402257e-13,-1.5659639085247788e-08,-2.220446049250313e-16,2.243483177011285e-13,-2.7331226171156685e-12,-0.19563404781063673,0.04491960219777143,10.674428169399334
29,-0.04980230068034486,0.49728378825189384,0.49977138294545226,0.3300000000000005,0.329999999999522,60.000000015678225,-4.996003610813204e-16,4.780065232523611e-13,-1.567822624680626e-08,-2.498001805406602e-16,2.3900326162618057e-13,-2.7363666887936233e-12,-0.20053910488943036,-0.06624996719435627,10.674428169399592
30,-0.06949078713369203,0.49018987767784933,0.4950909872682848,0.3300000000000005,0.32999999999949126,60.00000001569685,-4.996003610813204e-16,5.08759701034478e-13,-1.569685157502091e-08,-2.498001805406602e-16,2.54379850517239e-13,-2.7396174218097257e-12,-0.19291142058924515,-0.09525691585920211,10.674428169399826
31,-0.08905008011599318,0.48296524379407924,0.49110624459656305,0.3300000000000005,0.3299999999994592,60.00000001571546,-4.996003610813204e-16,5.407896352949138e-13,-1.5715464181016835e-08,-2.498001805406602e-16,2.703948176474569e-13,-2.742865934379779e-12,-0.19257841549847565,-0.07529654939789138,10.674428169129405
32,-0.10868470369141182,0.47434082644770537,0.4866329052289643,0.33000000000000057,0.3299999999994257,60.000000015734074,-5.551115123125783e-16,5.743183706385935e-13,-1.573407678701276e-08,-2.7755575615628914e-16,2.8715918531929674e-13,-2.746114446949832e-12,-0.1981039495934633,-0.1189057875910406,10.674428169400285
33,-0.12820796445171553,0.4655731791512841,0.482903372626332,0.33000000000000057,0.3299999999993907,60.0000000157527,-5.551115123125783e-16,6.092903959142859e-13,-1.575270211522741e-08,-2.7755575615628914e-16,3.0464519795714295e-13,-2.749365179965935e-12,-0.19263414191689332,-0.09101850513189236,10.67442816958188
34,-0.1473792819154205,0.4558014592386473,0.47903613953645,0.3300000000000006,0.3299999999993542,60.00000001577136,-6.106226635438361e-16,6.458167334244536e-13,-1.5771365610098238e-08,-3.0531133177191805e-16,3.229083667122268e-13,-2.752622574320185e-12,-0.18350116438295627,-0.12114556017127813,10.674428169852751
35,-0.16513400544033738,0.4390511847810344,0.46907907927171444,0.3300000000000006,0.3299999999993162,60.00000001578996,-6.106226635438361e-16,6.838418720178652e-13,-1.5789965493875437e-08,-3.0531133177191805e-16,3.419209360089326e-13,-2.755868866444189e-12,-0.14449337667735046,-0.3303356839585716,10.674428168809756
36,-0.18318062576227945,0.4251508366359092,0.4629345261987637,0.3300000000000006,0.32999999999927715,60.00000001580838,-6.106226635438361e-16,7.228662113334394e-13,-1.5808387266590474e-08,-3.0531133177191805e-16,3.614331056667197e-13,-2.759084072323503e-12,-0.18727712848321704,-0.07250520082647004,10.674428169807037
37,-0.20127971425226646,0.4119193908161121,0.458466037891348,0.3300000000000006,0.3299999999992362,60.00000001582687,-6.106226635438361e-16,7.638334409421077e-13,-1.5826872650399138e-08,-3.0531133177191805e-16,3.8191672047105385e-13,-2.762310380433064e-12,-0.18221514215413112,-0.11670673727352873,10.67442816913053
38,-0.21970722954076138,0.40096458408658137,0.45721314985923356,0.3300000000000006,0.32999999999919327,60.000000015845366,-6.106226635438361e-16,8.0674356084387e-13,-1.584537075642653e-08,-3.0531133177191805e-16,4.03371780421935e-13,-2.765538908988674e-12,-0.19193844485000483,-0.05642648852237287,10.674428169176755
39,-0.23802004505813498,0.390648294550671,0.45744904840301553,0.3300000000000007,0.3299999999991483,60.000000015863925,-6.661338147750939e-16,8.517075933411888e-13,-1.586393247354755e-08,-3.3306690738754696e-16,4.258537966705944e-13,-2.7687785397745304e-12,-0.1804518271807861,-0.0882641608412046,10.674428169401464
40,-0.2556668946078049,0.3798025118440977,0.45783786322396314,0.33000000000000074,0.3299999999991014,60.00000001588251,-7.216449660063518e-16,8.986145161316017e-13,-1.5882519635106025e-08,-3.608224830031759e-16,4.4930725806580085e-13,-2.772022611452485e-12,-0.16092928958350478,-0.12081266771441607,10.674428170259638
41,-0.2730041242385323,0.36886378124106955,0.4589027576324941,0.33000000000000074,0.3299999999990526,60.000000015901016,-7.216449660063518e-16,9.474088180638773e-13,-1.5901017741133417e-08,-3.608224830031759e-16,4.737044090319387e-13,-2.775251140008095e-12,-0.1661478315318406,-0.11155609028078056,10.67442816940168
42,-0.2905462931198883,0.3585567280261632,0.46149764426109047,0.3300000000000008,0.3299999999990017,60.00000001591948,-7.771561172376096e-16,9.983125437429408e-13,-1.5919490402723356e-08,-3.885780586188048e-16,4.991562718714704e-13,-2.778475227671606e-12,-0.18020360466143676,-0.08833139309280219,10.674428170259825
43,-0.3080408631945441,0.3482603103982629,0.4649456067072085,0.33000000000000085,0.32999999999894847,60.000000015938,-8.326672684688674e-16,1.051547737773717e-12,-1.5938001230969474e-08,-4.163336342344337e-16,5.257738688868585e-13,-2.7817059766732656e-12,-0.17383506192343756,-0.1027160125820908,10.674428169401834
44,-0.3252677955391339,0.337615539475,0.46881061347828196,0.33000000000000085,0.3299999999988928,60.00000001595652,-8.326672684688674e-16,1.1072254224586686e-12,-1.5956524781434318e-08,-4.163336342344337e-16,5.536127112293343e-13,-2.784938946120974e-12,-0.16602444307758052,-0.11457595279097255,10.674428169807866
45,-0.3420274672053663,0.3263882819746107,0.4727706620902527,0.3300000000000009,0.3299999999988347,60.00000001597503,-8.881784197001252e-16,1.1652900866465643e-12,-1.5975035609680436e-08,-4.440892098500626e-16,5.826450433232822e-13,-2.7881696951226334e-12,-0.156693967500551,-0.125863928470053,10.674428170294172
46,-0.3584724034881481,0.3147746799038769,0.47705928685139104,0.33000000000000096,0.3299999999987743,60.00000001599348,-9.43689570931383e-16,1.225741730337404e-12,-1.5993482826832923e-08,-4.718447854656915e-16,6.12870865168702e-13,-2.7913893418940463e-12,-0.15710553721386183,-0.12515072734858196,10.67442816964875
47,-0.3720727114887861,0.3005230928487728,0.47828049507585985,0.33000000000000107,0.3299999999987112,60.0000000160119,-1.0547118733938987e-15,1.288802398136113e-12,-1.601190459954796e-08,-5.273559366969494e-16,6.444011990680565e-13,-2.7946045477733607e-12,-0.06962842008964898,-0.20406885351947945,10.674428168725234
48,-0.38456293472332465,0.28489720646400146,0.4785969797376577,0.33000000000000107,0.3299999999986466,60.000000016029915,-1.0547118733938987e-15,1.353417378169297e-12,-1.6029919261263768e-08,-5.273559366969494e-16,6.767086890846485e-13,-2.797748699379099e-12,-0.0990002544696611,-0.18832584820642612,10.674428170325335
49,-0.395082861400351,0.2675254337101443,0.47713763743189425,0.3300000000000011,0.32999999999857965,60.00000001604778,-1.1102230246251565e-15,1.420363826554194e-12,-1.6047781256354868e-08,-5.551115123125783e-16,7.10181913277097e-13,-2.8008662056322463e-12,-0.05922568042827547,-0.2144550761503594,10.674428169401804
50,-0.4013977241510555,0.24724883190112387,0.4714362288052511,0.3300000000000012,0.3299999999985106,60.00000001606536,-1.1657341758564144e-15,1.4894196986858788e-12,-1.6065363362634e-08,-5.828670879282072e-16,7.447098493429394e-13,-2.8039348620723106e-12,0.034969530773775556,-0.2705453627104102,10.674428169401725
51,-0.40605493935247144,0.22656135744694017,0.4649845830355448,0.3300000000000012,0.3299999999984404,60.00000001608233,-1.1657341758564144e-15,1.55964130499342e-12,-1.6082334802414288e-08,-5.828670879282072e-16,7.7982065249671e-13,-2.80689693710201e-12,-0.007893709197420579,-0.21646177292876354,10.674428170078269
52,-0.4075253984698258,0.20443170119763387,0.45592682620410585,0.3300000000000013,0.32999999999836777,60.00000001609906,-1.27675647831893e-15,1.6322498908039051e-12,-1.6099064520038788e-08,-6.38378239159465e-16,8.161249454019526e-13,-2.8098168236567746e-12,0.059653050787853185,-0.25494747104566823,10.674428169401477
53,-0.4083260834701981,0.18172442863836333,0.44693842798091415,0.3300000000000013,0.3299999999982934,60.000000016115344,-1.27675647831893e-15,1.7066348334537906e-12,-1.611534896000788e-08,-6.38378239159465e-16,8.533174167268953e-13,-2.812658994599815e-12,0.0076212127258524776,-0.24055043949163116,10.674428169853384
54,-0.40564080265087216,0.15871299848797019,0.4355849821381429,0.3300000000000013,0.3299999999982158,60.00000001613155,-1.27675647831893e-15,1.784239422875089e-12,-1.6131557066664616e-08,-6.38378239159465e-16,8.921197114375445e-13,-2.8154878428665597e-12,0.10819201065281422,-0.2372113119632222,10.674428169130474
55,-0.40180224535945874,0.1358738634592852,0.42415415964865316,0.3300000000000013,0.32999999999813634,60.00000001614724,-1.27675647831893e-15,1.863675880287019e-12,-1.6147243562353595e-08,-6.38378239159465e-16,9.318379401435095e-13,-2.8182256528452853e-12,0.06529535726279709,-0.22437113078010093,10.674428169400931
56,-0.39299177467030627,0.11208732980580964,0.4086638037085168,0.3300000000000014,0.32999999999805374,60.00000001616276,-1.3877787807814457e-15,1.9462764733191307e-12,-1.616276466919914e-08,-6.938893903907228e-16,9.731382366595653e-13,-2.820934597025371e-12,0.2041160195052995,-0.2599713044462756,10.674428170324177
57,-0.38546429229032597,0.0886118787419558,0.39551837591325756,0.3300000000000015,0.3299999999979698,60.000000016177566,-1.4988010832439613e-15,2.0302093339807925e-12,-1.617757333179603e-08,-7.494005416219807e-16,1.0151046669903963e-12,-2.823519196226698e-12,0.045338429919089776,-0.22749591688047086,10.674428169400425
58,-0.38053143508423154,0.06601526753058981,0.3862152102577009,0.3300000000000015,0.3299999999978813,60.000000016192566,-1.4988010832439613e-15,2.1186941090434175e-12,-1.6192572827673815e-08,-7.494005416219807e-16,1.0593470545217087e-12,-2.8261371021187644e-12,-0.011212681996387398,-0.20545984888873803,10.674428169806108
59,-0.3761235285481375,0.04395443703799124,0.3786831145731591,0.33000000000000157,0.3299999999977874,60.000000016207984,-1.5543122344752192e-15,2.2126189769267057e-12,-1.620799215676955e-08,-7.771561172376096e-16,1.1063094884633529e-12,-2.8288282827304556e-12,0.031830216394244874,-0.20810675482120447,10.674428169840011
60,-0.37339680333361436,0.022521737249436263,0.3740753953262558,0.3300000000000016,0.329999999997689,60.000000016223495,-1.609823385706477e-15,2.311040248059726e-12,-1.6223500541396364e-08,-8.049116928532385e-16,1.155520124029863e-12,-2.831535006464492e-12,-0.011960312024747356,-0.1996706147909996,10.674428169484985
61,-0.37267487530202326,0.0014496277270771944,0.3726776946664848,0.3300000000000017,0.32999999999758517,60.000000016239284,-1.6653345369377348e-15,2.414846100862178e-12,-1.623928881483515e-08,-8.326672684688674e-16,1.207423050431089e-12,-2.8342905800116114e-12,-0.039559320619144314,-0.2023073223454837,10.674428169851083
62,-0.3727084535407585,-0.01942581780074709,0.3732143536065723,0.33000000000000174,0.32999999999747565,60.00000001625538,-1.7208456881689926e-15,2.5243696022414497e-12,-1.6255382421523354e-08,-8.604228440844963e-16,1.2621848011207248e-12,-2.837099444263913e-12,-0.01796426202828578,-0.2041656287388938,10.674428169916089
63,-0.3729823881705925,-0.04007640643401103,0.3751292846980926,0.3300000000000019,0.32999999999736096,60.0000000162716,-1.887379141862766e-15,2.6390556406852284e-12,-1.627160325039882e-08,-9.43689570931383e-16,1.3195278203426142e-12,-2.839930512976707e-12,-0.008347662090640246,-0.2012592254593631,10.674428170074787
64,-0.373158848430503,-0.06059125575425455,0.3780460639073717,0.33000000000000196,0.32999999999724094,60.000000016287885,-1.942890293094024e-15,2.7590707496472078e-12,-1.628788769036791e-08,-9.71445146547012e-16,1.3795353748236039e-12,-2.8427726839197478e-12,0.0005097993657764421,-0.20198124256509004,10.674428169803614
65,-0.3732996224481185,-0.08110291167632432,0.38200823342211543,0.33000000000000207,0.32999999999711555,60.00000001630417,-2.0539125955565396e-15,2.8844704402786192e-12,-1.6304172130337006e-08,-1.0269562977782698e-15,1.4422352201393096e-12,-2.845614854862788e-12,-0.0005750611892726964,-0.20504204659643893,10.6744281700001
66,-0.37257969877027014,-0.10141102244858217,0.38613446804165524,0.3300000000000022,0.3299999999969845,60.00000001632044,-2.1649348980190553e-15,3.015532268335619e-12,-1.6320443848087373e-08,-1.0824674490095276e-15,1.5077661341678095e-12,-2.8484548053597794e-12,0.02728218300595585,-0.19833172089343523,10.674428169396476
67,-0.3704367239436544,-0.12140850320198632,0.38982482103613403,0.3300000000000023,0.32999999999684787,60.000000016336635,-2.275957200481571e-15,3.1521452115157444e-12,-1.6336639232525384e-08,-1.1379786002407855e-15,1.5760726057578722e-12,-2.851281433180475e-12,0.05463427507069413,-0.19272677376059522,10.674428169801814
68,-0.36769589895300286,-0.1413880350214988,0.3939426995821822,0.3300000000000024,0.3299999999967058,60.000000016352615,-2.3869795029440866e-15,3.2941982475165332e-12,-1.6352618339245058e-08,-1.1934897514720433e-15,1.6470991237582666e-12,-2.8540703134183332e-12,0.04135808706732306,-0.19937650973745347,10.674428170589279
69,-0.36369000715383804,-0.16099948233339856,0.39773264212933424,0.3300000000000025,0.32999999999655755,60.0000000163685,-2.4980018054066022e-15,3.442468532455223e-12,-1.636850839043365e-08,-1.2490009027033011e-15,1.7212342662276114e-12,-2.8568436505338468e-12,0.06957714352357766,-0.18752583460784625,10.6744281699119
70,-0.35583254596887887,-0.17801876720771945,0.39787872806780017,0.3300000000000027,0.3299999999964032,60.00000001638421,-2.6645352591003757e-15,3.5967895328781196e-12,-1.638422033056008e-08,-1.3322676295501878e-15,1.7983947664390598e-12,-2.859585901404671e-12,0.16844456418468207,-0.10970905853292501,10.674428169479159
71,-0.34911569240638957,-0.19598011068994356,0.40036229901232623,0.33000000000000274,0.32999999999624374,60.00000001639939,-2.7200464103316335e-15,3.756273070365523e-12,-1.6399397937500024e-08,-1.3600232051658168e-15,1.8781365351827617e-12,-2.8622348935414267e-12,0.04055435776723599,-0.20159480233978308,10.674428170069424
72,-0.34206553111734667,-0.21414274292435606,0.403566527261317,0.3300000000000029,0.32999999999607643,60.00000001641475,-2.886579864025407e-15,3.9235836801765345e-12,-1.6414753655502128e-08,-1.4432899320127035e-15,1.9617918400882672e-12,-2.8649149719228718e-12,0.07827879317662619,-0.18632305989500006,10.674428169797872
73,-0.3336517959244684,-0.23174535119406206,0.40623814287149634,0.33000000000000307,0.3299999999959015,60.000000016430064,-3.0531133177191805e-15,4.098499317706228e-12,-1.6430071206848058e-08,-1.5265566588595902e-15,2.049249658853114e-12,-2.8675883889661693e-12,0.1159540763515306,-0.16295885685374562,10.67442816939091
74,-0.32390299099810393,-0.24867562011615554,0.4083536599782991,0.3300000000000032,0.32999999999571944,60.00000001644519,-3.164135620181696e-15,4.2805758937447536e-12,-1.6445197924913096e-08,-1.582067810090848e-15,2.1402879468723768e-12,-2.870228499318728e-12,0.12863967637823656,-0.15361477110982202,10.674428170313371
75,-0.313151535876864,-0.2650647504149751,0.4102721125479916,0.3300000000000033,0.32999999999552965,60.00000001646013,-3.2751579226442118e-15,4.470368519804424e-12,-1.646013380969725e-08,-1.6375789613221059e-15,2.235184259902212e-12,-2.8728353029805476e-12,0.13090972242607157,-0.1512647351116537,10.674428169388804
76,-0.3022582379851447,-0.28156257722096234,0.41308295452753163,0.33000000000000346,0.3299999999953317,60.000000016474935,-3.4416913763379853e-15,4.6683212850950895e-12,-1.6474942472294145e-08,-1.7208456881689926e-15,2.3341606425475447e-12,-2.875419902181875e-12,0.11224264356163999,-0.16751451989361604,10.674428169793659
77,-0.2912670165039893,-0.29816538385908,0.4168201902918904,0.3300000000000036,0.3299999999951248,60.000000016489736,-3.608224830031759e-15,4.875211345733987e-12,-1.6489738412672314e-08,-1.8041124150158794e-15,2.4376056728669937e-12,-2.8780022809371532e-12,0.1121970985649855,-0.16847759579738458,10.674428169792437
78,-0.27982165502170947,-0.3145170894533456,0.4209764342303407,0.3300000000000038,0.3299999999949086,60.00000001650454,-3.774758283725532e-15,5.091427279779737e-12,-1.6504547075269206e-08,-1.887379141862766e-15,2.5457136398898683e-12,-2.8805868801384805e-12,0.1250502148489542,-0.15765803158595063,10.674428169385132
79,-0.2669871579643844,-0.3295329059890677,0.42411564301201965,0.33000000000000396,0.3299999999946827,60.000000016519316,-3.941291737419306e-15,5.317302154139725e-12,-1.6519317571209925e-08,-1.970645868709653e-15,2.6586510770698624e-12,-2.88316481800166e-12,0.16075813399086397,-0.11898742065775346,10.674428169310156
80,-0.25386391023956206,-0.34438976632278356,0.42784482709269944,0.3300000000000042,0.3299999999944473,60.00000001653385,-4.163336342344337e-15,5.552724946511489e-12,-1.6533859067213576e-08,-2.0816681711721685e-15,2.7763624732557446e-12,-2.8857027878359534e-12,0.1379699928230681,-0.1448596252902016,10.67442816989981
81,-0.24080339035554965,-0.3595387595303663,0.4327290057430421,0.3300000000000044,0.3299999999942012,60.00000001654837,-4.385380947269368e-15,5.798805879919655e-12,-1.6548375118779775e-08,-2.192690473634684e-15,2.8994029399598276e-12,-2.888236316778148e-12,0.1291415492211399,-0.1583063657992284,10.674428170304285
82,-0.22749169445539216,-0.3747928300650187,0.43843145018843194,0.3300000000000046,0.3299999999939439,60.000000016562936,-4.6074255521944e-15,6.056100065876535e-12,-1.6562942059220876e-08,-2.3037127760972e-15,3.0280500329382676e-12,-2.8907787275045393e-12,0.1389777327115339,-0.15499250964466185,10.674428169464715
83,-0.21291786691940465,-0.3884685400387671,0.4429919013406007,0.3300000000000048,0.32999999999367513,60.00000001657747,-4.773959005888173e-15,6.3248850601382856e-12,-1.65774708330058e-08,-2.3869795029440866e-15,3.1624425300691428e-12,-2.893314476892783e-12,0.17518801352912464,-0.09992868664962454,10.674428169377471
84,-0.19732366963870443,-0.4006807612945235,0.4466337460058784,0.330000000000005,0.3299999999933947,60.000000016591805,-4.9960036108132044e-15,6.6053273961586e-12,-1.659180877350984e-08,-2.4980018054066022e-15,3.3026636980793e-12,-2.8958169195902884e-12,0.17975060018351297,-0.08797414247099657,10.67442817005233
85,-0.18147339689379918,-0.4126547306919855,0.45079543092477037,0.33000000000000523,0.329999999993102,60.00000001660603,-5.218048215738236e-15,6.898037696601023e-12,-1.6606032214045345e-08,-2.609024107869118e-15,3.4490188483005113e-12,-2.8982993782733503e-12,0.16447782161372634,-0.11418048394763794,10.674428169373774
86,-0.16626275522236847,-0.42552135449981154,0.45684978593569187,0.33000000000000546,0.32999999999279606,60.0000000166202,-5.440092820663267e-15,7.2039596510364845e-12,-1.6620204765705947e-08,-2.7200464103316335e-15,3.6019798255182423e-12,-2.900772955172215e-12,0.1371816916664773,-0.14949484098660404,10.674428169186648
87,-0.1509095531120894,-0.43828798728402624,0.4635407781608575,0.3300000000000057,0.3299999999924759,60.000000016634516,-5.662137425588298e-15,7.524092460187148e-12,-1.6634517261772533e-08,-2.831068712794149e-15,3.762046230093574e-12,-2.9032709569776216e-12,0.15685843134248104,-0.12533320395775846,10.674428170046316
88,-0.13536583773200125,-0.45085911131673323,0.4707418063888111,0.33000000000000596,0.3299999999921413,60.0000000166488,-5.9396931817445875e-15,7.85871367980917e-12,-1.6648804313401667e-08,-2.9698465908722937e-15,3.929356839904585e-12,-2.9057645178909296e-12,0.1598824634296536,-0.12114936945843408,10.674428169970462
89,-0.11784714340601192,-0.45991738076366984,0.47477568001896603,0.3300000000000062,0.32999999999179164,60.00000001666309,-6.161737786669619e-15,8.208378421414864e-12,-1.6663091365030802e-08,-3.0808688933348094e-15,4.104189210707432e-12,-2.908258078804238e-12,0.2212697853307729,-0.008616087468049122,10.67442817032279
90,-0.09803554827454057,-0.4649690472624255,0.47519173355353883,0.3300000000000065,0.3299999999914271,60.000000016677085,-6.494804694057166e-15,8.572920151550534e-12,-1.667708580562924e-08,-3.247402347028583e-15,4.286460075775267e-12,-2.9107005694584134e-12,0.25161697010912637,0.04297073713662408,10.674428168771513
91,-0.07618128200782763,-0.4657662750657899,0.47195530584687484,0.33000000000000684,0.3299999999910471,60.00000001669075,-6.827871601444713e-15,8.952893981728494e-12,-1.6690749468540807e-08,-3.4139358007223564e-15,4.476446990864247e-12,-2.913085328515308e-12,0.26620498915592244,0.09129795819205896,10.674428169154796
92,-0.05396292995312187,-0.46468689744933966,0.46780969471593753,0.3300000000000071,0.3299999999906507,60.000000016704114,-7.105427357601002e-15,9.349299112670906e-12,-1.670412052042168e-08,-3.552713678800501e-15,4.674649556335453e-12,-2.9154190173130703e-12,0.230678855600069,0.05458123596012626,10.674428170551465
93,-0.031228568683948337,-0.46237983710614783,0.4634332069072693,0.33000000000000745,0.3299999999902365,60.000000016717436,-7.438494264988549e-15,9.763523323158552e-12,-1.6717440683427648e-08,-3.7192471324942744e-15,4.881761661579276e-12,-2.9177438243266352e-12,0.23938382769582447,0.051716533722501096,10.674428169169335
94,-0.007723546576547661,-0.4530592354965471,0.45312506445840733,0.33000000000000773,0.32999999998980367,60.000000016730716,-7.716050021144838e-15,1.0196343769308669e-11,-1.673072267977744e-08,-3.858025010572419e-15,5.0981718846543345e-12,-2.9200619700020527e-12,0.25303230729913767,0.25685531231196046,10.674428169868929
95,0.015541598083152383,-0.44253704979620717,0.4428098708399678,0.33000000000000806,0.3299999999893516,60.000000016743876,-8.049116928532385e-15,1.0648426584936033e-11,-1.6743877453939973e-08,-4.0245584642661925e-15,5.324213292468016e-12,-2.9223579112169775e-12,0.22705430615050104,0.1332588191205113,10.674428169788497
96,0.03806813488311379,-0.4324765525030605,0.43414876639052125,0.33000000000000845,0.32999999998887874,60.000000016757106,-8.43769498715119e-15,1.1121270571123887e-11,-1.675710856141486e-08,-4.218847493575595e-15,5.5606352855619434e-12,-2.9246671751081978e-12,0.20803118460557393,0.08983224343020077,10.674428170268442
97,0.05969364044918204,-0.42272254429302974,0.42691647914275777,0.33000000000000884,0.3299999999883841,60.00000001677042,-8.826273045769994e-15,1.1615930439745625e-11,-1.677042872442083e-08,-4.413136522884997e-15,5.807965219872813e-12,-2.9269919821217627e-12,0.1952309935363784,0.09038867016084669,10.674428170264962
98,0.08082727937691948,-0.4163836795226241,0.4241561241621697,0.33000000000000923,0.3299999999878665,60.00000001678392,-9.2148511043888e-15,1.2133516413825873e-11,-1.6783926998488963e-08,-4.6074255521944e-15,6.066758206912937e-12,-2.9293478753800174e-12,0.19985950104952263,-0.016298032553846407,10.674428169423367
99,0.10166675838791049,-0.4126492282546379,0.42498884143028276,0.3300000000000096,0.3299999999873252,60.0000000167975,-9.603429163007604e-15,1.2674805649481868e-11,-1.6797501605869448e-08,-4.801714581503802e-15,6.337402824740934e-12,-2.9317170913145675e-12,0.20153105871902507,-0.02342513570990195,10.674428169333988
100,0.12219610665535359,-0.40890576165330444,0.42677372270911385,0.33000000000001006,0.3299999999867592,60.000000016811136,-1.0047518372857667e-14,1.3240797347435773e-11,-1.6811139824343564e-08,-5.023759186428833e-15,6.6203986737178866e-12,-2.9340974094793637e-12,0.19805709865818177,0.03764502379140269,10.674428170287642
101,0.14208700975229074,-0.40387769084444436,0.42814239162011053,0.3300000000000105,0.3299999999861674,60.000000016824835,-1.049160758270773e-14,1.3832601730712213e-11,-1.682484165391131e-08,-5.245803791353865e-15,6.9163008653561064e-12,-2.9364888298744064e-12,0.18401197699077673,0.08025480626413906,10.6744281700678
102,0.16211319765022336,-0.39900727402642494,0.43068259028939043,0.33000000000001095,0.32999999998554835,60.00000001683864,-1.0935696792557792e-14,1.44516620892432e-11,-1.683864526122886e-08,-5.467848396278896e-15,7.2258310446216e-12,-2.938898013837843e-12,0.20341852433575056,0.0450255750605344,10.67442816999794
103,0.1818082300228078,-0.39327839694035527,0.43326911960581943,0.33000000000001145,0.3299999999849013,60.00000001685243,-1.1435297153639112e-14,1.509870006799474e-11,-1.6852436146327686e-08,-5.717648576819556e-15,7.54935003399737e-12,-2.9413049773552304e-12,0.18922336146759497,0.07731951044845871,10.674428169834126
104,0.1998982793177542,-0.3832066896959261,0.4322113939982479,0.33000000000001195,0.32999999998422475,60.0000000168663,-1.1934897514720433e-14,1.5775269979201312e-11,-1.6866303364738866e-08,-5.9674487573602164e-15,7.887634989600656e-12,-2.943725263548913e-12,0.14345088780448123,0.20204977613914366,10.674428169717752
105,0.21546799265447192,-0.36896801852498085,0.42727491683083646,0.3300000000000125,0.32999999998351665,60.000000016880406,-1.2490009027033011e-14,1.6483370224307237e-11,-1.688041230530584e-08,-6.2450045135165055e-15,8.241685112153618e-12,-2.946187738217532e-12,0.09688929434177526,0.23961586999458898,10.674428169824118
106,0.2314665604926196,-0.3558038527102993,0.42446807916470686,0.33000000000001306,0.3299999999827752,60.00000001689491,-1.304512053934559e-14,1.7224832671303147e-11,-1.6894915634653312e-08,-6.522560269672795e-15,8.612416335651574e-12,-2.948719046713677e-12,0.16999228341473038,0.10656986650055636,10.674428169818755
107,0.24764010142148388,-0.34319108351739464,0.4232088605380164,0.3300000000000136,0.32999999998200036,60.00000001690936,-1.3600232051658168e-14,1.7999657320189044e-11,-1.6909368075125884e-08,-6.800116025829084e-15,8.999828660094522e-12,-2.9512414734256256e-12,0.165818114738586,0.11326177075413624,10.67442816981313
108,0.2636437414447695,-0.3306100800570683,0.42286055318312393,0.3300000000000143,0.3299999999811905,60.00000001692381,-1.426636586643326e-14,1.8809509505501865e-11,-1.6923820515598453e-08,-7.13318293321663e-15,9.404754752750932e-12,-2.9537639001375737e-12,0.156072045769249,0.12506883417631273,10.67442816944656
109,0.27983321445513254,-0.3182986179726179,0.42381675063117874,0.3300000000000149,0.3299999999803438,60.00000001693831,-1.4876988529977098e-14,1.965622109523224e-11,-1.6938311122727202e-08,-7.438494264988549e-15,9.82811054761612e-12,-2.95629298818767e-12,0.16623083313532874,0.11682532207395029,10.674428169880608
110,0.2953126492794007,-0.305204183771641,0.42468712555966653,0.33000000000001556,0.3299999999794588,60.000000016952775,-1.554312234475219e-14,2.0541235379312184e-11,-1.6952776285418496e-08,-7.771561172376096e-15,1.0270617689656092e-11,-2.9588176353456674e-12,0.13822679056704096,0.1492136913952372,10.674428169658496
111,0.3106752659985766,-0.29209015946400413,0.4264220704407708,0.3300000000000163,0.3299999999785332,60.00000001696736,-1.6264767310758543e-14,2.1466828314942177e-11,-1.6967368670297052e-08,-8.132383655379272e-15,1.0733414157471088e-11,-2.9613644869641578e-12,0.15090041140617075,0.1315973455649706,10.674428170103775
112,0.32463957449703146,-0.27683799896516487,0.4266498927699974,0.330000000000017,0.3299999999775656,60.00000001698199,-1.6986412276764895e-14,2.2434443192054232e-11,-1.6981999221831784e-08,-8.493206138382448e-15,1.1217221596027116e-11,-2.9639179999207957e-12,0.10701589316765482,0.20241144944957706,10.674428170096666
113,0.3381921244490973,-0.2614992141134627,0.4274994175684364,0.3300000000000178,0.32999999997655327,60.00000001699684,-1.7763568394002505e-14,2.344674454590745e-11,-1.6996846051084855e-08,-8.881784197001252e-15,1.1723372272953725e-11,-2.9665092604602708e-12,0.1259178001048298,0.1554090834169997,10.67442816888686
114,0.3515698735097163,-0.24604295813364688,0.42911363670570224,0.3300000000000186,0.32999999997549495,60.00000001701178,-1.8596235662471372e-14,2.450506464413138e-11,-1.701178193586901e-08,-9.298117831235686e-15,1.225253232206569e-11,-2.9691160641220906e-12,0.12969880313900878,0.15730355278732264,10.674428169327468
115,0.36516223345447346,-0.230928661263916,0.4320549772130901,0.3300000000000194,0.3299999999743884,60.00000001702675,-1.9373391779708982e-14,2.5611623932775274e-11,-1.7026755987309338e-08,-9.686695889854491e-15,1.2805811966387637e-11,-2.971729529122058e-12,0.1409311867440372,0.14316392279518178,10.67442817059071
116,0.37859118894255844,-0.2157082774528397,0.4357308220755232,0.3300000000000203,0.32999999997323176,60.000000017041685,-2.0261570199409107e-14,2.6768254279829762e-11,-1.704169187209349e-08,-1.0130785099704553e-14,1.3384127139914881e-11,-2.974336332783878e-12,0.13047678422507925,0.1546792000753373,10.674428169793984
117,0.3906599302392248,-0.1996307697659805,0.43871132345982805,0.33000000000002117,0.32999999997202256,60.000000017056685,-2.1149748619109232e-14,2.797745368710025e-11,-1.7056691367971275e-08,-1.0574874309554616e-14,1.3988726843550126e-11,-2.976954238675944e-12,0.08894908183350007,0.18077463397000962,10.674428170055677
118,0.40260124952413845,-0.1833730250295602,0.4423951089545287,0.33000000000002216,0.3299999999707578,60.00000001707189,-2.2148949341271873e-14,2.924221975675323e-11,-1.707189441934867e-08,-1.1074474670635936e-14,1.4621109878376615e-11,-2.9796076717047983e-12,0.11644001257483182,0.1667829785204627,10.674428170046271
119,0.41519361072071304,-0.16770625835960154,0.44778468428060425,0.33000000000002316,0.32999999996943563,60.00000001708712,-2.3148150063434514e-14,3.056438435677933e-11,-1.7087122915163515e-08,-1.1574075031717257e-14,1.5282192178389664e-11,-2.982265545625751e-12,0.14111458990440776,0.142878178482005,10.674428170036432
120,0.4270061678638159,-0.15149371745530446,0.45308345127820426,0.3300000000000242,0.3299999999680537,60.00000001710228,-2.4202861936828413e-14,3.194633446668149e-11,-1.7102287799884733e-08,-1.2101430968414206e-14,1.5973167233340746e-11,-2.984912317316457e-12,0.09993014351661868,0.17486014117735943,10.67442817002612
121,0.43796433137890295,-0.13477914560984988,0.45823375437814556,0.33000000000002533,0.32999999996660867,60.00000001711758,-2.531308496145357e-14,3.3391345244382364e-11,-1.7117579906793212e-08,-1.2656542480726785e-14,1.6695672622191182e-11,-2.987581293467656e-12,0.0896457838304436,0.1788597737480418,10.674428170080759
122,0.4478697333105138,-0.11743723068251188,0.46301058429155617,0.3300000000000265,0.32999999996509766,60.000000017133004,-2.6478819137309983e-14,3.49023587808972e-11,-1.7133011958107672e-08,-1.3239409568654992e-14,1.74511793904486e-11,-2.9902746945253966e-12,0.07448958236827984,0.1880571545171382,10.674428169844862
123,0.4568540311564972,-0.09965865101450737,0.46759753261322184,0.3300000000000277,0.3299999999635175,60.000000017148615,-2.7700064464397656e-14,3.648253921184619e-11,-1.7148622120484295e-08,-1.3850032232198828e-14,1.8241269605923094e-11,-2.992999181827827e-12,0.06835054979514675,0.18797464062874245,10.6744281705097
124,0.4634710678844445,-0.08122095501628192,0.4705340309687539,0.330000000000029,0.32999999996186513,60.00000001716437,-2.8976820942716586e-14,3.813488413939581e-11,-1.7164372227266904e-08,-1.4488410471358293e-14,1.9067442069697904e-11,-2.9957480940367986e-12,0.010934274525290597,0.19975634102054318,10.67442816985061
125,0.47411767952621436,-0.06798929752204629,0.4789677636510243,0.3300000000000303,0.3299999999601367,60.0000000171805,-3.0309088572266774e-14,3.986333485528348e-11,-1.7180504000611284e-08,-1.5154544286133387e-14,1.993166742764174e-11,-2.998563619627248e-12,0.20048953107342915,0.010842343182582738,10.67442816977222
126,0.48295733382487044,-0.05280529557000191,0.4858355540051208,0.33000000000003166,0.3299999999583318,60.000000017196044,-3.164135620181696e-14,4.16682244264166e-11,-1.719605055189428e-08,-1.582067810090848e-14,2.08341122132083e-11,-3.001277004699432e-12,0.046234204980536056,0.1973947235357842,10.674428170276128
127,0.49083157939498884,-0.03641258927063892,0.4921803693655117,0.33000000000003316,0.3299999999564441,60.00000001721186,-3.314015728506092e-14,4.3555936635186754e-11,-1.7211864269770516e-08,-1.657007864253046e-14,2.1777968317593377e-11,-3.00403701913865e-12,0.056216252035270184,0.19213016443087158,10.674428169744449
128,0.4981335121929307,-0.019153460678935818,0.4985016058405872,0.33000000000003465,0.32999999995447016,60.000000017227855,-3.4638958368304884e-14,4.552985766181905e-11,-1.7227856098708913e-08,-1.7319479184152442e-14,2.2764928830909525e-11,-3.006828119822558e-12,0.0596653632952613,0.19280780607144124,10.674428170076041
129,0.5043562295872038,-0.0010866064505419732,0.5043574001013553,0.33000000000003626,0.3299999999524063,60.00000001724395,-3.624878175401136e-14,4.7593706753445986e-11,-1.724394970539712e-08,-1.812439087700568e-14,2.3796853376722993e-11,-3.0096369840748595e-12,0.037045481190435166,0.19951547380652265,10.674428169705815
130,0.5101484229106478,0.017405035242297157,0.510445245496524,0.33000000000003793,0.3299999999502484,60.000000017260206,-3.7914116290949096e-14,4.975159173525867e-11,-1.726020870092876e-08,-1.8957058145474548e-14,2.4875795867629336e-11,-3.012474714125801e-12,0.047876371581721505,0.1948281244319198,10.674428170215212
131,0.5147906147204258,0.03632035001128994,0.516070290589544,0.33000000000003965,0.3299999999479922,60.00000001727658,-3.963496197911809e-14,5.2007842477053146e-11,-1.7276582196428935e-08,-1.9817480989559044e-14,2.6003921238526573e-11,-3.0153324281911865e-12,0.019588549445565134,0.1990388527999803,10.674428169586944
132,0.519252977077754,0.05544136984264209,0.522204365832132,0.3300000000000414,0.329999999945633,60.00000001729312,-4.141131881851834e-14,5.436701089323037e-11,-1.7293121080772546e-08,-2.070565940925917e-14,2.7183505446615186e-11,-3.018219008055212e-12,0.04042760301609225,0.19600998310171108,10.674428170180331
133,0.5220541384394265,0.07490181517522078,0.5274000430207366,0.33000000000004337,0.32999999994316676,60.000000017309695,-4.335420911161236e-14,5.6833260320132695e-11,-1.7309698131772334e-08,-2.167710455580618e-14,2.8416630160066347e-11,-3.021112249257385e-12,-0.010749742948560993,0.20252438168753625,10.674428169789545
134,0.5233672235088175,0.09458549011898025,0.5318455279349222,0.3300000000000453,0.3299999999405877,60.00000001732655,-4.529709940470639e-14,5.941230840633693e-11,-1.732655507158409e-08,-2.2648549702353193e-14,2.9706154203168467e-11,-3.024054340272642e-12,-0.021590929459318328,0.20204544036494496,10.674428170033359
135,0.5245307816394256,0.11436321599737302,0.5368533189433856,0.33000000000004737,0.32999999993789086,60.00000001734362,-4.7351012000262926e-14,6.21091511554539e-11,-1.7343628289114186e-08,-2.3675506000131463e-14,3.105457557772695e-11,-3.027034178870736e-12,0.00814661940114166,0.19997178059183798,10.674428170163878
136,0.5233514700926297,0.13411667895666712,0.5402629404488914,0.3300000000000495,0.32999999993507156,60.00000001736076,-4.9460435747050724e-14,6.492845150418702e-11,-1.736076511773791e-08,-2.4730217873525362e-14,3.246422575209351e-11,-3.030025119699076e-12,-0.06646007460733133,0.19696849481377535,10.674428169400421
137,0.5204085972337458,0.15383446876010085,0.5426694683262524,0.3300000000000517,0.3299999999321231,60.00000001737827,-5.168088179630104e-14,6.787692630183528e-11,-1.7378270890704687e-08,-2.584044089815052e-14,3.393846315091764e-11,-3.0330804534628443e-12,-0.07057849253752405,0.19634552439739822,10.674428170034584
138,0.5172752172242706,0.1735844584021864,0.5456236931743312,0.33000000000005403,0.32999999992904,60.00000001739604,-5.4012350148013866e-14,7.096001564121934e-11,-1.7396043830264705e-08,-2.7006175074006933e-14,3.548000782060967e-11,-3.036182416593647e-12,-0.03577896694185254,0.19825122598919961,10.674428170463234
139,0.5110755245390126,0.19268292067392612,0.546191266592813,0.33000000000005647,0.3299999999258168,60.000000017413875,-5.645484080218921e-14,7.41832151263111e-11,-1.7413880380918354e-08,-2.8227420401094605e-14,3.709160756315555e-11,-3.039295481954696e-12,-0.13354422262075677,0.1757823174091535,10.674428170072227
140,0.5001034007778421,0.21040445950509204,0.5425619301510132,0.330000000000059,0.3299999999224459,60.00000001743219,-5.900835375882707e-14,7.755412978482923e-11,-1.7432200375883584e-08,-2.9504176879413535e-14,3.8777064892414614e-11,-3.0424929242656163e-12,-0.22107796271618205,0.14508717469812488,10.674428170498684
141,0.48946845564856695,0.22839346267216534,0.5401323382897704,0.33000000000006174,0.3299999999189196,60.000000017451214,-6.17284001691587e-14,8.108042015564365e-11,-1.7451220092878734e-08,-3.086420008457935e-14,4.0540210077821826e-11,-3.0458124911092456e-12,-0.09848194988179745,0.1861308661750525,10.67442817047187
142,0.47526464534342905,0.2494303610875164,0.5367420126519483,0.3300000000000645,0.32999999991523354,60.00000001747022,-6.45039577307216e-14,8.476647161970163e-11,-1.747022708765516e-08,-3.22519788653608e-14,4.2383235809850817e-11,-3.0491298375068253e-12,-0.2253116238213583,0.281486539946376,10.67442816990622
143,0.46178055867673784,0.2692080954779066,0.5345224813257548,0.33000000000006746,0.32999999991137835,60.00000001748979,-6.744604874597826e-14,8.862166556156126e-11,-1.7489793860055523e-08,-3.372302437298913e-14,4.431083278078063e-11,-3.0525448835305725e-12,-0.11804731510307513,0.1683968499879808,10.67442817036316
144,0.4490813066855881,0.28818199652936516,0.5335943057586786,0.33000000000007057,0.3299999999073487,60.000000017509265,-7.05546732149287e-14,9.265133105174073e-11,-1.7509271576924806e-08,-3.527733660746435e-14,4.632566552587036e-11,-3.0559443864319746e-12,-0.10867971081545823,0.1709828992726766,10.67442817036367
145,0.4372083932557156,0.3066703345037802,0.534039205674925,0.33000000000007373,0.3299999999031365,60.00000001752862,-7.37188088351104e-14,9.686351720716857e-11,-1.752862207160683e-08,-3.68594044175552e-14,4.8431758603584285e-11,-3.0593216848728846e-12,-0.09944790120219162,0.17355357461295953,10.674428170422962
146,0.425457473749862,0.32452836982570554,0.5351006679040351,0.330000000000077,0.3299999998987335,60.00000001754789,-7.69939667577546e-14,1.0126649518937825e-10,-1.7547896232976497e-08,-3.84969833788773e-14,5.0633247594689124e-11,-3.0626856606374987e-12,-0.11466267016468455,0.16387329132766668,10.674428170474922
147,0.4135953889198633,0.34182373416413975,0.5365674337617682,0.3300000000000805,0.3299999998941307,60.00000001756718,-8.049116928532385e-14,1.0586931331602045e-10,-1.7567183116564895e-08,-4.0245584642661925e-14,5.2934656658010226e-11,-3.066051856848162e-12,-0.12121470586329039,0.1598246537693881,10.674428170172831
148,0.4003169103834769,0.35732170418815046,0.5365933553659575,0.33000000000008417,0.32999999988931883,60.00000001758648,-8.415490526658687e-14,1.1068118643819957e-10,-1.7586482722372016e-08,-4.207745263329343e-14,5.534059321909979e-11,-3.069420273504875e-12,-0.16583397184613624,0.11304049957011186,10.674428169950962
149,0.3860000161084069,0.37148590270206494,0.5357217452577956,0.330000000000088,0.3299999998842879,60.00000001760602,-8.798517470154366e-14,1.1571210656313724e-10,-1.7606024050334926e-08,-4.399258735077183e-14,5.785605328156862e-11,-3.0728308786365235e-12,-0.1673986433198688,0.11052064990345434,10.674428170149831
150,0.37071166664223526,0.38428974548375133,0.5339529457439393,0.330000000000092,0.32999999987902806,60.00000001762574,-9.198197759019422e-14,1.2097195467575261e-10,-1.762574348936e-08,-4.599098879509711e-14,6.048597733787631e-11,-3.0762725700128615e-12,-0.1755507824539697,0.09629679406478041,10.674428170647253
151,0.3555414724979237,0.3972585255500416,0.53312669675058,0.33000000000009616,0.3299999998735289,60.00000001764561,-9.614531393253856e-14,1.2647111136132594e-10,-1.7645615595009783e-08,-4.807265696626928e-14,6.323555568066297e-11,-3.0797409067417903e-12,-0.14894498393295194,0.13353633730352557,10.674428170087703
152,0.3407658191721621,0.4106693426553949,0.5336390657673863,0.33000000000010055,0.3299999998677802,60.000000017665485,-1.0053069487980792e-13,1.3221979067168377e-10,-1.766548770065957e-08,-5.026534743990396e-14,6.610989533584188e-11,-3.0832092434707194e-12,-0.13855058082468824,0.14442236863152466,10.674428170182768
153,0.32612373275316986,0.4242586678131455,0.5351187777301838,0.3300000000001051,0.3299999998617708,60.000000017685345,-1.0508260928077107e-13,1.3822920585937482e-10,-1.7685347084090626e-08,-5.2541304640385533e-14,6.911460292968741e-11,-3.086675359753599e-12,-0.14330430303187613,0.14005843946663546,10.674428170727204
154,0.31183433070602873,0.4382211802762405,0.5378461235795775,0.33000000000010987,0.3299999998554886,60.000000017705176,-1.0985656828665924e-13,1.4451140284421626e-10,-1.7705181023084232e-08,-5.492828414332962e-14,7.225570142210813e-11,-3.09013703514438e-12,-0.13466471846146089,0.14833282842217554,10.674428170212929
155,0.2979470800464907,0.4526010016749651,0.5418672616290928,0.33000000000011487,0.32999999984892137,60.000000017724986,-1.1485257189747244e-13,1.5107864959063022e-10,-1.7724989517640387e-08,-5.742628594873622e-14,7.553932479531511e-11,-3.093594269643063e-12,-0.12948897421789066,0.15353542248511345,10.67442817127121
156,0.2833144337274966,0.46631136138423246,0.5456311520746853,0.3300000000001201,0.3299999998420562,60.00000001774475,-1.2007062011321068e-13,1.5794382468570234e-10,-1.7744759845540366e-08,-6.003531005660534e-14,7.897191234285117e-11,-3.097044842803598e-12,-0.16371902857714046,0.12148282433854962,10.674428170320748
157,0.26781871709593513,0.4789670997463909,0.5487589159789403,0.3300000000001255,0.329999999834879,60.000000017764656,-1.2551071293387395e-13,1.6512102796184536e-10,-1.77646573956276e-08,-6.275535646693697e-14,8.256051398092268e-11,-3.1005176204246254e-12,-0.1750954736087351,0.10194955218894308,10.674428170265704
158,0.25027345254235617,0.4884747241483958,0.548857319509654,0.3300000000001312,0.32999999982737543,60.0000000177847,-1.3117285035946225e-13,1.7262458129607694e-10,-1.7784707612339546e-08,-6.558642517973112e-14,8.631229064803847e-11,-3.104017043398244e-12,-0.2232754303827136,0.02162025161644089,10.674428170208145
159,0.23202067533752244,0.49642036858484123,0.5479660355624149,0.33000000000013713,0.3299999998195303,60.00000001780507,-1.3711254354120683e-13,1.8046969474383445e-10,-1.7805075884519638e-08,-6.855627177060342e-14,9.023484737191723e-11,-3.1075719775230937e-12,-0.19903640057748523,0.04301024516802558,10.674428170895863
160,0.21303414089282735,0.5026099707824747,0.5458940629058948,0.3300000000001434,0.32999999981132866,60.00000001782557,-1.4338530363033897e-13,1.8867135631595033e-10,-1.782557137888699e-08,-7.169265181516948e-14,9.433567815797517e-11,-3.111149116108436e-12,-0.20698634671024352,0.020921703070701285,10.674428169909438
161,0.19277858985829907,0.5052620558082818,0.5407895429345555,0.3300000000001499,0.32999999980275424,60.000000017846205,-1.4988010832439613e-13,1.972457752685841e-10,-1.7846206817660325e-08,-7.494005416219807e-14,9.862288763429206e-11,-3.11475067960032e-12,-0.23216589744123556,-0.05602121708449086,10.674428170704047
162,0.17165537882606144,0.5070971896876596,0.535362614373698,0.3300000000001567,0.3299999997937901,60.00000001786705,-1.5670797992584085e-13,2.0620993801401255e-10,-1.7867058534152e-08,-7.835398996292042e-14,1.0310496900700628e-10,-3.118389990675041e-12,-0.23147751026877322,-0.0007108546229002838,10.674428171021052
163,0.15063772566365194,0.5083027362585076,0.530154124836357,0.33000000000016383,0.32999999978441846,60.00000001788805,-1.6381340728344185e-13,2.1558155260947842e-10,-1.788805019504966e-08,-8.190670364172092e-14,1.0779077630473921e-10,-3.122053726656304e-12,-0.20771351466130136,-0.002634904823881047,10.674428170025582
164,0.12958039646090044,0.5093604022895523,0.5255845303731252,0.33000000000017127,0.3299999997746216,60.00000001790905,-1.712519015484304e-13,2.2537843813452696e-10,-1.7909054578166044e-08,-8.56259507742152e-14,1.1268921906726348e-10,-3.1257196830836164e-12,-0.21149906630201998,0.0071261143816924305,10.674428171222658
165,0.10835715707207898,0.5064599566915241,0.517921771333011,0.33000000000017904,0.32999999976437994,60.00000001793008,-1.790234627208065e-13,2.3562007900324033e-10,-1.793008440571988e-08,-8.951173136040325e-14,1.1781003950162017e-10,-3.1293900804030273e-12,-0.2161036315630359,-0.12136039399185797,10.674428171058368
166,0.08702599156861586,0.5015553306899553,0.5090493816438747,0.33000000000018714,0.32999999975367317,60.000000017951145,-1.8712809080057013e-13,2.463268478081204e-10,-1.7951152399929897e-08,-9.356404540028507e-14,1.231634239040602e-10,-3.1330671390605857e-12,-0.21582993104279263,-0.09581046943153912,10.67442817065559
167,0.06539143860804313,0.4960478507309855,0.500339395268911,0.33000000000019564,0.32999999974248034,60.00000001797227,-1.9562129693895258e-13,2.575196722531814e-10,-1.7972271283014815e-08,-9.781064846947629e-14,1.287598361265907e-10,-3.1367530795023413e-12,-0.22342457027146978,-0.0691413919289896,10.674428171462777
168,0.04430297083593923,0.49329289646048524,0.4952783408582139,0.3300000000002045,0.32999999973077915,60.000000017993436,-2.0450308113595383e-13,2.6922086782121823e-10,-1.7993441054974635e-08,-1.0225154056797692e-13,1.3461043391060912e-10,-3.1404479017282937e-12,-0.19814268998996692,0.03667605669258719,10.674428171187618
169,0.022966740615471572,0.4891277848941133,0.48966668370425237,0.3300000000002138,0.32999999971854704,60.00000001801455,-2.137734433915739e-13,2.814529720396308e-10,-1.8014559938059553e-08,-1.0688672169578695e-13,1.407264860198154e-10,-3.1441338421700493e-12,-0.2191434259996852,-0.07455478590065213,10.674428170566486
170,0.001912838086225226,0.4841821110838265,0.4841858895539347,0.3300000000002235,0.3299999997057595,60.000000018035735,-2.23487894857044e-13,2.942405208372634e-10,-1.8035742432238098e-08,-1.11743947428522e-13,1.471202604186317e-10,-3.147830884842051e-12,-0.20395137916383002,-0.06766985712748064,10.67442817150302
171,-0.018613644492618955,0.4772024744663009,0.4775653561535407,0.33000000000023366,0.32999999969239163,60.000000018056866,-2.336464355323642e-13,3.076083832098675e-10,-1.805687403754174e-08,-1.168232177661821e-13,1.5380419160493375e-10,-3.151519045729856e-12,-0.192958360278929,-0.11725549834404422,10.674428171683546
172,-0.038715323278808327,0.4695651001202128,0.4711584229401912,0.3300000000002442,0.3299999996784171,60.00000001807799,-2.441935542663032e-13,3.2158292695427804e-10,-1.807799292062666e-08,-1.220967771331516e-13,1.6079146347713902e-10,-3.1552049861716115e-12,-0.19110469936648788,-0.09172095712724619,10.674428171896372
173,-0.05879017968995987,0.46085519058242985,0.4645899180080703,0.3300000000002553,0.32999999966380816,60.000000018099044,-2.5529578451255475e-13,3.361918521349594e-10,-1.809904819261795e-08,-1.2764789225627737e-13,1.680959260674797e-10,-3.1588798243831206e-12,-0.2001227086938327,-0.11212491651726608,10.674428172400958
174,-0.07882044976046226,0.4536336784439554,0.46043042636106873,0.3300000000002669,0.32999999964853616,60.00000001812011,-2.6689761511988763e-13,3.514638580170981e-10,-1.8120116186827963e-08,-1.3344880755994382e-13,1.7573192900854906e-10,-3.162556883040679e-12,-0.19926235275641074,-0.03748584873417153,10.674428171195805
175,-0.09809294896123004,0.4452466744288153,0.4559241468992731,0.33000000000027907,0.3299999996325707,60.00000001814119,-2.790545572395331e-13,3.674293092004177e-10,-1.8141196903256704e-08,-1.3952727861976655e-13,1.8371465460020886e-10,-3.166236162144287e-12,-0.17504367171375237,-0.11106485060682161,10.674428171986738
176,-0.11715159519626288,0.4346026141121953,0.45011546124320456,0.3300000000002917,0.32999999961588083,60.00000001816217,-2.917110997202599e-13,3.8411918090730524e-10,-1.8162175841935636e-08,-1.4585554986012994e-13,1.9205959045365262e-10,-3.169897677679501e-12,-0.18559655981639006,-0.15910525020057614,10.674428172121422
177,-0.13587447385880447,0.4237182029656134,0.4449707722657924,0.330000000000305,0.32999999959843346,60.00000001818314,-3.049782648645305e-13,4.015665577838945e-10,-1.8183142058395845e-08,-1.5248913243226525e-13,2.0078327889194725e-10,-3.1735569727686653e-12,-0.17939420993383443,-0.11445229749814664,10.674428172072439
178,-0.15463289925814125,0.4138618929141436,0.44180651867017146,0.3300000000003188,0.329999999580194,60.000000018204105,-3.188005415211137e-13,4.1980602327740257e-10,-1.820410827485605e-08,-1.5940027076055685e-13,2.0990301163870129e-10,-3.1772162678578297e-12,-0.1884136778517959,-0.0745740749620083,10.674428172449282
179,-0.1735976622828702,0.4055439196460979,0.4411371885388922,0.3300000000003333,0.3299999995611265,60.00000001822508,-3.33288951992472e-13,4.388734931026761e-10,-1.8225087213534985e-08,-1.66644475996236e-13,2.1943674655133805e-10,-3.1808777833930434e-12,-0.1944621748396444,-0.04728520773385007,10.674428171941571
180,-0.192582390872423,0.39753129392045966,0.44172288475945365,0.33000000000034846,0.32999999954119325,60.0000000182461,-3.484434962786054e-13,4.5880677035370354e-10,-1.8246104318870096e-08,-1.742217481393027e-13,2.2940338517685177e-10,-3.184545960266405e-12,-0.1903131490746233,-0.07300148126679756,10.674428172256011
181,-0.21171581699374586,0.39026197035289517,0.44399098264385206,0.3300000000003643,0.329999999520355,60.00000001826716,-3.6426417437951386e-13,4.79644990392103e-10,-1.8267159590861383e-08,-1.8213208718975693e-13,2.398224951960515e-10,-3.1882207984779145e-12,-0.1948038702877344,-0.05534951865386973,10.674428172949701
182,-0.23093096152093393,0.38318691655559306,0.4473939226323555,0.3300000000003808,0.3299999994985707,60.00000001828826,-3.808064974464287e-13,5.014293424920879e-10,-1.8288265751727576e-08,-1.9040324872321435e-13,2.5071467124604396e-10,-3.1919045184736204e-12,-0.19405820807527122,-0.0662175766668332,10.674428172893107
183,-0.2492255299467281,0.37455949575721564,0.4498979669204198,0.3300000000003981,0.3299999994757972,60.00000001830938,-3.980704654793499e-13,5.242027922847114e-10,-1.8309384634812494e-08,-1.9903523273967494e-13,2.621013961423557e-10,-3.195590458915376e-12,-0.16146557522531238,-0.1224961046754088,10.674428172959745
184,-0.26695944229851026,0.3650883561320966,0.4522796166262285,0.3300000000004162,0.3299999994519904,60.0000000183304,-4.1616710078073993e-13,5.480096376686561e-10,-1.8330401740147605e-08,-2.0808355039036996e-13,2.7400481883432803e-10,-3.1992586357887377e-12,-0.1642571484574299,-0.11439816887504878,10.674428172793025
185,-0.2847661782032957,0.3557603036065598,0.45569416264721097,0.33000000000043506,0.329999999427103,60.00000001835132,-4.350408921993676e-13,5.728970076113171e-10,-1.8351329789951634e-08,-2.175204460996838e-13,2.8644850380565856e-10,-3.2029112695397546e-12,-0.17976657528447743,-0.08994182626502266,10.674428173203935
186,-0.3028987058096462,0.346806548293122,0.46045891013221596,0.3300000000004548,0.32999999940108565,60.00000001837232,-4.548028620376954e-13,5.989143625484417e-10,-1.8372321450849294e-08,-2.274014310188477e-13,2.9945718127422083e-10,-3.2065750055210176e-12,-0.18892708243323106,-0.08080395151865606,10.674428172827568
187,-0.3210246521999232,0.3377993652747488,0.46600991244833495,0.33000000000047547,0.32999999937388697,60.00000001839337,-4.754530102957233e-13,6.261130502949186e-10,-1.839337672284058e-08,-2.3772650514786164e-13,3.130565251474593e-10,-3.2102498437325267e-12,-0.18110590219426845,-0.09131847663213662,10.674428173898095
188,-0.3384067641312945,0.3277053125562718,0.4710731470667983,0.330000000000497,0.3299999993454535,60.00000001841444,-4.969913369734513e-13,6.545465280893836e-10,-1.8414444717050598e-08,-2.4849566848672566e-13,3.272732640446918e-10,-3.213926902390085e-12,-0.15646498193914157,-0.12630082018706168,10.674428173647033
189,-0.35520242500769966,0.31676141393785323,0.4759270491275512,0.3300000000005196,0.3299999993157295,60.00000001843543,-5.195843755245733e-13,6.842705291276729e-10,-1.8435436377948258e-08,-2.5979218776228663e-13,3.4213526456383647e-10,-3.217590638371348e-12,-0.15427275081473837,-0.1292687238493601,10.674428174250949
190,-0.36935034810266565,0.3031599755250869,0.47783433363869066,0.3300000000005432,0.3299999992846563,60.00000001845635,-5.431766147978578e-13,7.15343728696638e-10,-1.845635170553356e-08,-2.715883073989289e-13,3.57671864348319e-10,-3.2212410516763158e-12,-0.07969868271602634,-0.19802364599557992,10.674428174631384
191,-0.38207599715324086,0.2878864180038884,0.4783938307208329,0.3300000000005679,0.3299999992521737,60.00000001847688,-5.678790770957676e-13,7.478263008842134e-10,-1.8476885366557088e-08,-2.839395385478838e-13,3.739131504421067e-10,-3.2248248515998056e-12,-0.0940700961365723,-0.1917516877418759,10.674428174577141
192,-0.39250937816756265,0.27062672507105867,0.47676245266607675,0.3300000000005937,0.32999999921821715,60.00000001849721,-5.936917624183025e-13,7.817828606704325e-10,-1.8497215472081004e-08,-2.9684588120915123e-13,3.9089143033521623e-10,-3.228373124386508e-12,-0.050847555963937904,-0.21894008893280825,10.674428174191458
193,-0.4006470796883617,0.25122437789099067,0.4728972092426934,0.33000000000062063,0.32999999918272,60.00000001851722,-6.206146707654625e-13,8.172800214367726e-10,-1.8517227522136774e-08,-3.1030733538273125e-13,4.086400107183863e-10,-3.2318658860219786e-12,-0.0278111603591068,-0.24401873756932724,10.674428174783573
194,-0.40521922995364146,0.23039662121233484,0.4661386353760888,0.33000000000064883,0.3299999991456124,60.000000018536916,-6.488143355909415e-13,8.543876162114827e-10,-1.8536921516724393e-08,-3.2440716779547074e-13,4.2719380810574137e-10,-3.235303136506218e-12,0.03747469330929663,-0.24153712175336725,10.674428174906861
195,-0.4073287558089617,0.20851883778708658,0.45759897401650074,0.33000000000067825,0.3299999991068218,60.000000018556086,-6.782352457435081e-13,8.931781980692222e-10,-1.8556093900344255e-08,-3.3911762287175407e-13,4.465890990346111e-10,-3.238649348702438e-12,0.036365977679159084,-0.24327845833939618,10.674428174641577
196,-0.40792485540222306,0.18579684013965792,0.44824452418385013,0.33000000000070906,0.32999999906627125,60.000000018574895,-7.090439346768562e-13,9.337287609767486e-10,-1.857489733962107e-08,-3.545219673384281e-13,4.668643804883743e-10,-3.2419311679632302e-12,0.029352283515407,-0.24691830832491532,10.674428174986557
197,-0.40578890689788977,0.1630872046505459,0.43733519556755696,0.33000000000074126,0.3299999990238804,60.00000001859353,-7.412404023909858e-13,9.761196295698937e-10,-1.8593535390054445e-08,-3.706202011954929e-13,4.880598147849469e-10,-3.245184121425382e-12,0.08510727398715418,-0.22680790453016972,10.674428175599749
198,-0.40281485620079116,0.14066482961525315,0.4266689614522625,0.33000000000077495,0.3299999989795663,60.00000001861175,-7.749356711883593e-13,1.020433737508597e-09,-1.8611753607269868e-08,-3.8746783559417963e-13,5.102168687542985e-10,-3.2483638001679083e-12,0.049296224802144045,-0.21752100643026243,10.674428175931505
199,-0.39423965367529484,0.11767266161731733,0.4114264938261999,0.33000000000081015,0.3299999989332406,60.000000018629876,-8.101297410689767e-13,1.0667594030344674e-09,-1.862988276895421e-08,-4.0506487053448836e-13,5.333797015172337e-10,-3.25152793578809e-12,0.2164455679174304,-0.24321684910745245,10.67442817610944
200,-0.38597735691696616,0.09464515894492438,0.39741190994271564,0.33000000000084695,0.32999999888481446,60.00000001864716,-8.469336343353007e-13,1.1151855550117773e-09,-1.864715954198392e-08,-4.2346681716765033e-13,5.575927775058886e-10,-3.254543301522972e-12,0.07532183301599321,-0.23109950246103148,10.674428176353736
201,-0.38073782986759014,0.07235537484708295,0.38755205503460294,0.3300000000008854,0.3299999988341895,60.00000001866454,-8.854028621385623e-13,1.1658105036893573e-09,-1.8664538092763436e-08,-4.4270143106928117e-13,5.829052518446787e-10,-3.2575764308262478e-12,-0.018136022715125495,-0.2056844075720067,10.674428177065437
202,-0.3764848210170839,0.05045339299226159,0.379850451257725,0.33000000000092566,0.3299999987812646,60.00000001868236,-9.256484467812243e-13,1.2187353903847509e-09,-1.868236192119836e-08,-4.628242233906121e-13,6.093676951923754e-10,-3.2606872757412475e-12,0.019511330531423093,-0.20997109954420196,10.67442817681896
203,-0.37436283644830076,0.029167822989857827,0.3754973970769769,0.3300000000009677,0.3299999987259365,60.00000001870036,-9.676703882632864e-13,1.2740635213503992e-09,-1.8700363860695442e-08,-4.838351941316432e-13,6.370317606751996e-10,-3.2638292069009366e-12,-0.028504054219021864,-0.198472756800762,10.6744281768708
204,-0.37384683282794356,0.008127645016408938,0.3739351722277501,0.3300000000010116,0.3299999986680954,60.0000000187187,-1.0115797088872114e-12,1.3319046421322867e-09,-1.8718709300098122e-08,-5.057898544436057e-13,6.659523210661433e-10,-3.2670310901039556e-12,-0.0323128525930117,-0.2046759657253368,10.674428177225513
205,-0.37445319372006014,-0.012681546542470409,0.37466787413636327,0.3300000000010575,0.3299999986076276,60.00000001873729,-1.0574874309554616e-12,1.3923724395681347e-09,-1.8737296461656596e-08,-5.287437154777308e-13,6.961862197840674e-10,-3.2702751617819104e-12,-0.03225211421219973,-0.2027022325819683,10.674428177495072
206,-0.3760597552315746,-0.033314584906034096,0.37753251657611314,0.33000000000110546,0.32999999854441403,60.0000000187561,-1.1054490656192684e-12,1.4555859850773345e-09,-1.8756099900933407e-08,-5.527245328096342e-13,7.277929925386672e-10,-3.2735569810427025e-12,-0.03940362956773796,-0.20222014241140243,10.674428178191155
207,-0.37748722613368724,-0.05378573219576286,0.3812997651218,0.3300000000011557,0.32999999847833017,60.00000001877504,-1.1556866574835567e-12,1.521669845683249e-09,-1.8775043284616204e-08,-5.778433287417784e-13,7.608349228416245e-10,-3.276863225210036e-12,-0.010095928135073018,-0.20093401450760554,10.674428178727673
208,-0.37723920567300845,-0.07399320215073858,0.38442738229907925,0.3300000000012081,0.32999999840924626,60.000000018794,-1.208089184245864e-12,1.5907537509463054e-09,-1.8793999390517727e-08,-6.04044592122932e-13,7.953768754731527e-10,-3.280171689823419e-12,0.04157500307189135,-0.19592222840532358,10.674428179367494
209,-0.3763171446383957,-0.09409393074099415,0.3879023861116173,0.33000000000126295,0.32999999833702687,60.0000000188127,-1.2629342016623468e-12,1.6629731480755083e-09,-1.8812701052044734e-08,-6.314671008311734e-13,8.314865740377542e-10,-3.283435745515817e-12,0.024948223737903962,-0.19851665405888672,10.674428179265362
210,-0.37413977798130976,-0.11396585041868568,0.39111224543544787,0.33000000000132035,0.32999999826152904,60.00000001883132,-1.3203327320354674e-12,1.738470978285278e-09,-1.8831326380259384e-08,-6.601663660177337e-13,8.69235489142639e-10,-3.2866864785319194e-12,0.05106413109519822,-0.19338032215022838,10.674428180069517
211,-0.3700806213990186,-0.13332212797793666,0.3933630081027562,0.33000000000138024,0.3299999981826043,60.00000001884978,-1.3802292642139946e-12,1.8173957339051583e-09,-1.8849786319630597e-08,-6.901146321069973e-13,9.086978669525791e-10,-3.2899083457493817e-12,0.08449999741097781,-0.18153112616204814,10.674428180958651
212,-0.36604237554098057,-0.152818772274492,0.39666181799004463,0.33000000000144286,0.3299999981000972,60.000000018867986,-1.4428458428028534e-12,1.8999027906474453e-09,-1.8867991814627294e-08,-7.214229214014267e-13,9.499513953237226e-10,-3.2930858040458588e-12,0.03989454168111495,-0.19824166683579048,10.674428180962002
213,-0.3609161705431499,-0.17204489723997426,0.39982487269534067,0.3300000000015084,0.3299999980138444,60.00000001888619,-1.508404512406969e-12,1.986155628852515e-09,-1.888619730962399e-08,-7.542022562034845e-13,9.930778144262575e-10,-3.2962632623423363e-12,0.07664776324008385,-0.18594913192959697,10.674428181268715
214,-0.3555454502180258,-0.1912453867801426,0.4037169368944348,0.3300000000015768,0.32999999792367624,60.00000001890428,-1.5767942507238786e-12,2.076323779576228e-09,-1.8904288304652156e-08,-7.883971253619393e-13,1.038161889788114e-09,-3.29942073662437e-12,0.05941256088804779,-0.1914067354775028,10.67442818154468
215,-0.3498614952743552,-0.2104860703445275,0.408298238649996,0.3300000000016484,0.3299999978294145,60.00000001892232,-1.6484036358122012e-12,2.1705854891251875e-09,-1.892232841080542e-08,-8.242018179061006e-13,1.0852927445625937e-09,-3.302569329122207e-12,0.06414835720274906,-0.19334469620870698,10.674428181974525
216,-0.3425738563145357,-0.22895968523066842,0.4120429401059299,0.33000000000172336,0.3299999977308735,60.00000001894034,-1.7233436899743992e-12,2.2691264978114134e-09,-1.8940343072521227e-08,-8.616718449871996e-13,1.1345632489057067e-09,-3.3057134807279455e-12,0.11029568330826212,-0.16683787970221553,10.67442818286363
217,-0.3341199025389949,-0.24686946436072765,0.41542826300869323,0.3300000000018015,0.32999999762785964,60.00000001895816,-1.8015033909080103e-12,2.372140373019249e-09,-1.8958166900956147e-08,-9.007516954540051e-13,1.1860701865096246e-09,-3.3088243256429452e-12,0.11175355012216436,-0.16594162365852258,10.67442818358157
218,-0.32514499229989385,-0.26477135644456007,0.41931269621988587,0.33000000000188334,0.3299999975201694,60.0000000189758,-1.8833268278228843e-12,2.4798306186291086e-09,-1.897579989611018e-08,-9.416634139114421e-13,1.2399153093145543e-09,-3.311901863867206e-12,0.10190475320734674,-0.1788348897595182,10.674428183965556
219,-0.31553056738940516,-0.2822993734329977,0.4233821857349965,0.3300000000019689,0.32999999740759034,60.000000018993376,-1.9688695118702526e-12,2.5924096758167536e-09,-1.8993382002389314e-08,-9.844347559351263e-13,1.2962048379083768e-09,-3.31497052030727e-12,0.11106625810385823,-0.1665564176583318,10.674428185859574
220,-0.3061021135930204,-0.29995292516987,0.42856768574412607,0.33000000000205826,0.32999999728990054,60.0000000190109,-2.0582424653525777e-12,2.710099478164807e-09,-1.9010900497574813e-08,-1.0291212326762889e-12,1.3550497390824034e-09,-3.3180280745170875e-12,0.08994521196803001,-0.17946466149868612,10.674428185585663
221,-0.29531640210656246,-0.316711764191909,0.43303362332585243,0.33000000000215174,0.3299999971668675,60.00000001902843,-2.151723244026016e-12,2.833132506374625e-09,-1.902843171497904e-08,-1.075861622013008e-12,1.4165662531873124e-09,-3.3210878491729546e-12,0.1395264609661916,-0.14671176020746632,10.6744281864292
222,-0.28340044806464154,-0.332558626477443,0.4369336952076402,0.3300000000022494,0.3299999970382495,60.00000001904581,-2.2493673590417984e-12,2.9617505115098197e-09,-1.9045810265758555e-08,-1.1246836795208992e-12,1.4808752557549099e-09,-3.3241209784762305e-12,0.1455318667132516,-0.1371891656700856,10.674428187764839
223,-0.2698103132898055,-0.34660752928221944,0.43924296751646186,0.3300000000023515,0.32999999690379284,60.000000019063016,-2.351507877307313e-12,3.0962071795315182e-09,-1.9063023427694636e-08,-1.1757539386536564e-12,1.5481035897657591e-09,-3.3271252419808663e-12,0.17496556484959405,-0.0985366401633221,10.674428187639595
224,-0.25551715571361605,-0.36007084173215925,0.4415201330966482,0.33000000000245827,0.3299999967632326,60.00000001907999,-2.4582558211250216e-12,3.236767409653396e-09,-1.9079994867474927e-08,-1.2291279105625108e-12,1.618383704826698e-09,-3.3300873170105663e-12,0.15933544112670014,-0.12096934955309245,10.674428187564429
225,-0.24168213954887552,-0.3743547121640041,0.4455914127273062,0.3300000000025699,0.32999999661629137,60.00000001909689,-2.569888746251081e-12,3.383708646609307e-09,-1.909688997394286e-08,-1.2849443731255406e-12,1.6918543233046535e-09,-3.3330360693639704e-12,0.12766019538018142,-0.1619850572294019,10.674428189772781
226,-0.22678623429373046,-0.38732923447580675,0.44883842520972433,0.33000000000268653,0.32999999646267875,60.000000019113855,-2.6865176749879538e-12,3.5373212692313416e-09,-1.9113861413723152e-08,-1.3432588374939769e-12,1.7686606346156708e-09,-3.3359981443936704e-12,0.1737131313274394,-0.09919376698360632,10.674428190657444
227,-0.21169628127588971,-0.400202837651996,0.4527445491342226,0.3300000000028085,0.32999999630209276,60.0000000191307,-2.8084756742430272e-12,3.697907258182198e-09,-1.913070563131618e-08,-1.4042378371215136e-12,1.848953629091099e-09,-3.3389380149628777e-12,0.15542731130786896,-0.12638125193079125,10.67442819195931
228,-0.19563750797280288,-0.4116611928598503,0.4557839095806295,0.33000000000293594,0.3299999961342163,60.00000001914751,-2.9359292774699952e-12,3.8657836931577094e-09,-1.9147511682253034e-08,-1.4679646387349976e-12,1.9328918465788547e-09,-3.3418712241939376e-12,0.1831935396864896,-0.08156109948397601,10.67442819207866
229,-0.18030455579075275,-0.42416843985605507,0.46089977024166595,0.3300000000030693,0.32999999595871876,60.00000001916421,-3.0692670627274765e-12,4.04128125408576e-09,-1.916421595544008e-08,-1.5346335313637383e-12,2.02064062704288e-09,-3.344786669856603e-12,0.13639369566288703,-0.14954661169007888,10.674428193773448
230,-0.1652221186925659,-0.43716004475008613,0.4673406179984334,0.3300000000032086,0.3299999957752533,60.000000019181016,-3.2086000523179337e-12,4.224746719128092e-09,-1.9181022006376932e-08,-1.6043000261589668e-12,2.112373359564046e-09,-3.347719879087663e-12,0.14497901902496124,-0.14121773322278225,10.674428194892663
231,-0.1495890013733098,-0.44948056173930384,0.47371895118661256,0.3300000000033543,0.3299999955834585,60.00000001919791,-3.354261313148754e-12,4.416541521390371e-09,-1.9197917112844867e-08,-1.677130656574377e-12,2.2082707606951857e-09,-3.350668631441067e-12,0.16918037835073027,-0.1075464521130876,10.67442819577184
232,-0.13311041849527191,-0.4604842525372163,0.47933717813950677,0.3300000000035066,0.3299999953829565,60.0000000192147,-3.5065839121273257e-12,4.61704352527903e-09,-1.9214710441562994e-08,-1.7532919560636628e-12,2.308521762639515e-09,-3.3535996202260777e-12,0.18451335848516565,-0.07931096351525772,10.674428196684236
233,-0.11397206473461068,-0.46632993750465196,0.4800554573723362,0.33000000000366575,0.3299999951733522,60.00000001923141,-3.665734382707342e-12,4.82664780365738e-09,-1.9231414714750043e-08,-1.832867191353671e-12,2.41332390182869e-09,-3.356515065888743e-12,0.25344485820098744,0.06189661970337085,10.67442819859226
234,-0.09219371285980348,-0.4673187284843087,0.47632601722251844,0.3300000000038322,0.3299999949542333,60.00000001924772,-3.832156814098653e-12,5.045766693356768e-09,-1.9247724599156586e-08,-1.9160784070493264e-12,2.522883346678384e-09,-3.3593616777238824e-12,0.2793834747446242,0.10343961658484066,10.674428199615685
235,-0.06888063693889651,-0.4650930669683016,0.47016603778568394,0.33000000000400614,0.3299999947251677,60.00000001926367,-4.006128762057415e-12,5.2748322931783775e-09,-1.9263678261438807e-08,-2.0030643810287074e-12,2.6374161465891888e-09,-3.362146117069642e-12,0.26894098695121893,0.09726050672546002,10.6744282008337
236,-0.04525735942111488,-0.4610075317398916,0.4632236748080555,0.330000000004188,0.32999999448570344,60.0000000192794,-4.1879832934910155e-12,5.514296574915534e-09,-1.9279402923783965e-08,-2.0939916467455078e-12,2.757148287457767e-09,-3.3648905883865156e-12,0.24347081243806293,0.08425240557341655,10.674428201864636
237,-0.022302461859091047,-0.45837118925075826,0.45891344166425396,0.3300000000043781,0.3299999942353675,60.00000001929506,-4.3781089864580736e-12,5.764632493576727e-09,-1.929506397503549e-08,-2.1890544932290368e-12,2.8823162467883634e-09,-3.3676239574731426e-12,0.21395344331908012,-0.007451072358445915,10.674428203894353
238,0.0009782587205377665,-0.45326762033539403,0.4532686759910012,0.33000000000457697,0.3299999939736662,60.00000001931086,-4.576949930168439e-12,6.026333820852159e-09,-1.9310864970693e-08,-2.2884749650842195e-12,3.0131669104260794e-09,-3.3703817514663116e-12,0.24040974287357764,0.1086043057655865,10.67442820517443
239,0.023827800410961192,-0.4478417505610676,0.4484751917531516,0.3300000000047847,0.3299999937000838,60.00000001932662,-4.784672658075806e-12,6.299916199825617e-09,-1.9326627799694332e-08,-2.392336329037903e-12,3.1499580999128085e-09,-3.3731328841213326e-12,0.21843457615596285,0.06177905111898549,10.67442820730501
240,0.045872439891356226,-0.44021750827367906,0.44260110181999407,0.33000000000500196,0.32999999341408065,60.0000000193425,-5.001943303994949e-12,6.585919365420523e-09,-1.93425051286642e-08,-2.5009716519974745e-12,3.2929596827102614e-09,-3.3759040007907973e-12,0.2016653432364867,0.127537781511875,10.674428208180471
241,0.06729511675344695,-0.4353583232632359,0.44052866237446603,0.330000000005229,0.3299999931150927,60.00000001935848,-5.2289839125307935e-12,6.884907310933386e-09,-1.935848423538387e-08,-2.6144919562653968e-12,3.442453655466693e-09,-3.3786928810286555e-12,0.19971430752700667,-0.015926153024275837,10.674428209980357
242,0.08814460468519476,-0.4335544769744186,0.4424239548664504,0.3300000000054664,0.32999999280253056,60.000000019374575,-5.466405106346883e-12,7.1974694537679795e-09,-1.9374577842072078e-08,-2.7332025531734416e-12,3.5987347268839898e-09,-3.381501745280957e-12,0.19512047094268015,-0.0532527739497108,10.674428211847177
243,0.10878834150915247,-0.42957826853887443,0.44313924679401767,0.3300000000057146,0.32999999247577794,60.00000001939078,-5.714595463501837e-12,7.524222078725273e-09,-1.9390785948728817e-08,-2.8572977317509185e-12,3.762111039362637e-09,-3.384330593547702e-12,0.2016365090576739,0.09045053444564398,10.674428214187557
244,0.12896041895163302,-0.4249267467770878,0.44406478106548825,0.330000000005974,0.3299999921341908,60.00000001940704,-5.973999073205505e-12,7.865809226181852e-09,-1.940704494426046e-08,-2.9869995366027524e-12,3.932904613090926e-09,-3.387168323598644e-12,0.19071538885687783,0.06227252856346141,10.674428215849135
245,0.1483871899399161,-0.4188693924648598,0.4443763338457006,0.33000000000624524,0.32999999177709555,60.00000001942336,-6.2452265581214306e-12,8.222904468446757e-09,-1.9423367550885727e-08,-3.1226132790607153e-12,4.111452234223378e-09,-3.390017155879832e-12,0.17687722595143837,0.09337630263248312,10.674428218374809
246,0.16789898218695765,-0.41274424629995626,0.44558711950990604,0.33000000000652874,0.3299999914037879,60.00000001943984,-6.528722007459464e-12,8.596212131006808e-09,-1.9439842824135708e-08,-3.264361003729732e-12,4.298106065503404e-09,-3.392892633513611e-12,0.19710175184131531,0.0628332715447382,10.674428220141252
247,0.18694680860541246,-0.4057160288154121,0.4467153515220817,0.33000000000682517,0.32999999101353233,60.0000000194563,-6.825151555034381e-12,8.98646768110467e-09,-1.9456305375166963e-08,-3.4125757775171905e-12,4.493233840552335e-09,-3.395765890701341e-12,0.17965239485073844,0.09135383897029598,10.67442822327013
248,0.20548330547346905,-0.3978080516449854,0.44774393885554986,0.330000000007135,0.3299999906055591,60.000000019472864,-7.134959290056031e-12,9.394440891874467e-09,-1.9472869703948025e-08,-3.5674796450280155e-12,4.6972204459372335e-09,-3.398656911457465e-12,0.1734339458378234,0.09960749770809435,10.674428225314402
249,0.22361324497242355,-0.3891827166765438,0.44884971904506304,0.33000000000745894,0.3299999901790639,60.00000001948952,-7.458922368641652e-12,9.820936119897539e-09,-1.948952308826017e-08,-3.729461184320826e-12,4.910468059948769e-09,-3.4015634753359338e-12,0.1718130563770504,0.10299169830466148,10.674428227641007
250,0.24110216602349785,-0.3795046302177714,0.449615412122349,0.33000000000779756,0.32999998973320577,60.000000019506224,-7.797540391152324e-12,1.0266794248092737e-08,-1.9506227361447215e-08,-3.898770195576162e-12,5.133397124046368e-09,-3.4044789209985992e-12,0.15993211339343022,0.12134506602865171,10.67442823008147
251,0.256856690888062,-0.36693431059847775,0.4479019401033507,0.33000000000815155,0.32999998926710555,60.00000001952308,-8.151535002554056e-12,1.0732894462073261e-08,-1.9523084301258973e-08,-4.075767501277028e-12,5.366447231036631e-09,-3.407421012013856e-12,0.11707600429365947,0.1931886366049076,10.674428232987827
252,0.27284912552987495,-0.35468712459172164,0.44749257161830175,0.33000000000852164,0.3299999887798437,60.00000001954017,-8.521627847812852e-12,1.1220156304059259e-08,-1.9540170241007793e-08,-4.260813923906426e-12,5.6100781520296295e-09,-3.410403071057999e-12,0.16547557455382503,0.11493207577490297,10.674428235284504
253,0.2889402550541386,-0.3425140869771215,0.44810977535479163,0.33000000000890856,0.3299999882704606,60.00000001955726,-8.908540571894719e-12,1.1729539395322064e-08,-1.955726890297534e-08,-4.454270285947359e-12,5.864769697661032e-09,-3.4133873505481917e-12,0.1632141758330447,0.12000024699557757,10.67442823891297
254,0.30469980027935367,-0.33001608575662583,0.44916877134146654,0.330000000009313,0.32999998773795175,60.00000001957437,-9.312994819765663e-12,1.2262048265654357e-08,-1.9574380287161615e-08,-4.6564974098828316e-12,6.131024132827179e-09,-3.416373850484433e-12,0.14985848527424947,0.1325624963423846,10.674428242190075
255,0.316735105909894,-0.3125845016668963,0.44500584040897,0.33000000000973584,0.32999998718126705,60.00000001959154,-9.735823258694154e-12,1.281873296399283e-08,-1.9591542560222794e-08,-4.867911629347077e-12,6.409366481996415e-09,-3.419369232204872e-12,0.03345413242963838,0.2894327745124622,10.674428244542739
256,0.3292335123956744,-0.29596172347491395,0.44270537318473346,0.3300000000101778,0.3299999865993073,60.00000001960929,-1.0177803044797429e-11,1.3400692722154162e-08,-1.9609290055345358e-08,-5.0889015223987144e-12,6.700346361077081e-09,-3.422466754443576e-12,0.13578975147998057,0.1473556443055756,10.674428248165428
257,0.3424625439532181,-0.28031154628393035,0.44255525868641293,0.33000000001063984,0.32999998599092717,60.00000001962698,-1.0639822356495188e-11,1.4009072846210557e-08,-1.9626986661593023e-08,-5.319911178247594e-12,7.004536423105279e-09,-3.4255553948980832e-12,0.14933823391648454,0.13380774855306557,10.674428252284587
258,0.3541744717361641,-0.2634631149638829,0.4414208529012456,0.33000000001112295,0.32999998535492725,60.00000001964457,-1.1122935905660825e-11,1.464507276560667e-08,-1.9644568767872153e-08,-5.561467952830412e-12,7.322536382803335e-09,-3.428624051338147e-12,0.0817201897554545,0.19644357621176678,10.674428255909122
259,0.3659782096529692,-0.24680106071609,0.44141909056063694,0.33000000001162794,0.32999998469005243,60.0000000196624,-1.1627920848411577e-11,1.530994758747184e-08,-1.96624053185258e-08,-5.8139604242057885e-12,7.65497379373592e-09,-3.431737116699196e-12,0.12017961562468445,0.16227174412516068,10.674428259420045
260,0.37824214655143445,-0.23066015345898724,0.4430250871243753,0.3300000000121559,0.32999998399499264,60.00000001968025,-1.215588740777207e-11,1.6005007374975122e-08,-1.9680254591398172e-08,-6.077943703886035e-12,8.002503687487561e-09,-3.4348524025062945e-12,0.13337734522329892,0.1492489761214426,10.674428264234418
261,0.38982704378468763,-0.21413054080465865,0.4447662448648777,0.3300000000127077,0.32999998326837765,60.00000001969807,-1.2707668251010773e-11,1.673162236537351e-08,-1.9698078419833095e-08,-6.3538341255053865e-12,8.365811182686755e-09,-3.4379632474212942e-12,0.10000471347751902,0.17436591914504682,10.674428268364526
262,0.40172620167090983,-0.19771036121751107,0.4477424796037285,0.33000000001328467,0.3299999825087743,60.00000001971596,-1.3284651156908467e-11,1.7491225690058343e-08,-1.9715965859361646e-08,-6.6423255784542334e-12,8.745612845029171e-09,-3.44108519456654e-12,0.1263243274314152,0.16164835763709057,10.674428271887225
263,0.41291027745904135,-0.18093880117828687,0.45081453725799275,0.33000000001388774,0.3299999817146855,60.00000001973385,-1.3887724303884852e-11,1.8285314540289477e-08,-1.9733853298890196e-08,-6.943862151942426e-12,9.142657270144738e-09,-3.444207141711786e-12,0.09515550892579898,0.175914477607187,10.674428277359983
264,0.42336286818704627,-0.16356180497485587,0.4538596503393919,0.3300000000145183,0.329999980884545,60.000000019751866,-1.451827547072071e-11,1.911545499666545e-08,-1.9751867960606004e-08,-7.259137735360355e-12,9.557727498332724e-09,-3.4473512933175243e-12,0.0874579225437088,0.18789680586561439,10.674428281993697
265,0.43377514506770937,-0.14617232517987483,0.45774143916298793,0.3300000000151774,0.3299999800167162,60.00000001976999,-1.5177359369289434e-11,1.9983283805480312e-08,-1.976999712229035e-08,-7.588679684644717e-12,9.991641902740156e-09,-3.450515428937706e-12,0.1031821123685843,0.17418608175247066,10.674428286843114
266,0.4431987093990197,-0.12838151566399475,0.4614183671865926,0.33000000001586643,0.3299999791094883,60.000000019788175,-1.5866419289523037e-11,2.0890511709392712e-08,-1.9788177172849595e-08,-7.933209644761519e-12,1.0445255854696356e-08,-3.453688446342085e-12,0.07116568382815519,0.18727245531292377,10.674428292545748
267,0.4517204483111327,-0.11024001908630472,0.4649776610016438,0.3300000000165868,0.3299999781610722,60.00000001980648,-1.658678749905107e-11,2.183892783280683e-08,-1.98064844455961e-08,-8.293393749525535e-12,1.0919463916403416e-08,-3.456883668206956e-12,0.06417479600648661,0.18959766388561006,10.67442829802757
268,0.45989389028953637,-0.09196152027971516,0.4689981999302349,0.3300000000173398,0.32999997716959795,60.00000001982497,-1.7339796265503082e-11,2.2830402068851896e-08,-1.9824969829404763e-08,-8.669898132751541e-12,1.1415201034425948e-08,-3.4601099763165168e-12,0.07360749133076723,0.18598170674003153,10.674428304042472
269,0.4715611139739413,-0.0783598511663249,0.47802735328342144,0.33000000001812707,0.3299999761331111,60.000000019843505,-1.812705541226478e-11,2.3866888909651607e-08,-1.9843506102088332e-08,-9.06352770613239e-12,1.1933444454825803e-08,-3.4633451662102744e-12,0.1981938099839482,0.02689066495922583,10.674428310457335
270,0.483866560252508,-0.06324848314197823,0.4879828057937647,0.33000000001894997,0.32999997504956985,60.00000001986157,-1.8949952718116947e-11,2.4950430166370552e-08,-1.9861571652679045e-08,-9.474976359058473e-12,1.2475215083185276e-08,-3.46649819960021e-12,0.13794632331601453,0.18633998816559696,10.674428316401103
271,0.49392292270421034,-0.04682245876919958,0.49613727557790166,0.3300000000198103,0.32999997391683666,60.00000001987953,-1.981026453989898e-11,2.6083163351398042e-08,-1.9879535425519952e-08,-9.90513226994949e-12,1.3041581675699021e-08,-3.4696334694217512e-12,0.0480850018901577,0.19493555852433708,10.674428322689627
272,0.5025116306319892,-0.02948890802658924,0.5033761363205664,0.33000000002070967,0.3299999727326767,60.000000019897854,-2.070965621214782e-11,2.7267323288171497e-08,-1.989785542048518e-08,-1.035482810607391e-11,1.3633661644085748e-08,-3.4728309117326716e-12,0.051641807052872434,0.19451112272198215,10.674428329988379
273,0.5103732292353398,-0.011625763324732696,0.5105056233705867,0.3300000000216499,0.32999997149475563,60.00000001991641,-2.1649904091702865e-11,2.8505244387133644e-08,-1.99164171376062e-08,-1.0824952045851433e-11,1.4252622193566822e-08,-3.476070542518528e-12,0.06165010179680394,0.19098863940078542,10.674428337545216
274,0.5175345208155083,0.006645439394814305,0.5175771846792399,0.33000000002263274,0.32999997020063315,60.00000001993513,-2.2632729024252285e-11,2.9799366862981458e-08,-1.9935131521351934e-08,-1.1316364512126142e-11,1.4899683431490729e-08,-3.4793368186569753e-12,0.05527241859406718,0.19223338094138862,10.67442834390239
275,0.524316384538185,0.025199476296327027,0.5249215986228829,0.3300000000236603,0.3299999688477578,60.00000001995393,-2.36602959446941e-11,3.115224223027013e-08,-1.9953934960628748e-08,-1.183014797234705e-11,1.5576121115135066e-08,-3.482618637917767e-12,0.05896532055191986,0.19213983326080186,10.67442835254649
276,0.5299626543864365,0.04414922735341506,0.5317984292193999,0.3300000000247345,0.32999996743346227,60.000000019972795,-2.473449223217017e-11,3.256653774430518e-08,-1.997280201099919e-08,-1.2367246116085084e-11,1.628326887215259e-08,-3.485911559408805e-12,0.029965508079241122,0.1987308408674389,10.674428361010051
277,0.5348927851532049,0.06338078325220248,0.5386347698530195,0.33000000002585744,0.3299999659549578,60.000000019991894,-2.5857427310427283e-11,3.4045042229813305e-08,-1.9991898061306695e-08,-1.2928713655213642e-11,1.7022521114906652e-08,-3.48924444892873e-12,0.0325913957663886,0.1988910052939946,10.674428369764152
278,0.5381933863296854,0.08295316683963273,0.544548757208882,0.3300000000270314,0.3299999644093295,60.00000002001108,-2.7031377136665924e-11,3.559067052183451e-08,-2.0011083167145282e-08,-1.3515688568332962e-11,1.7795335260917255e-08,-3.4925928815709994e-12,-0.00501634534190961,0.20367648194243154,10.67442837897769
279,0.5404379956059229,0.10269643511492604,0.5501088845672844,0.33000000002825863,0.3299999627935296,60.000000020030555,-2.8258617668086572e-11,3.7206470404616e-08,-2.0030560884014566e-08,-1.4129308834043286e-11,1.8603235202308e-08,-3.495992384472402e-12,-0.002193718243294507,0.20141999213620315,10.674428388442122
280,0.5401767247356043,0.12257920905831325,0.5539102422229133,0.33000000002954155,0.3299999611043725,60.0000000200502,-2.954153588419217e-11,3.889562749659348e-08,-2.0050203989727283e-08,-1.4770767942096086e-11,1.944781374829674e-08,-3.499420753172444e-12,-0.06108324545612001,0.202082871689194,10.674428398494387
281,0.5358815899595782,0.14222753381181094,0.5544346217831236,0.33000000003088276,0.32999995933852727,60.000000020070225,-3.088274080909059e-11,4.0661472744396576e-08,-2.0070228762001778e-08,-1.5441370404545296e-11,2.0330736372198288e-08,-3.502915735253964e-12,-0.13707483889334482,0.19101276643736423,10.674428409670734
282,0.5326936556423537,0.1619930316398606,0.5567802735922739,0.33000000003228486,0.32999995749251143,60.00000002009091,-3.22848414668897e-11,4.250748858458664e-08,-2.0090915089650017e-08,-1.614242073344485e-11,2.125374429229332e-08,-3.506526180530045e-12,-0.006044665800204097,0.20038901668650833,10.674428419414735
283,0.5276175586733411,0.18165816458750983,0.5580143161082155,0.33000000003375063,0.329999955562688,60.00000002011142,-3.3750613415151065e-11,4.4437311996770035e-08,-2.0111423306236093e-08,-1.6875306707575533e-11,2.2218655998385017e-08,-3.510105539561437e-12,-0.09481809823178225,0.1943094822669537,10.67442843130783
284,0.5202265445169769,0.20109250445815982,0.557739951024964,0.3300000000352829,0.3299999535452504,60.00000002013225,-3.5282887722587475e-11,4.6454749602631296e-08,-2.0132249578290315e-08,-1.7641443861293737e-11,2.3227374801315648e-08,-3.5137404097440593e-12,-0.12792487593509538,0.18895822690966269,10.674428442554811
285,0.5108271683809176,0.22000844152105462,0.5561907139611283,0.3300000000368847,0.32999995143622096,60.00000002015344,-3.688466199136542e-11,4.85637790537119e-08,-2.015344479468759e-08,-1.844233099568271e-11,2.428188952685595e-08,-3.5174396728621107e-12,-0.14085554088672453,0.17706330511448434,10.674428455491972
286,0.5018426680934137,0.23907652446558214,0.5558809657378622,0.3300000000385593,0.32999994923144155,60.000000020174966,-3.8559266890558774e-11,5.076855846830597e-08,-2.0174970788771736e-08,-1.9279633445279387e-11,2.5384279234152984e-08,-3.521196667577442e-12,-0.08016456640868863,0.19423090001650975,10.67442846814294
287,0.4925647443650487,0.2581052241704138,0.5560920194855032,0.3300000000403099,0.3299999469265665,60.00000002019644,-4.030986655578772e-11,5.307343353688765e-08,-2.0196445893980976e-08,-2.015493327789386e-11,2.6536716768443824e-08,-3.5249447805085766e-12,-0.09962578423700742,0.18936805478855778,10.674428482082945
288,0.483216153159014,0.2769836966384168,0.5569720090608488,0.33000000004214,0.32999994451705084,60.00000002021798,-4.213995818957983e-11,5.5482949179452845e-08,-2.0217984610283848e-08,-2.1069979094789915e-11,2.7741474589726423e-08,-3.5287039956699575e-12,-0.09513481987257724,0.18527942248717527,10.674428495848556
289,0.47412063596827864,0.2957564797933033,0.5588043242412246,0.3300000000440531,0.3299999419981442,60.00000002023955,-4.40530945056139e-11,5.8001855818279324e-08,-2.023954877102417e-08,-2.202654725280695e-11,2.9000927909139662e-08,-3.5324676517234365e-12,-0.08505011155031267,0.18526174757596034,10.674428511502443
290,0.46441876259117554,0.3139666093724432,0.5605888144152958,0.33000000004605307,0.3299999393648805,60.00000002026111,-4.6053050262173656e-11,6.063511953646739e-08,-2.0261112931764493e-08,-2.3026525131086828e-11,3.031755976823369e-08,-3.536231307776916e-12,-0.11116704478620394,0.16897271235714356,10.674428526495205
291,0.4542291273283315,0.33169876308809204,0.5624483705618034,0.3300000000481439,0.3299999366120675,60.000000020282776,-4.814387777329898e-11,6.33879325140363e-08,-2.0282778870254623e-08,-2.407193888664949e-11,3.169396625701815e-08,-3.5400127273987894e-12,-0.11327746329565369,0.16616876700819994,10.67442854293275
292,0.4432369144605511,0.34877079980528736,0.5640035754650229,0.3300000000503296,0.32999993373427755,60.00000002030454,-5.032957384187853e-11,6.626572246481999e-08,-2.030454658649456e-08,-2.5164786920939264e-11,3.3132861232409994e-08,-3.5438119105890564e-12,-0.12864893945956662,0.15531763720787978,10.67442855969007
293,0.4303673769197711,0.364017206972485,0.5636706539184503,0.3300000000526145,0.3299999307258369,60.000000020326475,-5.261446833770833e-11,6.927416312807466e-08,-2.032647969157793e-08,-2.6307234168854166e-11,3.463708156403733e-08,-3.547639959577964e-12,-0.17249961777767234,0.10986604883858922,10.674428577195865
294,0.41567896277314004,0.3770216132769666,0.5611900720523485,0.33000000005500313,0.3299999275808134,60.000000020348686,-5.5003113175189355e-11,7.241918659195434e-08,-2.034869268547327e-08,-2.7501556587594678e-11,3.620959329597717e-08,-3.551516858379955e-12,-0.18932459560271406,0.07773070958136026,10.674428595949086
295,0.39977660748674887,0.3884009002788496,0.557383705566493,0.3300000000575003,0.32999992429300634,60.00000002037118,-5.750028231332749e-11,7.570699367409617e-08,-2.0371185568180582e-08,-2.8750141156663744e-11,3.7853496837048084e-08,-3.5554426069950298e-12,-0.1873488461248537,0.07587341962478909,10.674428615174747
296,0.38284470705163853,0.39832348101774945,0.5524777509072671,0.3300000000601108,0.3299999208559337,60.00000002039389,-6.011080522227985e-11,7.914406630060711e-08,-2.039389472860623e-08,-3.0055402611139925e-11,3.9572033150303554e-08,-3.5594061031929416e-12,-0.19334172448775366,0.06523599458599345,10.674428635309686
297,0.3658440053770376,0.40843781055325046,0.5483277134705548,0.3300000000628398,0.3299999172628189,60.00000002041678,-6.283978892795972e-11,8.273718110629602e-08,-2.0416782000094044e-08,-3.141989446397986e-11,4.136859055314801e-08,-3.563400685635543e-12,-0.17161237900067763,0.10561743394226476,10.674428656822728
298,0.3495061970313346,0.4195604062287917,0.546063655848084,0.33000000006569274,0.3299999135065783,60.00000002043969,-6.569272903433898e-11,8.649342170263807e-08,-2.0439694716019305e-08,-3.284636451716949e-11,4.324671085131904e-08,-3.5673997089702428e-12,-0.147910572449313,0.13475216668955214,10.67442867841556
299,0.3334579540515514,0.4312287712297535,0.5451169234729093,0.33000000006867514,0.32999990957980624,60.00000002046253,-6.867512114538954e-11,9.042019377680788e-08,-2.0462531098632214e-08,-3.433756057269477e-11,4.521009688840394e-08,-3.571385409628647e-12,-0.15372590459293572,0.12941826760262967,10.674428702133008
300,0.3175959303185,0.4433444358311404,0.5453636069058015,0.330000000071793,0.32999990547476066,60.000000020485366,-7.179296046544437e-11,9.452523935804535e-08,-2.0485367481245123e-08,-3.5896480232722183e-11,4.726261967902268e-08,-3.5753711102870513e-12,-0.15427512157333284,0.13159363669032656,10.674428726049767
301,0.303227679647444,0.4569549403745959,0.548411199044224,0.33000000007505226,0.32999990118334777,60.00000002050819,-7.505224219883644e-11,9.881665224975578e-08,-2.0508191141639303e-08,-3.752612109941822e-11,4.940832612487789e-08,-3.579354590499406e-12,-0.10882780193059431,0.17098464408265104,10.674428750613323
302,0.28868646890338895,0.4705916695532681,0.5520836863925972,0.33000000007845964,0.32999989669710744,60.000000020530784,-7.845962768371351e-11,1.0330289257343139e-07,-2.053078580209642e-08,-3.9229813841856753e-11,5.1651446286715696e-08,-3.5832981026828747e-12,-0.14944784247709691,0.13697919994164093,10.674428777305096
303,0.27458015814530456,0.48468378383646726,0.5570571187599489,0.3300000000820216,0.3299998920071935,60.000000020553465,-8.202161172476963e-11,1.0799280653062127e-07,-2.0553469518084618e-08,-4.1010805862384814e-11,5.399640326531063e-08,-3.587257157988688e-12,-0.13091544124144097,0.15154679527080178,10.674428804957348
304,0.25909662226233127,0.4968736984936664,0.5603699955587594,0.3300000000857454,0.32999988710435973,60.00000002057609,-8.574541077166487e-11,1.1289564028071908e-07,-2.0576089622979187e-08,-4.287270538583243e-11,5.644782014035954e-08,-3.591205111064255e-12,-0.18697061174368115,0.07751448863191687,10.674428833660468
305,0.24271238995542366,0.5077567486247696,0.5627843459193504,0.3300000000896382,0.3299998819789386,60.00000002059892,-8.963818576290805e-11,1.1802106142377866e-07,-2.0598926005592096e-08,-4.4819092881454026e-11,5.901053071188933e-08,-3.5951908117226597e-12,-0.1848585729607555,0.07833699570204605,10.67442886404216
306,0.22480663654639507,0.5152425421589274,0.562150247785854,0.3300000000937078,0.3299998766208252,60.00000002062193,-9.37077637708228e-11,1.233791748211921e-07,-2.0621940499267164e-08,-4.68538818854114e-11,6.168958741059605e-08,-3.5992075986257535e-12,-0.21455969313963202,-0.004411385253811392,10.674428895866244
307,0.20627549876642312,0.5218603152135662,0.5611486166659767,0.33000000009796204,0.32999987101945494,60.00000002064522,-9.796202737888393e-11,1.2898054507770595e-07,-2.0645222159535478e-08,-4.8981013689441966e-11,6.449027253885298e-08,-3.6032710148958814e-12,-0.19990367978826457,0.04592391935756737,10.674428928818791
308,0.18661457195721357,0.5270280114392275,0.5590916949019727,0.33000000010240954,0.32999986516378466,60.00000002066857,-1.0240952530438108e-10,1.3483621535970158e-07,-2.0668580153116147e-08,-5.120476265219054e-11,6.741810767985079e-08,-3.607347753842305e-12,-0.22297101210749085,0.01784183624711659,10.674428963300578
309,0.16550480081208332,0.528297572839896,0.5536155385828442,0.3300000001070589,0.32999985904226886,60.000000020692134,-1.0705886177575508e-10,1.4095773115396781e-07,-2.0692141702196427e-08,-5.352943088787754e-11,7.047886557698391e-08,-3.6114600199255164e-12,-0.24490407928928815,-0.07826086524306473,10.674428999445675
310,0.1434277777550962,0.5278890539376884,0.5470268555555503,0.3300000001119193,0.32999985264283815,60.00000002071595,-1.1191930715526155e-10,1.473571618615388e-07,-2.0715957695651227e-08,-5.5959653577630775e-11,7.36785809307694e-08,-3.6156166949297132e-12,-0.24333944184637096,-0.04324039608914307,10.674429036422723
311,0.12139137543715121,0.5267159735439816,0.540523434105227,0.3300000001170004,0.3299998459528755,60.00000002073993,-1.1700040936091227e-10,1.540471245009556e-07,-2.073993907794946e-08,-5.850020468045614e-11,7.70235622504778e-08,-3.61980223573255e-12,-0.21941620593498534,-0.02957057207201918,10.674429076357855
312,0.09964614580478648,0.5253323460479836,0.5346993811274025,0.3300000001223122,0.32999983895919155,60.00000002076393,-1.2231216039992887e-10,1.6104080846623958e-07,-2.0763933182466423e-08,-6.115608019996444e-11,8.052040423311979e-08,-3.623989996981436e-12,-0.2106582669933018,-0.018749040680089868,10.67442911719837
313,0.07833428521638859,0.5246031984198604,0.5304194340639395,0.3300000001278651,0.3299998316479975,60.00000002078791,-1.2786510739104529e-10,1.6835200250531202e-07,-2.0787914564764657e-08,-6.393255369552264e-11,8.417600125265601e-08,-3.628175537784273e-12,-0.20300666152461674,0.007979720635839085,10.674429160233439
314,0.05720556801801465,0.5220444167776139,0.5251693537335769,0.33000000013367015,0.3299998240048786,60.00000002081184,-1.3367013051990284e-10,1.7599512142085771e-07,-2.081184505818799e-08,-6.683506525995142e-11,8.799756071042886e-08,-3.6323521968029126e-12,-0.2070138262163761,-0.06827927675193865,10.674429205791412
315,0.03646480133963927,0.5210239361419381,0.5222984049081307,0.33000000013973874,0.3299998160147654,60.00000002083577,-1.397387205948064e-10,1.8398523460305682e-07,-2.083577555161132e-08,-6.98693602974032e-11,9.199261730152841e-08,-3.6365288558215528e-12,-0.19835548798365485,0.02568888379652848,10.674429252593862
316,0.015351051832346122,0.5159176598397089,0.5161459934232184,0.3300000001460828,0.3299998076619046,60.00000002085967,-1.4608275700211948e-10,1.923380953949838e-07,-2.08596806005972e-08,-7.304137850105974e-11,9.61690476974919e-08,-3.640701073948094e-12,-0.21984042774753315,-0.14639799524172212,10.67442930189765
317,-0.005679817189329211,0.5109559026405274,0.5109874702637045,0.33000000015271486,0.32999979892982745,60.00000002088366,-1.5271484077317155e-10,2.010701725674302e-07,-2.0883661982895435e-08,-7.635742038658577e-11,1.005350862837151e-07,-3.644886614750931e-12,-0.2083748122188652,-0.046245459587321486,10.674429353105253
318,-0.02626533337323274,0.508912540099833,0.5095898754960415,0.33000000015964803,0.32999978980131767,60.00000002090765,-1.5964801702850195e-10,2.1019868234883887e-07,-2.0907656087412398e-08,-7.982400851425098e-11,1.0509934117441944e-07,-3.649074375999817e-12,-0.19546359562422974,0.047662249957706404,10.674429406751397
319,-0.0466223311254703,0.5056373749867976,0.5077822335835632,0.330000000166896,0.32999978025837773,60.000000020931594,-1.6689599702246483e-10,2.1974162228710625e-07,-2.0931599303054455e-08,-8.344799851123241e-11,1.0987081114355313e-07,-3.653253255464506e-12,-0.19823788078337043,-0.06149371115158142,10.674429462883905
320,-0.06693128423823733,0.5021187272763789,0.5065599797570177,0.33000000017447306,0.32999977028219235,60.000000020955525,-1.744730471209266e-10,2.2971780766489758e-07,-2.0955529796477784e-08,-8.72365235604633e-11,1.1485890383244879e-07,-3.657429914483145e-12,-0.2019684895398901,-0.040867737709759745,10.674429521034877
321,-0.08679945020567807,0.4937885212975182,0.5013594003518809,0.33000000018239406,0.32999975985309254,60.00000002097949,-1.8239404431241724e-10,2.4014690747087286e-07,-2.0979498456557295e-08,-9.119702215620862e-11,1.2007345373543643e-07,-3.661613234839933e-12,-0.18839662628333534,-0.19557175271871974,10.674429583141368
322,-0.10670477201450117,0.4877383867694158,0.49927411539063277,0.33000000019067466,0.3299997489505162,60.00000002100341,-1.9067464274158397e-10,2.510494838126043e-07,-2.10034162277619e-08,-9.533732137079198e-11,1.2552474190630214e-07,-3.665787673412524e-12,-0.1999201877203518,-0.007299678096662561,10.674429647055106
323,-0.12637994321729662,0.48111255853140955,0.49743460276125356,0.33000000019933123,0.32999973755296746,60.00000002102734,-1.9933121819804e-10,2.6244703255073887e-07,-2.102734672118523e-08,-9.966560909902e-11,1.3122351627536943e-07,-3.6699643324311636e-12,-0.19138153122051565,-0.07969113561106872,10.674429714302681
324,-0.14587698105586103,0.47364160101480285,0.495597074056978,0.33000000020838083,0.329999725637975,60.00000002105126,-2.0838081260521335e-10,2.743620249878731e-07,-2.1051264492389837e-08,-1.0419040630260668e-10,1.3718101249393655e-07,-3.674138771003754e-12,-0.1908139332201263,-0.09442925833331783,10.674429784108849
325,-0.16459064691040715,0.46420948390043554,0.4925246450620467,0.3300000002178412,0.32999971318204707,60.0000000210752,-2.17841189531498e-10,2.868179529436077e-07,-2.1075207708031894e-08,-1.08920594765749e-10,1.4340897647180384e-07,-3.678317650468444e-12,-0.16885797891825474,-0.14008156175794725,10.674429858263181
326,-0.1824222346722777,0.45325842446393194,0.48859090356898116,0.33000000022773107,0.3299997001606257,60.00000002109905,-2.277310562348589e-10,2.998393743292027e-07,-2.1099049145924144e-08,-1.1386552811742945e-10,1.4991968716460136e-07,-3.6824787663647384e-12,-0.15773405545616953,-0.14495258188140533,10.674429934707675
327,-0.20042873540553385,0.44322785457064473,0.4864387001910499,0.33000000023806997,0.3299996865480377,60.00000002112276,-2.3806995264052944e-10,3.134519623304577e-07,-2.1122763361629137e-08,-1.1903497632026472e-10,1.5672598116522884e-07,-3.686617677800541e-12,-0.18414630999810508,-0.07882760959107588,10.674430014915723
328,-0.21796141094859775,0.4308641567555828,0.48285722345161514,0.33000000024887827,0.329999672317444,60.00000002114653,-2.488782513410115e-10,3.276825560338814e-07,-2.1146541188427756e-08,-1.2443912567050575e-10,1.638412780169407e-07,-3.69076769146659e-12,-0.16427083432604195,-0.17807662965851845,10.67443009790495
329,-0.2348019501092448,0.41767249440980186,0.4791474390640216,0.3300000002601773,0.32999965744078746,60.000000021170266,-2.6017726861837787e-10,3.42559212551663e-07,-2.1170268126351474e-08,-1.3008863430918893e-10,1.712796062758315e-07,-3.694908823348442e-12,-0.15225554268331,-0.15123579584109964,10.674430185672236
330,-0.251207376134027,0.40460623582192373,0.4762471542068558,0.33000000027198917,0.3299996418887375,60.00000002119391,-2.7198915342196983e-10,3.581112625328231e-07,-2.119391873096284e-08,-1.3599457671098492e-10,1.7905563126641155e-07,-3.699036632553998e-12,-0.15390162041087216,-0.12773649819425706,10.674430277100992
331,-0.26722251244069056,0.3913270306217098,0.47386149458498905,0.33000000028433735,0.3299996256306313,60.000000021217524,-2.84337331457607e-10,3.743693687274785e-07,-2.1217531168918025e-08,-1.421686657288035e-10,1.8718468436373925e-07,-3.703157780421407e-12,-0.15104460297710018,-0.13776080628983534,10.674430373465253
332,-0.2831088528058534,0.3782497942420739,0.47246537373781966,0.33000000029724613,0.3299996086344141,60.00000002124108,-2.972461166095286e-10,3.913655859388854e-07,-2.124107999577958e-08,-1.486230583047643e-10,1.956827929694427e-07,-3.707267826058569e-12,-0.15585816501650812,-0.12605975798274907,10.6744304727538
333,-0.29874199368273047,0.3650496308395635,0.47170754898096995,0.33000000031074095,0.32999959086657593,60.000000021264675,-3.107409329849986e-10,4.0913342408410713e-07,-2.126467971151604e-08,-1.553704664924993e-10,2.0456671204205357e-07,-3.711386753479928e-12,-0.15042342070866782,-0.1348699312253693,10.674430577583975
334,-0.3145957966637118,0.35236105650538313,0.47236514416292963,0.3300000003248485,0.3299995722920856,60.00000002128822,-3.2484848144775924e-10,4.2770791441881784e-07,-2.1288228538377594e-08,-1.6242424072387962e-10,2.1385395720940892e-07,-3.715496799117091e-12,-0.16368681223880524,-0.11494866508065733,10.674430687600523
335,-0.3304231173660089,0.33978322805272826,0.4739536670981707,0.3300000003395965,0.3299995528743212,60.00000002131185,-3.395964620622749e-10,4.471256788152189e-07,-2.1311853698551505e-08,-1.6979823103113745e-10,2.2356283940760946e-07,-3.7196201674305485e-12,-0.1576552871869004,-0.12319421395749561,10.67443080094049
336,-0.3462616391374586,0.32722571586241544,0.4764176653523984,0.330000000355014,0.3299995325749986,60.00000002133549,-3.5501396267179075e-10,4.6742500142693544e-07,-2.1335491580944144e-08,-1.7750698133589538e-10,2.3371250071346772e-07,-3.723745756190056e-12,-0.15864657599461793,-0.12510107578169047,10.674430921628387
337,-0.3617315256552392,0.31425930185335965,0.47917492156229125,0.3300000003711315,0.32999951135409533,60.00000002135915,-3.7113145889833277e-10,4.886459046837821e-07,-2.135915490777423e-08,-1.8556572944916638e-10,2.4432295234189105e-07,-3.727875785841661e-12,-0.14609737592543035,-0.1392051825277534,10.67443104500376
338,-0.37430459425455975,0.29871838388122207,0.47889101280842566,0.33000000038798066,0.3299994891697723,60.00000002138279,-3.87980647609254e-10,5.1083022772902e-07,-2.1382792790166868e-08,-1.93990323804627e-10,2.5541511386451e-07,-3.732001374601168e-12,-0.05813826789576587,-0.21548093885973674,10.674431176462178
339,-0.3861653483608028,0.28228773551502684,0.47834092642886195,0.3300000004055948,0.32999946597829194,60.00000002140601,-4.0559477998414195e-10,5.340217080762599e-07,-2.140601083934155e-08,-2.0279738999207098e-10,2.6701085403812996e-07,-3.73605368864105e-12,-0.10198686955722175,-0.18506685952311103,10.67443131206774
340,-0.39681436540343146,0.2646971412448596,0.4769970829824111,0.3300000004240086,0.3299994417339285,60.00000002142914,-4.240086060036674e-10,5.582660715375276e-07,-2.1429139832985155e-08,-2.120043030018337e-10,2.791330357687638e-07,-3.740090459558587e-12,-0.07821630560856295,-0.20297134712748433,10.674431454532085
341,-0.40309466951389533,0.24460041799653073,0.4715025737730326,0.33000000044325845,0.32999941638888186,60.00000002145211,-4.432584299607356e-10,5.836111181545256e-07,-2.1452116160004047e-08,-2.216292149803678e-10,2.918055590772628e-07,-3.744100585123533e-12,0.03913359397917897,-0.2594435753067993,10.674431604601747
342,-0.40848937999289764,0.22441223401702268,0.46607341089520743,0.3300000004633821,0.329999389893183,60.00000002147445,-4.6338211046048627e-10,6.101068170116797e-07,-2.1474456376086646e-08,-2.3169105523024314e-10,3.0505340850583984e-07,-3.747999688386017e-12,-0.03328325338923152,-0.20401592352239162,10.67443176044032
343,-0.40704862179346807,0.20119275158130745,0.4540562782220057,0.33000000048441946,0.32999936219459103,60.0000000214967,-4.844194489983522e-10,6.378054089872798e-07,-2.1496707536638167e-08,-2.422097244991761e-10,3.189027044936399e-07,-3.7518832485261554e-12,0.1739018511575915,-0.3029251216683488,10.67443192291238
344,-0.4063310876547352,0.17854718015388837,0.44382885027405006,0.330000000506412,0.32999933323849817,60.00000002151793,-5.064119679154544e-10,6.66761501844082e-07,-2.151792819747289e-08,-2.532059839577272e-10,3.33380750922041e-07,-3.755586952536305e-12,-0.009699886695589091,-0.21306445741373428,10.674432093519997
345,-0.4019757047027996,0.15558403209410984,0.43103463690749183,0.3300000005294028,0.32999930296781044,60.00000002153926,-5.294027993762995e-10,6.970321895782838e-07,-2.1539263358276146e-08,-2.6470139968814976e-10,3.485160947891419e-07,-3.759310640560898e-12,0.128436968494002,-0.23704160201926916,10.674432272237665
346,-0.3968719167260419,0.13257556751727892,0.4184299217172822,0.33000000055343753,0.3299992713228482,60.0000000215601,-5.534375180360485e-10,7.286771518399959e-07,-2.1560102352549097e-08,-2.7671875901802423e-10,3.6433857591999796e-07,-3.76294773118957e-12,0.06850066368004781,-0.23114203116596757,10.674432459220201
347,-0.38688044041512254,0.10776339805309226,0.40160854713980926,0.3300000005785633,0.3299992382412183,60.00000002158084,-5.785633083732478e-10,7.617587817199123e-07,-2.1580839569072238e-08,-2.892816541866239e-10,3.8087939085995615e-07,-3.766567058249848e-12,0.21396082423948656,-0.2902081420132101,10.674432652245041
348,-0.3790026003980446,0.08387514848529172,0.3881726569993173,0.3300000006048299,0.3299992036576989,60.00000002160086,-6.048299083794006e-10,7.963423011014825e-07,-2.1600864341346733e-08,-3.024149541897003e-10,3.9817115055074126e-07,-3.7700620403313675e-12,0.02946021998112898,-0.21732436476211223,10.674432856421696
349,-0.3741233334149976,0.06106625172914521,0.37907434060589856,0.33000000063228896,0.32999916750410124,60.000000021621226,-6.322889434251522e-10,8.324958987726561e-07,-2.1621232613526825e-08,-3.161444717125761e-10,4.1624794938632803e-07,-3.773616974456218e-12,-0.0211740342969065,-0.2029040686226675,10.67443306874895
350,-0.37038388595644395,0.038887100138587205,0.37241969541551445,0.3300000006609946,0.3299991297091441,60.00000002164208,-6.609945923941041e-10,8.702908559365952e-07,-2.16420843300185e-08,-3.3049729619705204e-10,4.351454279682976e-07,-3.777256285530939e-12,0.010798685680683949,-0.20709746204164128,10.674433292152127
351,-0.3686448470630144,0.01733970029554659,0.36905241968107005,0.33000000069100344,0.32999909019831136,60.00000002166311,-6.91003421149361e-10,9.098016886532889e-07,-2.1663114157572338e-08,-3.455017105746805e-10,4.5490084432664446e-07,-3.780926682850349e-12,-0.02928581091857988,-0.20073312432146642,10.674433524652496
352,-0.36884936953096137,-0.003775281394222868,0.3688686895807141,0.3300000007223747,0.3299990488937027,60.00000002168447,-7.223746600892866e-10,9.511062973310835e-07,-2.1684474762813047e-08,-3.611873300446433e-10,4.7555314866554177e-07,-3.784654811767041e-12,-0.04739498977822057,-0.20106005998783308,10.674433767444375
353,-0.3698982499654542,-0.024711588121783295,0.37072277771268153,0.3300000007551702,0.32999900571388147,60.00000002170612,-7.551702041475039e-10,9.94286118549681e-07,-2.170612797908445e-08,-3.7758510207375195e-10,4.971430592748405e-07,-3.788434010942865e-12,-0.030190490230980523,-0.2051939848238549,10.674434021349162
354,-0.3701453319932835,-0.04535382782535723,0.3729135777828828,0.3300000007894546,0.3299989605737144,60.00000002172794,-7.894545572817435e-10,1.0394262855983882e-06,-2.172794658419929e-08,-3.9472727864087176e-10,5.197131427991941e-07,-3.7922420759173296e-12,0.01623780921051205,-0.19956083314252204,10.674434287500889
355,-0.3691204214608413,-0.06570084213472734,0.37492197347800443,0.3300000008252955,0.3299989133842034,60.000000021749656,-8.252954986076588e-10,1.0866157966193946e-06,-2.174966341156432e-08,-4.126477493038294e-10,5.433078983096973e-07,-3.7960323773234e-12,0.039928931730730616,-0.19658155056208157,10.674434565009784
356,-0.36836146580434187,-0.08609661184153533,0.3782893020693492,0.33000000086276354,0.3299988640523093,60.0000000217712,-8.627635272873135e-10,1.135947690689143e-06,-2.1771202127867192e-08,-4.3138176364365677e-10,5.679738453445715e-07,-3.799791592484781e-12,0.0013839427929944748,-0.2050953230080919,10.674434854889006
357,-0.3673943365221977,-0.10644262057156634,0.3825031110758817,0.3300000009019326,0.3299988124807682,60.0000000217928,-9.019325841741477e-10,1.187519231837797e-06,-2.1792804455263694e-08,-4.5096629208707384e-10,5.937596159188985e-07,-3.8035619098764076e-12,0.014528677419808449,-0.2022989978419784,10.674435159165313
358,-0.36444880433829646,-0.12645368988422392,0.3857634854012875,0.33000000094287996,0.32999875856790106,60.0000000218144,-9.428799407906752e-10,1.2414320989528882e-06,-2.1814406782660193e-08,-4.714399703953376e-10,6.207160494764441e-07,-3.8073322272680345e-12,0.07561805621329604,-0.19229544005433719,10.674435476522952
359,-0.36198979546434984,-0.14659155821909828,0.390545383997078,0.3300000009856863,0.3299987022074138,60.000000021835724,-9.856863103507862e-10,1.2977925862300843e-06,-2.1835729221244725e-08,-4.928431551753931e-10,6.488962931150422e-07,-3.811053694846578e-12,0.013237878173849117,-0.2043373272002628,10.674435807992998
360,-0.35872274823923855,-0.1664859907431924,0.3954738868978007,0.33000000103043614,0.32999864328818407,60.000000021857126,-1.0304361253155037e-09,1.3567118159474312e-06,-2.185712799314161e-08,-5.152180626577518e-10,6.783559079737156e-07,-3.814788485101417e-12,0.05152470044492214,-0.19326415632254318,10.67443615398505
361,-0.35306069804738965,-0.1853751727370481,0.39876786627435323,0.3300000010772175,0.32999858169404683,60.000000021878456,-1.0772174818818314e-09,1.418305953182486e-06,-2.1878463153944868e-08,-5.386087409409157e-10,7.09152976591243e-07,-3.8185121731260095e-12,0.11250390447562246,-0.16543597423282913,10.674436517133456
362,-0.3475480965319602,-0.20456532578993902,0.40328234764062343,0.3300000011261227,0.32999851730356317,60.000000021899424,-1.126122695094267e-09,1.4826964368497286e-06,-2.1899429370405077e-08,-5.630613475471336e-10,7.413482184248643e-07,-3.822171468215174e-12,0.0516388793711389,-0.19892418857286406,10.674436895637594
363,-0.34051389644892843,-0.22309903421099678,0.4070907672015064,0.33000000117724826,0.32999844998977873,60.00000002192044,-1.1772482433336506e-09,1.550010221285092e-06,-2.1920446475740188e-08,-5.886241216668253e-10,7.75005110642546e-07,-3.8258396450885355e-12,0.10584596740763917,-0.17002004280096794,10.674437292368584
364,-0.3318661734600925,-0.24078402634470128,0.41001476123404385,0.3300000012306948,0.32999837961997797,60.00000002194127,-1.2306947683171643e-09,1.6203800220493392e-06,-2.194127274779441e-08,-6.153473841585821e-10,8.101900110246696e-07,-3.829474515271159e-12,0.12412609769036832,-0.15704654129864537,10.674437705559006
365,-0.32243860237054234,-0.2581338391067994,0.41303720315570086,0.3300000012865678,0.3299983060554189,60.00000002196185,-1.2865677967432987e-09,1.6939445811048337e-06,-2.1961857297692842e-08,-6.432838983716493e-10,8.469722905524169e-07,-3.833067196978845e-12,0.11247216657876184,-0.1656772756166663,10.674438139506197
366,-0.3117651261515371,-0.27469676040335833,0.41551871685928166,0.3300000013449774,0.3299982291510606,60.00000002198236,-1.3449774072249454e-09,1.7708489394308025e-06,-2.1982365514278918e-08,-6.724887036124727e-10,8.854244697154012e-07,-3.836646556010237e-12,0.1358058818772459,-0.14726841210285943,10.674438590778546
367,-0.3017523587868702,-0.2917969581030176,0.41976177862165376,0.3300000014060388,0.3299981487552777,60.000000022002666,-1.4060387854009093e-09,1.8512447222951423e-06,-2.2002670175365383e-08,-7.030193927004547e-10,9.256223611475711e-07,-3.8401903879048405e-12,0.08471113371205408,-0.1835384264020848,10.674439064586638
368,-0.29136872967651056,-0.30872998671250174,0.4245114148392302,0.3300000014698724,0.3299980647095601,60.00000002202311,-1.4698723904693622e-09,1.935290439902815e-06,-2.2023114780857828e-08,-7.349361952346811e-10,9.676452199514074e-07,-3.843758644705986e-12,0.11248973183634912,-0.16542967399059005,10.67443955945335
369,-0.2790491399579259,-0.3238217127997949,0.4274680387957104,0.330000001536604,0.32999797684820287,60.00000002204353,-1.5366040106989942e-09,2.0231517971480706e-06,-2.2043533941912825e-08,-7.683020053494971e-10,1.0115758985740353e-06,-3.847322460615032e-12,0.16836831137765165,-0.1079535353550345,10.674440076830027
370,-0.26572116855389155,-0.3381184789100418,0.43003702770585467,0.33000000160636517,0.3299978849979784,60.00000002206366,-1.606365152007072e-09,2.1150020216298415e-06,-2.2063660491937127e-08,-8.03182576003536e-10,1.0575010108149208e-06,-3.850835206264946e-12,0.15680862003406498,-0.12441859497126488,10.674440617935744
371,-0.2526518311751868,-0.35289784372616073,0.43401593968741387,0.33000000167929344,0.3299977889777933,60.00000002208368,-1.6792934265374981e-09,2.2110222067106555e-06,-2.208368526421162e-08,-8.396467132687491e-10,1.1055111033553278e-06,-3.8543301883464666e-12,0.12465857986260742,-0.1590542846313771,10.674441182490359
372,-0.23979785493678885,-0.36817570612246026,0.43938179503827585,0.3300000017555326,0.3299976885983325,60.000000022103755,-1.7555326081719613e-09,2.3114016675096494e-06,-2.210376092536102e-08,-8.777663040859807e-10,1.1557008337548247e-06,-3.857834052212183e-12,0.12351466911007221,-0.16441023416704528,10.674441773353868
373,-0.22584928743924473,-0.38226075522168995,0.44399457836720413,0.33000000183523304,0.32999758366168674,60.000000022123885,-1.835233021107996e-09,2.416338313271371e-06,-2.212388747538532e-08,-9.17616510553998e-10,1.2081691566356856e-06,-3.861346797862097e-12,0.16502613768874078,-0.11301818072722009,10.674442390802538
374,-0.21111967898927886,-0.3954897205197869,0.44831198722915644,0.3300000019185519,0.3299974739609625,60.000000022143844,-1.918551872925889e-09,2.526039037498151e-06,-2.2143848636566185e-08,-9.592759364629444e-10,1.2630195187490756e-06,-3.8648306777133715e-12,0.16552037338939088,-0.11231436428776068,10.674443036613763
375,-0.19534490910960178,-0.407247992163344,0.45167528229482923,0.3300000020056533,0.3299973592798725,60.00000002216373,-2.005653310099831e-09,2.6407201275113756e-06,-2.2163733464434693e-08,-1.0028266550499154e-09,1.3203600637556878e-06,-3.868301234888349e-12,0.18213479882324252,-0.08326653116288987,10.674443711472277
376,-0.18005208632258526,-0.41979481268349433,0.4567783253888978,0.33000000209670916,0.32999723939231024,60.000000022183464,-2.0967091396428827e-09,2.7606076897779275e-06,-2.2183465625678492e-08,-1.0483545698214414e-09,1.3803038448889637e-06,-3.871745146710737e-12,0.1416827957079921,-0.14386767898853814,10.674444416834499
377,-0.1655061376193793,-0.43333282146077695,0.46386379007726236,0.3300000021918988,0.32999711406190346,60.00000002220331,-2.191898773595824e-09,2.885938096552909e-06,-2.2203312286890827e-08,-1.095949386797912e-09,1.4429690482764546e-06,-3.875209042547567e-12,0.12803242507639465,-0.15850781377241993,10.674445155051771
378,-0.1502251669872695,-0.4459943623429052,0.47061509967064125,0.3300000022914101,0.32999698304154923,60.00000002222327,-2.291410061694421e-09,3.016958450785534e-06,-2.222327344807169e-08,-1.1457050308472105e-09,1.508479225392767e-06,-3.878692922398841e-12,0.1699602179954064,-0.10616449126757213,10.674445925804376
379,-0.13420655408557788,-0.45763079908784504,0.47690391845035696,0.3300000023954391,0.329996846072927,60.00000002224316,-2.395439069324823e-09,3.1539270730074342e-06,-2.22431582759402e-08,-1.1977195346624114e-09,1.5769635365037171e-06,-3.882163479573819e-12,0.1773977819737077,-0.09244527091491163,10.674446731442364
380,-0.11576581739371318,-0.4648370048615247,0.4790356621019647,0.33000000250419104,0.32999670288598804,60.00000002226294,-2.5041910212131313e-09,3.2971140119797404e-06,-2.2262941326058904e-08,-1.2520955106065657e-09,1.6485570059898702e-06,-3.885616273180404e-12,0.24092358868919167,0.03130999825924541,10.674447574432381
381,-0.09462762893325434,-0.4670678099667384,0.47655716054284075,0.3300000026178802,0.32999655319842425,60.000000022282386,-2.617880190403099e-09,3.4468015757682657e-06,-2.2282393598490737e-08,-1.3089400952015495e-09,1.7234007878841329e-06,-3.889011335189707e-12,0.27432242587160227,0.09378463121197358,10.6744484556617
382,-0.07174886850071636,-0.4656898511915884,0.47118461099019016,0.3300000027367309,0.32999639671511005,60.00000002230145,-2.7367308974568516e-09,3.6032848899636427e-06,-2.2301451482142063e-08,-1.3683654487284258e-09,1.8016424449818214e-06,-3.892337563371484e-12,0.26940095034037975,0.09798407829322131,10.674449376968589
383,-0.048612639872209824,-0.4628208082232637,0.4653668330250666,0.3300000028609773,0.32999623312752085,60.000000022320265,-2.8609772884102824e-09,3.7668724791606323e-06,-2.2320267643637602e-08,-1.4304886442051412e-09,1.8834362395803161e-06,-3.895621603078325e-12,0.23736987752417368,0.06348239419059207,10.67445033853041
384,-0.02605989865627263,-0.4612928142885108,0.46202833120079306,0.33000000299086446,0.32999606211312477,60.00000002233905,-2.9908644449960775e-09,3.937886875249319e-06,-2.233905836069569e-08,-1.4954322224980388e-09,1.9689434376246595e-06,-3.898901201893068e-12,0.2119127058659459,-0.016011204769129567,10.674451346082998
385,-0.0024664430777437637,-0.4527360305223617,0.452742748892349,0.33000000312664846,0.3299958833347476,60.00000002235796,-3.1266484401548666e-09,4.11666525240717e-06,-2.2357963577722308e-08,-1.5633242200774333e-09,2.058332626203585e-06,-3.902200784722254e-12,0.26021789091225433,0.24957293372715342,10.674452397785661
386,0.020762988565926736,-0.4445761811192794,0.4450607627198685,0.33000000326859696,0.32999569643990867,60.00000002237674,-3.268596948657887e-09,4.303560091345471e-06,-2.2376741572561667e-08,-1.6342984743289435e-09,2.1517800456727354e-06,-3.905478163090947e-12,0.22380042462319402,0.07233669222585937,10.674453497909065
387,0.04316567869425967,-0.4357782375559529,0.43791089064387123,0.3300000034169899,0.3299955010601234,60.00000002239557,-3.4169898577296465e-09,4.4989398766404065e-06,-2.2395570456275932e-08,-1.7084949288648232e-09,2.2494699383202033e-06,-3.908764423243838e-12,0.20473626592531613,0.10286829937219344,10.674454648022241
388,0.0648459993128818,-0.42947845932982953,0.4343463487301468,0.3300000035721198,0.32999529681017864,60.000000022414575,-3.572119766648285e-09,4.703189821375631e-06,-2.241457745105236e-08,-1.7860598833241426e-09,2.3515949106878153e-06,-3.912081769641418e-12,0.19994791762616923,0.004707257726488835,10.674455849838157
389,0.08594001608761231,-0.42396290518668334,0.43258551910514953,0.3300000037342925,0.3299950832873731,60.00000002243367,-3.734292486345936e-09,4.916712626923392e-06,-2.2433673501359866e-08,-1.867146243172968e-09,2.458356313461696e-06,-3.915414659161342e-12,0.19725974472303565,0.03685697949529117,10.674457106143826
390,0.10673463927742532,-0.41965192745958274,0.4330127289609683,0.3300000039038278,0.32999486007072265,60.000000022452895,-3.903827761053691e-09,5.139929277364619e-06,-2.245289677385463e-08,-1.9519138805268454e-09,2.5699646386823094e-06,-3.91876975314176e-12,0.20096038158325452,0.01500299422992796,10.674458420617691
391,0.1268326748284154,-0.41431814010511275,0.4332967212249481,0.3300000040810599,0.3299946267201313,60.000000022472165,-4.081059878924265e-09,5.373279868714498e-06,-2.24721709352243e-08,-2.0405299394621323e-09,2.686639934357249e-06,-3.922133728906374e-12,0.18472664393724247,0.07720343151657409,10.674459793843127
392,0.14628783868509773,-0.4079399947709712,0.4333764773045455,0.3300000042663383,0.329994382775522,60.000000022491584,-4.266338282654658e-09,5.617224478005056e-06,-2.2491585040999952e-08,-2.133169141327329e-09,2.808612239002528e-06,-3.92552212957753e-12,0.1795512990328559,0.08814980620032803,10.674461229946287
393,0.16578770705621038,-0.4014808077471252,0.4343643664024938,0.3300000044600282,0.32999412775593107,60.00000002251111,-4.4600281801088215e-09,5.872244068949595e-06,-2.251111364674414e-08,-2.2300140900544108e-09,2.9361220344747974e-06,-3.92893051426313e-12,0.1960417890477039,0.06648284299816908,10.674462730464477
394,0.185260292905387,-0.3947683784601516,0.43607734263482123,0.3300000046625116,0.3299938611585592,60.000000022530635,-4.6625115990295285e-09,6.1388414407947955e-06,-2.2530642252488326e-08,-2.3312557995147642e-09,3.0694207203973978e-06,-3.9323388989487285e-12,0.19408926631312867,0.07303327900930279,10.674464300301613
395,0.20354541050430552,-0.38547327461451575,0.43591327070806657,0.3300000048741877,0.3299935824577803,60.00000002255018,-4.874187664594132e-09,6.417542219694372e-06,-2.2550183580451236e-08,-2.437093832297066e-09,3.208771109847186e-06,-3.935749504080377e-12,0.1551435834830603,0.15321344482499208,10.67446593982511
396,0.2194942609912253,-0.3721635877063905,0.43206882162749993,0.3300000050954737,0.3299932911041041,60.00000002256992,-5.095473709637588e-09,6.70889589593493e-06,-2.2569928463913764e-08,-2.547736854818794e-09,3.354447947967465e-06,-3.939195636348814e-12,0.10497560558915704,0.22677047387244206,10.674467654559969
397,0.2355645399846186,-0.3593925219813219,0.4297134363203691,0.330000005326806,0.32999298652309383,60.000000022590065,-5.3268059962974235e-09,7.013476906181371e-06,-2.259006773615679e-08,-2.6634029981487117e-09,3.5067384530906853e-06,-3.9427106024447765e-12,0.16353612175153887,0.11514282964592018,10.674469447526219
398,0.2514432233313593,-0.3466206877749156,0.4282167625780422,0.3300000055686408,0.32999266811423555,60.00000002261018,-5.568640770725608e-09,7.331885764461088e-06,-2.2610181563962365e-08,-2.784320385362804e-09,3.665942882230544e-06,-3.9462211276486416e-12,0.15431626837874424,0.12773627329514683,10.674471321605212
399,0.26738350266650207,-0.3341081343087347,0.427927777679214,0.3300000058214547,0.3299923352497507,60.00000002263037,-5.8214547071777645e-09,7.664750249325447e-06,-2.2630371725080294e-08,-2.9107273535888822e-09,3.8323751246627236e-06,-3.9497449755288016e-12,0.16084003308070105,0.11907565072309774,10.674473280116658
400,0.28375950070007544,-0.3220327829010598,0.4292138948130142,0.3300000060857463,0.3299919872733599,60.000000022650546,-6.0857462957919495e-09,8.012726640138634e-06,-2.26505491639795e-08,-3.0428731478959747e-09,4.006363320069317e-06,-3.953266602962913e-12,0.1739267499656643,0.11055213271149864,10.674475328616552
401,0.30033526150031614,-0.3101616128073064,0.4317423946749876,0.33000000636203664,0.32999162349898936,60.00000002267068,-6.362036619744771e-09,8.376501010654014e-06,-2.267068843622253e-08,-3.1810183098723854e-09,4.188250505327007e-06,-3.956781569058876e-12,0.1704187392245345,0.11394747027924967,10.674477469319429
402,0.3164213437029441,-0.29782706481810034,0.434538177021239,0.33000000665087037,0.32999124320941736,60.00000002269082,-6.65087035445211e-09,8.75679058265355e-06,-2.2690827708465553e-08,-3.325435177226055e-09,4.378395291326775e-06,-3.960296535154839e-12,0.14943498808188094,0.13415763078582313,10.674479708095662
403,0.33103396495807363,-0.2837928816941178,0.43602968437494555,0.330000006952817,0.32999084565486053,60.00000002271104,-6.9528169888144475e-09,9.154345139483766e-06,-2.2711043314020936e-08,-3.4764084944072238e-09,4.577172569741883e-06,-3.963824823927098e-12,0.11174545710959134,0.17999998438442952,10.674482048221252
404,0.34485434133567844,-0.2691419324859908,0.4374493074178518,0.3300000072684719,0.3299904300514953,60.000000022731506,-7.2684718799287396e-09,9.569948504706272e-06,-2.2731513363950835e-08,-3.6342359399643698e-09,4.784974252353136e-06,-3.9673975216203416e-12,0.11971804996705877,0.1609007007111484,10.674484493724167
405,0.35805380971940376,-0.25401386594905856,0.43900521038931334,0.33000000759845743,0.32998999557991393,60.00000002275212,-7.59845741882259e-09,1.000442008608493e-05,-2.2752123358286718e-08,-3.799228709411295e-09,5.002210043042465e-06,-3.970994644220127e-12,0.11750683064665252,0.16241340304127966,10.674487051607118
406,0.37115286093686956,-0.23878097638047605,0.4413284500945262,0.33000000794342416,0.32998954138350733,60.000000022772845,-7.94342414067728e-09,1.0458616492681205e-05,-2.2772847852591137e-08,-3.97171207033864e-09,5.229308246340603e-06,-3.974611750834356e-12,0.12864744496185004,0.15477476642417878,10.67448972490662
407,0.38384824694253794,-0.22310346779603166,0.44397593856365064,0.3300000083040522,0.32998906656677723,60.00000002279361,-8.304052168117693e-09,1.093343322278173e-05,-2.279361051355173e-08,-4.152026084058846e-09,5.466716611390865e-06,-3.978235518786733e-12,0.11753500511466435,0.16714952954771944,10.674492520575951
408,0.39570773296217593,-0.2068536765621053,0.4465120977457664,0.3300000086810526,0.3299885701935697,60.00000002281443,-8.681052598991101e-09,1.1429806430318656e-05,-2.281443678560595e-08,-4.340526299495551e-09,5.714903215159328e-06,-3.981870388969355e-12,0.09909052718893925,0.1758511741603342,10.674495441543051
409,0.40702987113074157,-0.1902854031865848,0.4493126424424192,0.33000000907516874,0.32998805128522934,60.00000002283542,-9.075168727612493e-09,1.1948714770670943e-05,-2.283542844650361e-08,-4.537584363806246e-09,5.9743573853354714e-06,-3.985534124950618e-12,0.10068326516056553,0.17311398372556208,10.674498495645242
410,0.41896271714233163,-0.1741072482475269,0.4536993412466138,0.33000000948717756,0.32998750881867117,60.00000002285649,-9.48717754356565e-09,1.2491181328844192e-05,-2.2856496440713627e-08,-4.743588771782825e-09,6.245590664422096e-06,-3.989211183608177e-12,0.13357830978638602,0.1526787858729639,10.674501689228029
411,0.4307465660390292,-0.15785537971935262,0.45876020431240194,0.3300000099178914,0.32998694172436244,60.00000002287751,-9.917891397037693e-09,1.3058275637578554e-05,-2.2877513546048738e-08,-4.958945698518846e-09,6.529137818789277e-06,-3.992879360481539e-12,0.11436188961940424,0.16423866902762913,10.674505027049944
412,0.44124488357492314,-0.14087743001732325,0.4631884039668235,0.3300000103681594,0.3299863488842135,60.000000022898575,-1.0368159386597853e-08,1.3651115786494916e-05,-2.289858154025875e-08,-5.184079693298926e-09,6.825557893247458e-06,-3.996556419139097e-12,0.07498744360680566,0.18672139107672497,10.674508516736356
413,0.4500146630631805,-0.12314248899197995,0.4665589668702208,0.33000001083886943,0.3299857291293736,60.00000002291986,-1.0838869413110075e-08,1.4270870626442722e-05,-2.2919865812187106e-08,-5.4194347065550375e-09,7.135435313221361e-06,-4.000271225379492e-12,0.0473652404376889,0.19501254113056335,10.674512164443646
414,0.4573680791181902,-0.10483876298970723,0.4692299287358758,0.3300000113309494,0.32998508123792697,60.0000000229414,-1.133094940097834e-08,1.491876207304621e-05,-2.2941404528489975e-08,-5.66547470048917e-09,7.459381036523105e-06,-4.004030440540873e-12,0.04048568044095863,0.19630890948421706,10.674515978312558
415,0.4636461638535714,-0.08612961082917975,0.47157828100721383,0.3300000118453697,0.32998440393248385,60.00000002296319,-1.1845369685126172e-08,1.5596067516165935e-05,-2.2963197689167362e-08,-5.922684842563086e-09,7.798033758082967e-06,-4.007834064623239e-12,0.037689783229119415,0.19655146529768977,10.674519964677573
416,0.47401709045131407,-0.07247179580382113,0.4795251434773364,0.33000001238314447,0.3299836958776615,60.00000002298516,-1.2383144454286565e-08,1.630412233849521e-05,-2.2985168960906913e-08,-6.191572227143283e-09,8.152061169247604e-06,-4.0116687749502946e-12,0.19920890943239827,0.01871361709962774,10.674524133148495
417,0.482997777372886,-0.05701849338855073,0.4863516850340381,0.33000001294533393,0.3299829556774537,60.00000002300653,-1.2945333915936885e-08,1.704432254628907e-05,-2.300652956614762e-08,-6.472666957968443e-09,8.522161273144535e-06,-4.015396903866986e-12,0.057367943438364745,0.19642772991711513,10.674528490517698
418,0.49081045487394775,-0.04039715070746652,0.4924701335094883,0.3300000135330466,0.329982181872471,60.00000002302814,-1.3533046572256069e-08,1.7818127528990146e-05,-2.302814461576285e-08,-6.7665232861280344e-09,8.909063764495073e-06,-4.019169441704662e-12,0.050873221865342357,0.1934676996796377,10.674533045626704
419,0.49806551424746215,-0.02299186994221285,0.49859591110039053,0.3300000141474412,0.32998137293707097,60.000000023049935,-1.4147441163014918e-08,1.8627062929044147e-05,-2.3049937776440236e-08,-7.073720581507459e-09,9.313531464522073e-06,-4.022973065787028e-12,0.05953950409233465,0.19234469628296497,10.674537807637998
420,0.5045668352926443,-0.0049235025501467395,0.5045908561940018,0.330000014789729,0.32998052727634786,60.00000002307184,-1.4789728997044449e-08,1.9472723652158574e-05,-2.3071845437086156e-08,-7.3948644985222245e-09,9.736361826079287e-06,-4.026796673883837e-12,0.04742598279070635,0.19615569521275497,10.674542786540934
421,0.510854561282628,0.013514024580351086,0.5110332784111272,0.3300000154611764,0.3299796432229877,60.000000023093875,-1.546117639472655e-08,2.035677701234251e-05,-2.3093880319919338e-08,-7.730588197363275e-09,1.0178388506171254e-05,-4.030642486441139e-12,0.057893375278493836,0.19298899853485832,10.674547989681882
422,0.5160114688894569,0.03237733656965075,0.5170262352616155,0.33000001616310726,0.3299787190339812,60.00000002311597,-1.6163107241506935e-08,2.1280966018832892e-05,-2.3115978813846146e-08,-8.081553620753468e-09,1.0640483009416446e-05,-4.034499401228686e-12,0.025183313794664715,0.19856809993150737,10.67455343031108
423,0.520915834784963,0.05144103418280305,0.5234496030445636,0.3300000168969055,0.3299777528871867,60.00000002313825,-1.689690548589695e-08,2.2247112813289505e-05,-2.3138255418835115e-08,-8.448452742948476e-09,1.1123556406644752e-05,-4.038387402260923e-12,0.04315101902416387,0.19531264068788884,10.674559118290981
424,0.5245574680813422,0.07081761031904237,0.5293162299147911,0.3300000176640178,0.32997674287773915,60.00000002316062,-1.7664017804008836e-08,2.3257122260866847e-05,-2.3160621079355168e-08,-8.832008902004418e-09,1.1628561130433424e-05,-4.0422909464155056e-12,0.006952572317493987,0.20106626023422253,10.674565064866275
425,0.5268493776437304,0.09042152419674722,0.5345524471571045,0.33000001846595667,0.3299756870142919,60.00000002318318,-1.8465956652669036e-08,2.4312985708097035e-05,-2.3183190295374832e-08,-9.232978326334518e-09,1.2156492854048517e-05,-4.046230017706876e-12,-0.008574458169232812,0.2013436860777096,10.674571280297302
426,0.5289998559935224,0.11011980655192725,0.5403399110154656,0.3300000193043033,0.3299745832150932,60.00000002320597,-1.9304303267020373e-08,2.5416784906806544e-05,-2.3205975789112836e-08,-9.652151633510186e-09,1.2708392453403272e-05,-4.050206836581083e-12,0.018204721870660908,0.1991847546926876,10.674577778440716
427,0.5279721714396353,0.12988144189746317,0.5437129782928192,0.33000002018071045,0.3299734293038808,60.00000002322879,-2.0180710436079607e-08,2.657069611922136e-05,-2.322879944950702e-08,-1.0090355218039804e-08,1.328534805961068e-05,-4.054190316793438e-12,-0.08443397995799229,0.1990945898967987,10.674584572451208
428,0.5251211101426808,0.1496037971422444,0.5460160038285136,0.33000002109690607,0.329972223005589,60.00000002325213,-2.1096906055451115e-08,2.7776994411032874e-05,-2.3252131998650234e-08,-1.0548453027725557e-08,1.3888497205516437e-05,-4.058262614847763e-12,-0.07105607030773367,0.19630701676334003,10.674591674504711
429,0.5222162537328612,0.16937084680808337,0.5489957189371073,0.3300000220546966,0.32997096194186754,60.00000002327577,-2.2054696569018262e-08,2.903805813248006e-05,-2.3275769881042874e-08,-1.1027348284509131e-08,1.451902906624003e-05,-4.06238820360727e-12,-0.030303783398370306,0.1987133664828713,10.6745990982426
430,0.5183579008477407,0.18906097650878992,0.5517598809352973,0.3300000230559704,0.3299696436263901,60.000000023299414,-2.3055970410634785e-08,3.0356373609929932e-05,-2.3299420485654236e-08,-1.1527985205317393e-08,1.5178186804964966e-05,-4.066516012812826e-12,-0.06083177994151096,0.1951064978204472,10.674606860102202
431,0.5092759281713268,0.20748033537342647,0.549918230813851,0.3300000241027017,0.32996826545995084,60.000000023323246,-2.410270166786077e-08,3.173454004917753e-05,-2.332324920132776e-08,-1.2051350833930385e-08,1.5867270024588764e-05,-4.070674908263072e-12,-0.2127041885608453,0.15454226913791097,10.67461497354082
432,0.4998185169325568,0.22597891320855604,0.548529870730465,0.3300000251969541,0.32996682472533945,60.00000002334786,-2.5196954078765543e-08,3.3175274660568466e-05,-2.3347866694562287e-08,-1.2598477039382772e-08,1.6587637330284233e-05,-4.074971471368372e-12,-0.1033343455092739,0.18683422099594588,10.674623457694278
433,0.49020706166388206,0.24447551874971826,0.5477875889184428,0.33000002634088504,0.32996531858199,60.00000002337261,-2.6340885028730554e-08,3.4681418009996356e-05,-2.3372611409984072e-08,-1.3170442514365277e-08,1.7340709004998178e-05,-4.079290238934164e-12,-0.09970891338445909,0.18492003521886569,10.674632325184765
434,0.47971697395389157,0.2626024828002845,0.5468897869519529,0.33000002753675,0.32996374406037376,60.00000002339736,-2.753674999134148e-08,3.625593962625073e-05,-2.3397368847624586e-08,-1.376837499567074e-08,1.8127969813125366e-05,-4.083611226946005e-12,-0.12540230073052094,0.1726446723915841,10.674641596380052
435,0.46968447439682137,0.2807681900199897,0.5472058863138438,0.33000002878690676,0.32996209805614607,60.00000002342229,-2.878690674723572e-08,3.7901943853946296e-05,-2.3422291674108534e-08,-1.439345337361786e-08,1.8950971926973148e-05,-4.087961080756486e-12,-0.0896479386691702,0.18256107947677988,10.674651287733758
436,0.4604739403989964,0.29910825878674047,0.5490919779609007,0.3300000300938201,0.32996037732402766,60.000000023447136,-3.009382010255024e-08,3.9622675972350585e-05,-2.3447138167280126e-08,-1.504691005127512e-08,1.9811337986175293e-05,-4.092297611890672e-12,-0.07292614359580973,0.18746912376504712,10.674661420860888
437,0.4503764506190853,0.3168343098507903,0.5506568143325496,0.33000003146006673,0.32995857847140403,60.00000002347192,-3.1460066718391744e-08,4.1421528595986246e-05,-2.347192104935809e-08,-1.5730033359195872e-08,2.0710764297993123e-05,-4.096623040794611e-12,-0.12167053271437403,0.1629334309106489,10.674672013145452
438,0.4385348651210241,0.3334326595450559,0.5508994158446748,0.33000003288834034,0.3299566979516368,60.00000002349685,-3.288834032888488e-08,4.3302048363225154e-05,-2.3496856598060764e-08,-1.644417016444244e-08,2.1651024181612577e-05,-4.100975115051142e-12,-0.1591114217373431,0.13967046498088467,10.674683086438293
439,0.4261515316273707,0.3495092960446426,0.551145966083374,0.33000003438145703,0.32995473205707193,60.00000002352207,-3.438145701473161e-08,4.526794292808445e-05,-2.3522072035575407e-08,-1.7190728507365804e-08,2.2633971464042224e-05,-4.105376039120756e-12,-0.13647412150026061,0.1485930571198735,10.674694664019636
440,0.4117900741728666,0.3631377465065526,0.5490355982312551,0.33000003594236055,0.32995267691173064,60.0000000235474,-3.5942360532281725e-08,4.732308826937981e-05,-2.3547401973058583e-08,-1.7971180266140863e-08,2.3661544134689905e-05,-4.109796947204814e-12,-0.1897708002980958,0.07916016373990142,10.674706765216452
441,0.39613507273655874,0.3750652944657806,0.5455244916268209,0.33000003757412844,0.32995052846366485,60.000000023573044,-3.757412841975949e-08,4.94715363351661e-05,-2.3573049966009903e-08,-1.8787064209879745e-08,2.473576816758305e-05,-4.114273366440102e-12,-0.18673270727170907,0.07958775452961762,10.674719418160471
442,0.3796358168746625,0.38591832511725804,0.5413467531216956,0.3300000392799779,0.32994828247697106,60.00000002359891,-3.927997788144566e-08,5.1717523028960155e-05,-2.3598914236679565e-08,-1.963998894072283e-08,2.5858761514480078e-05,-4.118787533258228e-12,-0.18469182854923555,0.0834582360005155,10.674732646598091
443,0.36302393237667746,0.39681495487010426,0.5378182628795617,0.33000004106327224,0.32994593452343723,60.000000023624914,-4.106327222697104e-08,5.406547656278127e-05,-2.362491845175521e-08,-2.053163611348552e-08,2.7032738281390634e-05,-4.123326124982896e-12,-0.1687468464884767,0.10998360989362077,10.674746474300635
444,0.34707774551782605,0.40861145643895364,0.5361215195894488,0.33000004292752727,0.3299434799738126,60.000000023651005,-4.292752725509885e-08,5.652002618738994e-05,-2.3651011722361938e-08,-2.1463763627549426e-08,2.826001309369497e-05,-4.127880259829908e-12,-0.1439289236752971,0.13896202472843092,10.67476093082595
445,0.3317699348173046,0.4212243321163127,0.5361914094943262,0.33000004487641876,0.3299409139886804,60.000000023676975,-4.4876418747730185e-08,5.90860113195979e-05,-2.3676977770781407e-08,-2.2438209373865092e-08,2.954300565979895e-05,-4.132412190216428e-12,-0.1381826633107593,0.14517748597200403,10.674776043420598
446,0.31667599147532555,0.4341817091393058,0.5373987719822304,0.3300000469137891,0.32993823150891605,60.00000002370292,-4.691378907573096e-08,6.176849108396887e-05,-2.3702918374763422e-08,-2.345689453786548e-08,3.0884245541984434e-05,-4.136939679710849e-12,-0.14594919505370152,0.13761213496125202,10.67479184417952
447,0.3019814211397499,0.44760896674417455,0.5399505216437619,0.33000004904365515,0.3299354272457126,60.000000023728816,-4.9043655137026576e-08,6.457275428739528e-05,-2.372882081208926e-08,-2.4521827568513288e-08,3.228637714369764e-05,-4.141460507867123e-12,-0.13762699987292012,0.14523645629230958,10.674808362043303
448,0.28801885484759954,0.461770414891235,0.5442304445880861,0.3300000512702162,0.32993249567015387,60.000000023754694,-5.127021618367422e-08,6.75043298461464e-05,-2.3754697804977648e-08,-2.563510809183711e-08,3.37521649230732e-05,-4.145976895131298e-12,-0.12254556857483018,0.15874559412158418,10.67482563119801
449,0.2745766257954667,0.4764443008307096,0.5499013504505035,0.33000005359786216,0.3299294310023132,60.000000023780494,-5.359786214853557e-08,7.056899768681513e-05,-2.378049846455368e-08,-2.6798931074267784e-08,3.5284498843407563e-05,-4.150479959719178e-12,-0.12228108825417432,0.15869574121758606,10.674843684209856
450,0.2599782726101893,0.4900926193611,0.5547787647176142,0.3300000560311823,0.32992622719985765,60.00000002380623,-5.603118230501636e-08,7.377280014236876e-05,-2.3806235513036084e-08,-2.801559115250818e-08,3.688640007118438e-05,-4.1549719220768115e-12,-0.17295976162603133,0.11255327909182586,10.67486255820028
451,0.24397732326580765,0.5014849676352401,0.5576845945801858,0.33000005857497416,0.3299228779461341,60.000000023832186,-5.85749741488506e-08,7.712205386589677e-05,-2.3832188839236825e-08,-2.92874870744253e-08,3.8561026932948383e-05,-4.159501632017282e-12,-0.19273673715612114,0.06128417676216395,10.674882290218898
452,0.22635186579163133,0.5090135942778159,0.5570727118671077,0.3300000612342531,0.32991937663771687,60.00000002385837,-6.123425305704089e-08,8.062336228314981e-05,-2.3858371165374633e-08,-3.0617126528520444e-08,4.0311681141574907e-05,-4.164071309986639e-12,-0.2141597644368283,-0.014867238310721939,10.674902918745843
453,0.20778127783343556,0.5152112820354955,0.5555319293746798,0.3300000640142621,0.3299157163713874,60.000000023884816,-6.401426205782101e-08,8.428362861262473e-05,-2.3884820658105683e-08,-3.200713102891051e-08,4.2141814306312364e-05,-4.168687617323031e-12,-0.20775892420893954,0.030921636929183323,10.674924484630047
454,0.18799027489255904,0.5196135791440312,0.5525745335111366,0.3300000669204823,0.32991188993052434,60.00000002391143,-6.69204822667524e-08,8.811006947567757e-05,-2.391143553968017e-08,-3.34602411333762e-08,4.405503473783878e-05,-4.173332790458062e-12,-0.22638637900449823,0.002130522605328658,10.67494703139282
455,0.16695332594441123,0.5204477901340334,0.5465705035027958,0.33000006995864367,0.32990788977087476,60.00000002393826,-6.995864365588744e-08,9.211022912525291e-05,-2.3938266698972995e-08,-3.497932182794372e-08,4.6055114562626454e-05,-4.178015711175931e-12,-0.23944156298431618,-0.07491323286568163,10.67497060281411
456,0.14452942297462998,0.5192202510090221,0.5389605024148351,0.33000007313473634,0.3299037080056796,60.0000000239653,-7.31347363225332e-08,9.62919943204299e-05,-2.3965301413765437e-08,-3.65673681612666e-08,4.814599716021495e-05,-4.182734159030588e-12,-0.2566012902024204,-0.06038289393370329,10.674995245023553
457,0.12238317583997659,0.5184767538347413,0.5327248689480242,0.3300000764550223,0.3298993363901243,60.00000002399256,-7.645502225761547e-08,0.00010066360987570633,-2.3992565128494943e-08,-3.8227511128807734e-08,5.0331804937853164e-05,-4.187492574914131e-12,-0.21498383519340708,0.00385934044089864,10.675021009118792
458,0.10025046496943578,0.5167608345995701,0.526395208852277,0.33000007992604774,0.32989476630508435,60.00000002401984,-7.99260477246655e-08,0.00010523369491566292,-2.4019841565443172e-08,-3.996302386233275e-08,5.261684745783146e-05,-4.192253211243724e-12,-0.22101126254263365,-0.039849040439111055,10.675047943616354
459,0.0784547104980371,0.5142878519112554,0.5202375767116637,0.33000008355465626,0.3298899887401293,60.000000024047125,-8.355465624942937e-08,0.00011001125987070148,-2.404713072461013e-08,-4.1777328124714685e-08,5.500562993535074e-05,-4.197016068019366e-12,-0.21009522873386247,-0.04239464078978913,10.675076102065736
460,0.05700906965863667,0.5118034052409903,0.5149686977279461,0.3300000873480021,0.3298849942757596,60.00000002407439,-8.734800210907778e-08,0.00011500572424039124,-2.4074394439339636e-08,-4.367400105453889e-08,5.750286212019562e-05,-4.201774483902909e-12,-0.2062870903139073,-0.025111959614797848,10.675105541794121
461,0.036007624619830876,0.5104286639881545,0.511697146808046,0.3300000913135642,0.3298797730648343,60.00000002410164,-9.131356420999381e-08,0.00012022693516572369,-2.4101645431850413e-08,-4.565678210499691e-08,6.0113467582861846e-05,-4.206530679340403e-12,-0.19964988170738462,0.012145713878311551,10.675136320298519
462,0.01527738317157368,0.5088516719832027,0.5090809587056582,0.3300000954591611,0.3298743148131561,60.000000024128866,-9.545916107578378e-08,0.00012568518684391572,-2.4128870979923743e-08,-4.772958053789189e-08,6.284259342195786e-05,-4.211282433885799e-12,-0.20097433070297224,-0.02048910426553828,10.675168497341417
463,-0.005583562047360577,0.504875855982927,0.5049067301191675,0.3300000997929664,0.3298686087591756,60.000000024156044,-9.979296639039958e-08,0.00013139124082439668,-2.4156045639122168e-08,-4.989648319519979e-08,6.569562041219834e-05,-4.216025306646998e-12,-0.21165920683833245,-0.0957307198935572,10.675202139520312
464,-0.026266948590646388,0.5012228750609019,0.5019106724035465,0.33000010432352456,0.32986264365277385,60.000000024183294,-1.0432352454126104e-07,0.00013735634722616963,-2.4183296631632946e-08,-5.216176227063052e-08,6.867817361308481e-05,-4.220781502084492e-12,-0.20269082966759186,-0.02899699072770305,10.675237311256515
465,-0.04680734892428063,0.49645141329974657,0.49865311959380654,0.3300001090597682,0.3298564077330811,60.000000024210514,-1.0905976816077967e-07,0.0001435922669189016,-2.4210522179706273e-08,-5.4529884080389834e-08,7.17961334594508e-05,-4.225533256629888e-12,-0.20206765844433697,-0.0738125038578556,10.675274081803721
466,-0.06699219393411121,0.49045033464979765,0.4950045300865479,0.3300001140110352,0.3298498887052894,60.00000002423776,-1.1401103516828215e-07,0.0001501112947105976,-2.4237760449998328e-08,-5.7005517584141074e-08,7.50556473552988e-05,-4.2302872316213326e-12,-0.1935521592094261,-0.08870184723791283,10.675312526867158
467,-0.08700973177725214,0.4846616105230102,0.49240996145357113,0.33000011918708766,0.3298430737164117,60.00000002426497,-1.191870876438017e-07,0.00015692628358832117,-2.426497327585293e-08,-5.959354382190085e-08,7.846314179416058e-05,-4.235036765720679e-12,-0.19627154454185286,-0.052932302394053485,10.675352720947735
468,-0.10694079260207552,0.47962500939458114,0.49140256690325923,0.33000012459813066,0.3298359493299404,60.000000024292184,-1.2459813064635838e-07,0.00016405067005959006,-2.429218610170753e-08,-6.229906532317919e-08,8.202533502979503e-05,-4.239786299820025e-12,-0.19729281115402736,-0.03281647465589737,10.675394742834953
469,-0.12661355042502195,0.47372146625798606,0.49034989420295155,0.33000013025483277,0.32982850149935683,60.000000024319405,-1.3025483275308503e-07,0.00017149850064318573,-2.431941164978086e-08,-6.512741637654251e-08,8.574925032159286e-05,-4.244538054365421e-12,-0.1907005081855404,-0.07926407822307636,10.67543867761724
470,-0.1459813543922748,0.46559098972323393,0.487940083966939,0.3300001361683467,0.3298207155404358,60.00000002434663,-1.361683467093755e-07,0.0001792844595642218,-2.4346637197854187e-08,-6.808417335468775e-08,8.96422297821109e-05,-4.249289808910817e-12,-0.18656244970622304,-0.1332665446377209,10.675484611026077
471,-0.16386124385421985,0.4531546903610179,0.4818710207448069,0.33000014235033165,0.3298125761022949,60.00000002437383,-1.423503316333452e-07,0.00018742389770509682,-2.4373837301490063e-08,-7.11751658166726e-08,9.371194885254841e-05,-4.254037122564114e-12,-0.1440808894955043,-0.22483219292942244,10.675532636574664
472,-0.18161474857325197,0.43671379264644045,0.4729723602780227,0.3300001488129761,0.3298040671371287,60.000000024400826,-1.4881297610847e-07,0.0001959328628713397,-2.4400833849626325e-08,-7.4406488054235e-08,9.796643143566985e-05,-4.258748909080623e-12,-0.17458606985556777,-0.25784960536728596,10.675582847601595
473,-0.19910667426344153,0.42160054826365556,0.4662515308633991,0.33000015556902185,0.3297951718685668,60.00000002442788,-1.5556902183133658e-07,0.0002048281314331879,-2.4427881286637492e-08,-7.778451091566829e-08,0.00010241406571659395,-4.263469577381329e-12,-0.16881574622879333,-0.1201538660858997,10.675635345176815
474,-0.2170853388068755,0.40920358028281467,0.46322091321654496,0.3300001626317892,0.3297858727585995,60.00000002445487,-1.6263178920228327e-07,0.00021412724140051909,-2.4454877834773753e-08,-8.131589460114164e-08,0.00010706362070025954,-4.268181363897838e-12,-0.19114388534324583,-0.060589897096323744,10.675690232327346
475,-0.23486168144729516,0.39751720217501146,0.4617141273962707,0.33000017001520315,0.32977615147299866,60.000000024481984,-1.7001520313808527e-07,0.00022384852700135793,-2.4481988882878548e-08,-8.500760156904263e-08,0.00011192426350067897,-4.272913134428791e-12,-0.17304258200041756,-0.1002833507070552,10.675747618606445
476,-0.25209168896414424,0.3856331400571464,0.46072023870797074,0.33000017773382095,0.32976598884517044,60.000000024509085,-1.777338209385526e-07,0.00023401115482957202,-2.4509087208764616e-08,-8.88669104692763e-08,0.00011700557741478601,-4.277642684513694e-12,-0.15955225561840428,-0.12345324807996785,10.675807620027731
477,-0.269010031064928,0.37378840393181084,0.4605259685701167,0.3300001858028608,0.3297553648383658,60.00000002453613,-1.8580286076375074e-07,0.00024463516163419907,-2.4536134645775783e-08,-9.290143038187537e-08,0.00012231758081709954,-4.2823633528144e-12,-0.16191122796620872,-0.11752975476088673,10.675870352701645
478,-0.28614160905674896,0.3626336723792834,0.46193094806136425,0.33000019423823157,0.3297442585061756,60.000000024563114,-1.9423823155451103e-07,0.0002557414938244018,-2.456311847169332e-08,-9.711911577725552e-08,0.0001278707469122009,-4.2870729188848604e-12,-0.17629128404229194,-0.09544720882631888,10.67593594451354
479,-0.3033286813238571,0.35178287620320736,0.46449917212355846,0.3300002030565646,0.3297326479512326,60.000000024590165,-2.0305656456276466e-07,0.000267352048767433,-2.4590165908704487e-08,-1.0152828228138233e-07,0.0001336760243837165,-4.291793587185566e-12,-0.17316558909433205,-0.10141613631012629,10.676004525037882
480,-0.32047626170356175,0.3410093858972704,0.46796627611989655,0.3300002122752462,0.3297205102820383,60.00000002461726,-2.1227524615863302e-07,0.00027948971796171174,-2.4617264234590555e-08,-1.0613762307931651e-07,0.00013974485898085587,-4.296523137270469e-12,-0.1705543264241843,-0.10593109942268522,10.676076230603307
481,-0.33729512412063806,0.3298021147100133,0.47173873661461535,0.33000022191245193,0.32970782156783046,60.00000002464437,-2.2191245191427456e-07,0.0002921784321695542,-2.464437528269535e-08,-1.1095622595713728e-07,0.0001460892160847771,-4.301254907801422e-12,-0.16051853837599378,-0.1221942657699156,10.676151205052136
482,-0.35354459923132975,0.31788336772371556,0.4754404475021162,0.33000023198718276,0.32969455679140014,60.00000002467149,-2.319871827416442e-07,0.00030544320859987595,-2.467149905301887e-08,-1.159935913708221e-07,0.00015272160429993797,-4.3059888987784236e-12,-0.1492090472911787,-0.13578857184045412,10.676229598129382
483,-0.3674962186398425,0.30368890001253274,0.47673936139719475,0.3300002425193021,0.32968068979976795,60.00000002469856,-2.4251930208496475e-07,0.00031931020023207024,-2.469855921224876e-08,-1.2125965104248237e-07,0.00015965510011603512,-4.310711787525179e-12,-0.08589956103423176,-0.19504482735895168,10.67631156367031
484,-0.37987387431991443,0.28789350538064706,0.4766411971611128,0.3300002535295751,0.3296661932526208,60.000000024725296,-2.5352957511159957e-07,0.0003338067473792061,-2.4725301316010507e-08,-1.2676478755579978e-07,0.00016690337368960306,-4.315379165120703e-12,-0.08705073647037799,-0.19530890780172966,10.67639726876085
485,-0.39042276607991244,0.27039971997061607,0.4749167767448078,0.33000026503970986,0.32965103856840566,60.000000024751834,-2.650397098458157e-07,0.00034896143159435233,-2.475183986427264e-08,-1.3251985492290785e-07,0.00017448071579717617,-4.32001101557944e-12,-0.06281775946487668,-0.21456697225681703,10.676486883880383
486,-0.39921486386270116,0.25133593311237534,0.471743848717059,0.3300002770723999,0.32963519586798024,60.00000002477811,-2.7707239985685916e-07,0.00036480413201978035,-2.4778111245941526e-08,-1.3853619992842958e-07,0.00018240206600989017,-4.324596236671141e-12,-0.04692911835963795,-0.2272712357070737,10.676580586858861
487,-0.404368023257353,0.23081181419876295,0.4656045444438697,0.33000028965136885,0.3296186339157016,60.00000002480414,-2.8965136883440934e-07,0.0003813660842983957,-2.4804140905454626e-08,-1.4482568441720467e-07,0.00019068304214919785,-4.329139269287907e-12,0.033376968443326605,-0.23931560376122427,10.676678566491114
488,-0.40674658868207536,0.20921656042822756,0.45739955898746076,0.3300003028014177,0.3296013200578428,60.00000002482966,-3.028014176620353e-07,0.0003986799421571985,-2.4829661676218687e-08,-1.5140070883101764e-07,0.00019933997107859924,-4.333593484062703e-12,0.040954871717771485,-0.24094568436665184,10.676781019205277
489,-0.4073868168324473,0.18678086110379663,0.448164153635194,0.3300003165484731,0.3295832201582103,60.00000002485477,-3.165484731004753e-07,0.00041677984178972727,-2.4854775335983524e-08,-1.5827423655023765e-07,0.00020838992089486363,-4.337976644563924e-12,0.03415892156443297,-0.24396738950162936,10.676888149274484
490,-0.40527022630016124,0.16434132670946072,0.4373237107566998,0.330000330919639,0.3295642985308414,60.00000002487968,-3.309196389689184e-07,0.0004357014691586114,-2.4879685440248747e-08,-1.654598194844592e-07,0.0002178507345793057,-4.3423242779283555e-12,0.0854916745848297,-0.2244848289075818,10.677000172014154
491,-0.40221973974624814,0.1420685206416258,0.4265726006189798,0.3300003459432497,0.3295445178696471,60.00000002490421,-3.4594324965775414e-07,0.0004554821303529022,-2.4904213877952192e-08,-1.7297162482887707e-07,0.0002277410651764511,-4.34660529791131e-12,0.052295772710390834,-0.21883773305977183,10.677117312230488
492,-0.3941168716286372,0.11935386231590994,0.41179297341269544,0.3300003616489259,0.32952383917485684,60.000000024928596,-3.6164892586176833e-07,0.00047616082514317926,-2.4928602371249654e-08,-1.8082446293088417e-07,0.00023808041257158963,-4.350861892987723e-12,0.19891758432892442,-0.23745646927414127,10.677239804690362
493,-0.3856310639399461,0.09636403612047646,0.39748879849988644,0.33000037806763305,0.32950222167612964,60.000000024952236,-3.780676330333854e-07,0.0004977783238703792,-2.4952240253642293e-08,-1.890338165166927e-07,0.0002488891619351896,-4.35498748174723e-12,0.09379333354538211,-0.23631884558084484,10.677367897189322
494,-0.38025367871257787,0.07409312199991663,0.3874050217822982,0.3300003952317426,0.32947962275216436,60.00000002497583,-3.952317426114682e-07,0.0005203772478356572,-2.497583996937875e-08,-1.976158713057341e-07,0.0002601886239178286,-4.35910640916859e-12,-0.018756005157168847,-0.20593452612501187,10.677501845678034
495,-0.3764123541547319,0.05230083540033853,0.3800284696491575,0.33000041317509543,0.3294559978466706,60.000000024999935,-4.131750954150526e-07,0.0005440021533293926,-2.499993585164552e-08,-2.065875477075263e-07,0.0002720010766646963,-4.36331193398587e-12,0.0025718299562698735,-0.206754890506003,10.67764192105716
496,-0.37455196959995174,0.03109489184715636,0.37584048508667817,0.3300004319330688,0.3294313003805255,60.00000002502429,-4.3193306881184057e-07,0.0005686996194745331,-2.502429890050553e-08,-2.1596653440592029e-07,0.00028434980973726653,-4.367564088170184e-12,-0.027618087857054135,-0.1983780977823876,10.677788405965915
497,-0.3741910367981252,0.010127070114473993,0.37432805073779785,0.33000045154264623,0.32940548165993183,60.000000025049,-4.5154264621816154e-07,0.0005945183400681842,-2.504900544927114e-08,-2.2577132310908077e-07,0.0002972591700340921,-4.371876194397828e-12,-0.031377879550633356,-0.20412204151496294,10.677941593914516
498,-0.3750305024475605,-0.010608863979971942,0.37518052422935705,0.33000047204249017,0.3293784907804147,60.00000002507386,-4.7204249015164734e-07,0.0006215092195853145,-2.5073864664661456e-08,-2.3602124507582367e-07,0.00031075460979265723,-4.376214945978063e-12,-0.03640395369044018,-0.2019486293854132,10.678101796276495
499,-0.37693695699152396,-0.03119318318646284,0.3782254410048777,0.3300004934730183,0.3293502745264583,60.000000025098934,-4.934730182815095e-07,0.0006497254735416957,-2.5098940157770116e-08,-2.4673650914075473e-07,0.00032486273677084787,-4.3805914451411355e-12,-0.04396095297859677,-0.2023055113457589,10.678269337214179
500,-0.3782457418676454,-0.05161260906932791,0.38175083844825897,0.33000051587648316,0.32932077726658543,60.000000025124216,-5.158764831425522e-07,0.0006792227334145862,-2.5124219206378387e-08,-2.579382415712761e-07,0.0003396113667072931,-4.385003471440996e-12,0.0008577768217597585,-0.20034674794385052,10.678444554776632
501,-0.37791611460530133,-0.07178318603803303,0.38467312809207,0.3300005392970559,0.3292899408436738,60.00000002514947,-5.392970559014998e-07,0.0007100591563262149,-2.5149472810549207e-08,-2.696485279507499e-07,0.00035502957816310743,-4.389411056848758e-12,0.04152588918760654,-0.1958992950231203,10.678627803791576
502,-0.37684878947654293,-0.09184398272111309,0.3878792689639547,0.3300005637809127,0.3292577044602916,60.00000002517446,-5.637809126768367e-07,0.000742295539708393,-2.5174459248126786e-08,-2.8189045633841836e-07,0.0003711477698541965,-4.3937720128894855e-12,0.02788620150389662,-0.1980464268326909,10.678819457719676
503,-0.3746366043599827,-0.11170537718402444,0.3909356425528419,0.3300005893763261,0.3292240045588288,60.00000002519934,-5.89376326076696e-07,0.00077599544117124,-2.5199343907954554e-08,-2.94688163038348e-07,0.00038799772058562,-4.398115205361819e-12,0.04883525088094859,-0.19396122615831293,10.679019904868701
504,-0.37087054457303886,-0.13119150374611968,0.3933906093020912,0.33000061613376036,0.3291887746961881,60.000000025224146,-6.161337603449724e-07,0.0008112253038118911,-2.522415223446997e-08,-3.080668801724862e-07,0.00040561265190594553,-4.4024450751578575e-12,0.07391767351167489,-0.1861050146017161,10.679229554264936
505,-0.3670842381370251,-0.15083270061166557,0.3968643867399146,0.33000064410597074,0.32915194541278436,60.000000025248845,-6.441059707262831e-07,0.000848054587215652,-2.5248846061016853e-08,-3.2205298536314153e-07,0.000424027293607826,-4.406754960939452e-12,0.03833548617174228,-0.20003027573577087,10.679448829520773
506,-0.36258362041653375,-0.17033638701100165,0.4006012562815084,0.3300006733481076,0.32911344409559445,60.00000002527352,-6.733481076048875e-07,0.0008865559044055615,-2.527352716534501e-08,-3.3667405380244375e-07,0.00044327795220278077,-4.4110626262749974e-12,0.06167344050935534,-0.19182828644826813,10.679678182761288
507,-0.3572054393748991,-0.18956012892123061,0.4043869043325319,0.330000703917825,0.32907319483499664,60.0000000252981,-7.039178249734768e-07,0.0009268051650033748,-2.529810649192336e-08,-3.519589124867384e-07,0.0004634025825016874,-4.415352528042149e-12,0.07425828790963523,-0.18570538102293357,10.679918080661706
508,-0.3513472364534825,-0.20872390038212627,0.408669239305122,0.3300007358753946,0.3290311182751046,60.00000002532256,-7.358753945641006e-07,0.0009688817248953985,-2.5322558596314453e-08,-3.679376972820503e-07,0.00048444086244769924,-4.419620225348808e-12,0.06978253974236082,-0.1902384041243192,10.680169014907397
509,-0.343959581473719,-0.22715847232301586,0.4122003945118228,0.33000076928382416,0.328987131457308,60.00000002534694,-7.692838241424305e-07,0.0010128685426920025,-2.5346947089611915e-08,-3.8464191207121523e-07,0.0005064342713460013,-4.423876820425221e-12,0.10956376449231554,-0.16733106394191466,10.68043149886571
510,-0.33529864407576976,-0.24494367645660686,0.4152379864067456,0.33000080420898226,0.3289411476567121,60.00000002537113,-8.042089822413168e-07,0.0010588523432878971,-2.5371132027409763e-08,-4.021044911206584e-07,0.0005294261716439486,-4.428097888364846e-12,0.11631929707040968,-0.16270012583210897,10.68070607216023
511,-0.32599217574868705,-0.26257726617990423,0.4185901567928648,0.3300008407197277,0.3288930762111478,60.00000002539513,-8.407197276683043e-07,0.0011069237888522432,-2.539513885414545e-08,-4.2035986383415214e-07,0.0005534618944261216,-4.432287870059781e-12,0.1081270716172148,-0.17279822765927913,10.680993300793542
512,-0.3157949870677554,-0.27968882620142005,0.42184394431952194,0.33000087888804536,0.328842822342422,60.00000002541908,-8.788880453414194e-07,0.0011571776575780013,-2.5419082069787508e-08,-4.394440226707097e-07,0.0005785888287890006,-4.43646674952447e-12,0.12275536173238666,-0.1589349071734206,10.681293775899286
513,-0.3060800282426447,-0.2971217360320595,0.4265750926996594,0.3300009187891884,0.3287902869694525,60.000000025442894,-9.187891883977173e-07,0.0012097130305475101,-2.5442898063242304e-08,-4.5939459419885864e-07,0.0006048565152737551,-4.440623424528667e-12,0.08589755828188601,-0.18182726051909434,10.681608119454761
514,-0.2952150255099773,-0.3138632882676227,0.4308852225465865,0.33000096050182637,0.3287353665129174,60.000000025466825,-9.605018263525444e-07,0.0012646334870826115,-2.5466828556665636e-08,-4.802509131762722e-07,0.0006323167435413057,-4.444800083547307e-12,0.13548438516956626,-0.15128384513704735,10.681936981289194
515,-0.2830517987281529,-0.32948459772305677,0.43437129382587814,0.3300010041082003,0.32867795269103833,60.000000025490536,-1.0041082003087176e-06,0.0013220473089616824,-2.549054277237063e-08,-5.020541001543588e-07,0.0006610236544808412,-4.44893899498311e-12,0.15192416229846614,-0.13007409635120867,10.68228104341605
516,-0.2694221182137381,-0.3436019693802383,0.43663553582450854,0.3300010496942851,0.3286179323060906,60.000000025514026,-1.0496942851045965e-06,0.0013820676939094168,-2.5514027988138556e-08,-5.248471425522983e-07,0.0006910338469547084,-4.4530379383900255e-12,0.17051405890446727,-0.10608183461247551,10.682641021654067
517,-0.2556632095183109,-0.3577752309747401,0.43973491173686946,0.33000109734995875,0.3285551870212216,60.00000002553737,-1.0973499587341173e-06,0.0014448129787784092,-2.5537373259500497e-08,-5.486749793670587e-07,0.0007224064893892046,-4.4571124568903995e-12,0.14060441117778918,-0.14303671448235394,10.683017668096609
518,-0.2421540482902714,-0.372486597425356,0.44428014626459095,0.3300011471691796,0.32848959312713444,60.000000025560894,-1.1471691795938987e-06,0.0015104068728655773,-2.5560896641924604e-08,-5.735845897969494e-07,0.0007552034364327886,-4.461218061635464e-12,0.12926417137460622,-0.15966944448199122,10.683411767983031
519,-0.2274651448819119,-0.38573955253068876,0.44781178470728655,0.33000119925017196,0.32842102129818296,60.00000002558444,-1.199250171945998e-06,0.0015789787018170576,-2.5584445468786158e-08,-5.99625085972999e-07,0.0007894893509085288,-4.465328107272626e-12,0.17441635162427052,-0.09849995299661243,10.683824146538473
520,-0.21253167992782265,-0.3988244323278134,0.4519188453633518,0.33000125369561917,0.3283493363373928,60.00000002560784,-1.2536956191522286e-06,0.001650663662607188,-2.5607841629023004e-08,-6.268478095761143e-07,0.000825331831303594,-4.469411507557197e-12,0.15504108560782978,-0.12692704077961287,10.68425567113567
521,-0.19664336808980246,-0.4105401464798469,0.45520525709332016,0.3300013106128665,0.32827439690990257,60.0000000256311,-1.3106128665119066e-06,0.0017256030900974495,-2.5631110567072592e-08,-6.553064332559533e-07,0.0008628015450487247,-4.473472703381276e-12,0.1811628790051292,-0.08520994313478562,10.684707251167115
522,-0.1813010125051582,-0.42309756921089864,0.4603059962759194,0.33000137011413266,0.3281960552643113,60.00000002565429,-1.3701141326483146e-06,0.001803944735688734,-2.5654290449591098e-08,-6.850570663241573e-07,0.000901972367844367,-4.47751835608301e-12,0.14068457660092426,-0.14521409415414352,10.685179840661101
523,-0.1662721628399443,-0.43616968028509806,0.4667873414473422,0.3300014323167309,0.3281141569413639,60.000000025677494,-1.4323167308871732e-06,0.0018858430586360941,-2.5677495776547055e-08,-7.161583654435866e-07,0.0009429215293180471,-4.481568449676842e-12,0.14297335853199158,-0.1427305054153155,10.685674440589123
524,-0.15061705523371824,-0.4484444271394528,0.47306225970765087,0.33000149734330064,0.3280285404694229,60.00000002570071,-1.4973433006271186e-06,0.001971459530577091,-2.5700713825721738e-08,-7.486716503135593e-07,0.0009857297652885455,-4.485620763716724e-12,0.17116376135242214,-0.10414230341372921,10.686192103702538
525,-0.13411158503407705,-0.4593738344819224,0.47855014057774253,0.330001565322049,0.3279390370461089,60.000000025723914,-1.5653220489797448e-06,0.0020609629538911323,-2.5723919152677695e-08,-7.826610244898724e-07,0.0010304814769455661,-4.489670857310557e-12,0.18489649584262793,-0.07790281814731294,10.68673393264032
526,-0.11511131196337836,-0.46563400762628904,0.4796515852158202,0.3300016363870036,0.32784547020548305,60.00000002574693,-1.6363870035673855e-06,0.0021545297945169684,-2.5746933646352767e-08,-8.181935017836928e-07,0.0010772648972584842,-4.493687644213651e-12,0.24821479769815324,0.04634706651203199,10.687301089392314
527,-0.09343006871449742,-0.466813168264858,0.47607112053292033,0.3300017106782768,0.32774765547013174,60.000000025769715,-1.7106782768117057e-06,0.0022523445298682776,-2.576971914009077e-08,-8.553391384058529e-07,0.0011261722649341388,-4.497664463087858e-12,0.27936840331286183,0.10676535208283655,10.687894792261927
528,-0.07022323827424777,-0.46471279084084305,0.4699885968455053,0.3300017883423423,0.3276453999874448,60.00000002579236,-1.788342342268212e-06,0.002354600012555219,-2.579236468942279e-08,-8.94171171134106e-07,0.0011773000062776096,-4.501616857055524e-12,0.26766533886757504,0.09752632903366887,10.688516320124148
529,-0.04679276228041071,-0.46111409169000517,0.4634822198929852,0.3300018695323232,0.32753850214938124,60.00000002581486,-1.8695323231732175e-06,0.002461497850618777,-2.5814870294348828e-08,-9.347661615866087e-07,0.0012307489253093884,-4.505544826116648e-12,0.23952315618858214,0.07094783180084983,10.689167018818477
530,-0.024046225642479612,-0.4590381362432095,0.4596675227741116,0.3300019544082947,0.32742675119498243,60.00000002583717,-1.954408294702059e-06,0.0025732488050175806,-2.583717234377525e-08,-9.772041473510296e-07,0.0012866244025087903,-4.5094372680409835e-12,0.2115067814080173,-0.014771131959666187,10.68984830528048
531,-0.0005960233726075778,-0.45225354533188317,0.4522539380802763,0.3300020431375992,0.3273099267948321,60.00000002585962,-2.0431375991614154e-06,0.0026900732051678977,-2.5859627059826382e-08,-1.0215687995807077e-06,0.0013450366025839489,-4.513356355317911e-12,0.2509208874438267,0.17771406995214883,10.690561665576503
532,0.022311829577141062,-0.44615181572912493,0.446709369072862,0.3300021358951763,0.32718779861665415,60.00000002588202,-2.1358951762806555e-06,0.0028122013833458692,-2.5882018164783886e-08,-1.0679475881403278e-06,0.0014061006916729346,-4.517264340364591e-12,0.2164237120277817,0.045083865494290866,10.691308665836289
533,0.044429478443115754,-0.437915616147673,0.44016368026079045,0.3300022328639079,0.3270601258711836,60.00000002590452,-2.232863907880578e-06,0.002939874128816411,-2.590452376970992e-08,-1.116431953940289e-06,0.0014699370644082055,-4.521192309425714e-12,0.20273839337158553,0.13216629531725455,10.692090950516532
534,0.06589228556060091,-0.4327660382555056,0.4377536261000764,0.33000233423497866,0.32692665683742644,60.00000002592708,-2.3342349786403815e-06,0.003073343162573572,-2.592708026351086e-08,-1.1671174893201908e-06,0.001536671581286786,-4.525129160271035e-12,0.19934843037662134,-0.020525393828261126,10.692910251865925
535,0.08691566687757131,-0.4301524574851614,0.43884561047058057,0.33000244020825287,0.3267871283663622,60.000000025949696,-2.44020825285185e-06,0.003212871633637815,-2.5949700368405427e-08,-1.220104126425925e-06,0.0016064358168189075,-4.529077113346603e-12,0.19998054449088348,-0.033037458472386476,10.693768395667577
536,0.10764222994192885,-0.4284767143077441,0.44179083780770195,0.3300025509926686,0.32664126536211713,60.000000025972376,-2.550992668604035e-06,0.0033587346378828875,-2.5972384084393627e-08,-1.2754963343020176e-06,0.0016793673189414438,-4.5330361686524156e-12,0.2003398714157978,-0.005125445394145528,10.694667300858924
537,0.12771474823272203,-0.42505770464133685,0.4438300453902479,0.3300026668066497,0.32648878023958017,60.00000002599492,-2.6668066496760012e-06,0.003511219760419848,-2.599492785597584e-08,-1.3334033248380006e-06,0.001755609880209924,-4.536970799051687e-12,0.18546413819134475,0.07486631474045932,10.695608989249674
538,0.1470309878850088,-0.4197877104914555,0.44479189884495385,0.3300027878785362,0.3263293723574055,60.00000002601798,-2.787878536192334e-06,0.003670627642594515,-2.601798051630709e-08,-1.393939268096167e-06,0.0018353138212972575,-4.540994247292929e-12,0.17551589495763936,0.09588957944641319,10.696595591882094
539,0.16650460735611408,-0.4143924357242324,0.446592515674273,0.3300029144470347,0.3261627274252466,60.0000000260409,-2.914447034707557e-06,0.003837272574753414,-2.6040905954451076e-08,-1.4572235173537784e-06,0.001918636287376707,-4.544995491073678e-12,0.1984083904833953,0.05687596207679769,10.697629355180895
540,0.18550576091834273,-0.407880206478837,0.44808330717748457,0.33000304676168923,0.32598851688412017,60.00000002606401,-3.046761689218247e-06,0.004011483115879844,-2.6064009503657226e-08,-1.5233808446091235e-06,0.002005741557939922,-4.5490278210991164e-12,0.17898733108169698,0.09118456361123725,10.698712646297096
541,0.20406121658127874,-0.4003685664825563,0.44937286204212273,0.33000318508337273,0.32580639725859795,60.00000002608717,-3.1850833727142813e-06,0.004193602741402069,-2.6087176663957007e-08,-1.5925416863571407e-06,0.0020968013707010347,-4.553071253354801e-12,0.17515493897906873,0.09843598415000941,10.699847962939396
542,0.22249256814727025,-0.39233264016362707,0.45102975890569547,0.3300033296848017,0.32561600947961733,60.000000026110605,-3.3296848017116965e-06,0.004383990520382686,-2.6110610990850032e-08,-1.6648424008558482e-06,0.002191995260191343,-4.5571613149775205e-12,0.18141775339774077,0.09259261071762775,10.701037940343934
543,0.24021811056260722,-0.3831032220524837,0.45218670854997894,0.3300034808510741,0.3254169781765274,60.0000000261338,-3.480851074100233e-06,0.004583021823472588,-2.6133803595587264e-08,-1.7404255370501165e-06,0.002291510911736294,-4.561209188125304e-12,0.16078654397130554,0.1201423229295992,10.702285360153837
544,0.25437495957002054,-0.3676195438317524,0.4470466967368345,0.3300036388802308,0.3252089109370143,60.00000002615694,-3.6388802308051638e-06,0.004791089062985698,-2.615694531144959e-08,-1.8194401154025819e-06,0.002395544531492849,-4.56524817948889e-12,0.05829897722252245,0.30076951809742114,10.703593159724738
545,0.26923739441829936,-0.3533407237193293,0.4442279162678256,0.330003804083844,0.3249913975334132,60.00000002618079,-3.8040838439834523e-06,0.005008602466586798,-2.6180799471560566e-08,-1.9020419219917262e-06,0.002504301233293399,-4.569411515831234e-12,0.16508801810285492,0.1146748452636136,10.704964441470992
546,0.28401731824642923,-0.33923820694240403,0.4424346258074641,0.33000397678763094,0.3247640091138982,60.00000002620466,-3.976787630921574e-06,0.005235990886101827,-2.620466635389027e-08,-1.988393815460787e-06,0.0026179954430509134,-4.573577072619628e-12,0.1458739811443717,0.13691142327419067,10.706402483222268
547,0.29836818319272235,-0.3248683918116692,0.44109301143866037,0.3300041573320962,0.3245262973569506,60.00000002622863,-4.157332096188515e-06,0.005473702643049416,-2.622863501396978e-08,-2.0786660480942576e-06,0.002736851321524708,-4.577760392976416e-12,0.13349727555329605,0.14993511289603811,10.707910753765814
548,0.31151405456654974,-0.3093155039212904,0.4389955434381688,0.3300043460732034,0.3242777935874429,60.00000002625247,-4.346073203376211e-06,0.005722206412557107,-2.625247645186203e-08,-2.1730366016881053e-06,0.0028611032062785535,-4.5819215088727104e-12,0.10334219704731569,0.1831339099619897,10.709492920256757
549,0.3238587179564843,-0.2928781018238028,0.4366486593639461,0.3300045433830764,0.324018007852603,60.000000026276695,-4.543383076371921e-06,0.0059819921473970306,-2.6276699556316057e-08,-2.2716915381859604e-06,0.0029909960736985153,-4.586149238150483e-12,0.10475178094168909,0.18501268580717423,10.711152863578421
550,0.33690307013260096,-0.27727470240815666,0.43633122654733764,0.3300047496507337,0.3237464279560059,60.00000002630059,-4.749650733659738e-06,0.006253572043994127,-2.630059188308321e-08,-2.374825366829869e-06,0.0031267860219970633,-4.590319235830975e-12,0.1467695934387008,0.13657393157996625,10.712894695629354
551,0.3489692250562329,-0.26061160393138777,0.43554325633631186,0.33000496528285483,0.3234625184477289,60.00000002632444,-4.9652828548185646e-06,0.006537481552271129,-2.6324446043194185e-08,-2.4826414274092823e-06,0.0032687407761355647,-4.594482572173319e-12,0.09783694667827397,0.19135729619363367,10.714722769392884
552,0.3616306080355609,-0.24454033835498645,0.43655088334687947,0.33000519070458234,0.32316571956865253,60.00000002634812,-5.1907045823251785e-06,0.006834280431347484,-2.6348122092243e-08,-2.5953522911625893e-06,0.003417140215673742,-4.598614822270974e-12,0.14050248442599506,0.1469032214218938,10.71664170331986
553,0.37456240534637036,-0.22880579362137912,0.4389180865418601,0.33000542636036034,0.32285544614683115,60.000000026371424,-5.426360360327731e-06,0.007144553853168867,-2.6371429196948765e-08,-2.7131801801638655e-06,0.0035722769265844334,-4.602682679433201e-12,0.13562764084253054,0.14948862767076465,10.718656391278374
554,0.3868382795132532,-0.21271096216032348,0.44146325772361217,0.3300056727148104,0.32253108644376316,60.000000026395355,-5.672714810389667e-06,0.007468913556236856,-2.6395359690372097e-08,-2.8363574051948337e-06,0.003734456778118428,-4.606859338451841e-12,0.10745386831042998,0.1693550049174442,10.7207720295792
555,0.39886828661747975,-0.1964274079203189,0.44461178195304196,0.33000593025364766,0.32219200094827233,60.00000002641945,-5.930253647645767e-06,0.007807999051727688,-2.6419455572638863e-08,-2.9651268238228834e-06,0.003903999525863844,-4.611064863269121e-12,0.11456317291349954,0.16723907390872236,10.722994137202585
556,0.4105331723225773,-0.1799642752467522,0.4482461666788995,0.3300061994846384,0.3218375211156573,60.00000002644407,-6.199484638369501e-06,0.008162478884342739,-2.644407306587339e-08,-3.0997423191847506e-06,0.004081239442171369,-4.615361426374421e-12,0.1081293577378896,0.16882149018531936,10.725328575325495
557,0.42127203619798786,-0.1630003331723008,0.4517070257331403,0.3300064809386015,0.32146694804956794,60.000000026468584,-6.480938601505226e-06,0.00853305195043208,-2.6468588781358113e-08,-3.240469300752613e-06,0.00426652597521604,-4.619640225911326e-12,0.08578146272813464,0.18132497343168305,10.72778157932806
558,0.4318965451556284,-0.1459116889212968,0.4558781050689242,0.3300067751704547,0.3210795511240551,60.00000002649314,-6.775170454664803e-06,0.008920448875944897,-2.649314266349901e-08,-3.3875852273324014e-06,0.004460224437972449,-4.623925686786379e-12,0.10357680816177908,0.17379615996280026,10.730359781827842
559,0.44190843696192833,-0.12852435686317135,0.4602190532401135,0.33000708276030877,0.32067456654306176,60.000000026518215,-7.08276030875199e-06,0.009325433456938259,-2.651821815660767e-08,-3.541380154375995e-06,0.0046627167284691295,-4.628302185949451e-12,0.08582451786498954,0.18084270274715486,10.73307024515075
560,0.451026307937268,-0.11071548658071284,0.4644164611857845,0.3300074043146113,0.320251195834514,60.00000002654263,-7.404314611270113e-06,0.009748804165486014,-2.6542632094342583e-08,-3.7021573056350565e-06,0.004874402082743007,-4.632563221917962e-12,0.07031822369769965,0.18792459472554696,10.735920494787766
561,0.4593051692188242,-0.09255626760545028,0.46853804663461907,0.3300077404673422,0.31980860427605295,60.00000002656784,-7.740467342198798e-06,0.010191395723947061,-2.6567847531857226e-08,-3.870233671099399e-06,0.0050956978619735305,-4.636964145987576e-12,0.06321171996052076,0.1897669925844353,10.738918553764131
562,0.4661843865795878,-0.07394106491932394,0.4720118254577847,0.33000809188126395,0.3193459192492703,60.000000026593085,-8.09188126393856e-06,0.01065408075072971,-2.659308841380932e-08,-4.04594063196928e-06,0.005327040375364855,-4.641369510949289e-12,0.03613381545577929,0.19679164678127195,10.742072988550639
563,0.47663147188582405,-0.05871433118063741,0.48023424771463,0.3300084592492281,0.31886222851926826,60.00000002661837,-8.45924922809882e-06,0.01113777148073175,-2.6618380184636317e-08,-4.22962461404941e-06,0.005568885740365875,-4.645783757695199e-12,0.18772110512336776,0.07320306194658076,10.745392941500421
564,0.48541677696965463,-0.04222493778926189,0.4872498257925953,0.3300088432955415,0.3183565784360627,60.00000002664383,-8.843295541460794e-06,0.011643421563937328,-2.664383734430675e-08,-4.421647770730397e-06,0.005821710781968664,-4.650226870239749e-12,0.049078178982079265,0.19435599247635818,10.74888819208129
565,0.49348809610043926,-0.02498585176275676,0.4941202219917202,0.3300092447773939,0.31782797205436486,60.00000002666999,-9.244777393890846e-06,0.012172027945635155,-2.666999422600711e-08,-4.622388696945423e-06,0.006086013972817578,-4.654792107317007e-12,0.06405351906989415,0.1898836884178289,10.752569197191109
566,0.5007152294738432,-0.0071027145863074015,0.5007656034329214,0.33000966448635155,0.31727536716800436,60.00000002669635,-9.66448635153494e-06,0.012724632831995653,-2.6696354663207078e-08,-4.83224317576747e-06,0.006362316415997826,-4.659392871531054e-12,0.05257366606173212,0.1938592319297243,10.756447157635412
567,0.5071829431335991,0.011380477474970951,0.5073106080826795,0.33001010324991714,0.3166976742550778,60.00000002672322,-1.0103249917126078e-05,0.013302325744922239,-2.672322398915608e-08,-5.051624958563039e-06,0.006651162872461119,-4.664082453587071e-12,0.04695734327906487,0.19883320125865578,10.760534076821276
568,0.5125860465593025,0.03025931031967709,0.5134784133615725,0.3300105619331618,0.3160937543298637,60.00000002674971,-1.0561933161790105e-05,0.013906245670136319,-2.674971164854331e-08,-5.280966580895052e-06,0.0069531228350681595,-4.66870542226161e-12,0.02919012879592208,0.1980199467269093,10.76484283179173
569,0.5170459081762924,0.0495277544996817,0.519412619819376,0.3300110414404305,0.3154624166971677,60.00000002677692,-1.1041440430459293e-05,0.014537583302832335,-2.6776924474397913e-08,-5.520720215229646e-06,0.007268791651416168,-4.673454956360956e-12,0.022589640633230712,0.20177537295687553,10.769387253470954
570,0.5210155655786034,0.06895688026008778,0.5255590080194574,0.330011542717125,0.31480241660474695,60.00000002680374,-1.1542717125001545e-05,0.015197583395253067,-2.680374291147201e-08,-5.771358562500772e-06,0.0075987916976265335,-4.678135656632776e-12,0.028258475680581808,0.1980404944799675,10.774182208657704
571,0.5235723430647353,0.08860165624480824,0.5310162444893942,0.3300120667515681,0.31411245278913313,60.0000000268303,-1.2066751568062806e-05,0.01588754721086688,-2.6830306904171594e-08,-6.033375784031403e-06,0.00794377360543344,-4.682771947983611e-12,-0.007399423182853783,0.20147959841426427,10.779243693487878
572,0.526110369685772,0.10830656154819608,0.537142841677419,0.33001261457695175,0.3133911649100555,60.00000002685745,-1.2614576951730516e-05,0.01660883508994454,-2.6857456118932568e-08,-6.307288475865258e-06,0.00830441754497227,-4.687510379852711e-12,0.024942746024562683,0.19845207046940663,10.784588944715463
573,0.5271349212800744,0.12814370519851193,0.542486897920082,0.3300131872733746,0.3126371308683772,60.000000026885914,-1.3187273374570818e-05,0.017362869131622827,-2.6885915722222304e-08,-6.593636687285409e-06,0.008681434565811413,-4.692477517664884e-12,-0.025068901347418855,0.20145699793111677,10.790236547728359
574,0.5255891681393643,0.14784902794109514,0.5459883778328579,0.33001378596997116,0.31184886400222867,60.00000002691291,-1.3785969971147338e-05,0.01815113599777135,-2.6912912270358566e-08,-6.892984985573669e-06,0.009075567998885675,-4.697189304181393e-12,-0.0754313085574264,0.193977406245377,10.796206576815907
575,0.5227244770698415,0.16756696733792484,0.548925830573465,0.33001441184713837,0.3110248101559806,60.00000002694307,-1.4411847138351419e-05,0.018975189844019413,-2.6943076650957565e-08,-7.2059235691757095e-06,0.009487594922009707,-4.7024539817641656e-12,-0.05942212903415089,0.19747378256700934,10.802520725968645
576,0.519218841647485,0.18726671447277107,0.5519574511420083,0.3300150661388625,0.310163344615947,60.000000026971364,-1.506613886248509e-05,0.019836655384052992,-2.6971370865403864e-08,-7.533069431242545e-06,0.009918327692026496,-4.707392253777698e-12,-0.050011722456591946,0.19657298523513367,10.809202482651767
577,0.5099526951566938,0.20526438702711103,0.5497137617698793,0.3300157501351523,0.3092627689071631,60.00000002699835,-1.5750135152259315e-05,0.020737231092836927,-2.6998354691321403e-08,-7.875067576129657e-06,0.010368615546418464,-4.712101819848158e-12,-0.22707338983817293,0.14026165199821045,10.816277299744211
578,0.5000279713688253,0.2233459891406054,0.5476416739222995,0.33001646518458244,0.30832130744463115,60.000000027026275,-1.6465184582425962e-05,0.02167869255536886,-2.702627996142465e-08,-8.232592291212981e-06,0.01083934627768443,-4.716975698926262e-12,-0.11461404147708472,0.18277437751482878,10.823772802639542
579,0.490849088483673,0.24179573254777634,0.547172736842369,0.3300172126969523,0.30733710403252806,60.0000000270532,-1.7212696952262352e-05,0.022662895967471952,-2.705320017624856e-08,-8.606348476131176e-06,0.011331447983735976,-4.721674162766476e-12,-0.0743858744548579,0.19308739759074164,10.831719009826529
580,0.4804524833668719,0.2598218737206031,0.5462069157719255,0.3300179941460655,0.3063082182045517,60.00000002708206,-1.7994146065458683e-05,0.02369178179544834,-2.708206689053752e-08,-8.997073032729341e-06,0.01184589089772417,-4.726712354852225e-12,-0.1323795699064268,0.1703773595935094,10.840148589241263
581,0.46966330435352455,0.2775397070080814,0.5455381823689366,0.33001881107263564,0.30523262139804713,60.00000002711165,-1.8811072635627202e-05,0.024767378601952883,-2.7111658771293857e-08,-9.405536317813601e-06,0.012383689300976441,-4.731877112362781e-12,-0.11705184771950405,0.16998448221659707,10.849097142687596
582,0.45917325252491165,0.295220066268328,0.5458891493350845,0.3300196650873243,0.30410819295447633,60.00000002714165,-1.9665087324260977e-05,0.025891807045523685,-2.714165776304942e-08,-9.832543662130488e-06,0.012945903522761842,-4.737112924146914e-12,-0.09792088397537729,0.175929198633669,10.858603535186669
583,0.44885163850291715,0.31280478742677104,0.5470965439699476,0.33002055787391626,0.30293271593830146,60.00000002717357,-2.0557873916249303e-05,0.02706728406169856,-2.717357780983259e-08,-1.0278936958124651e-05,0.01353364203084928,-4.742684023284483e-12,-0.09928592473214026,0.17361565587563316,10.868710243731885
584,0.4386282255024166,0.3303330674188819,0.5491035017533273,0.33002149119263935,0.30170387276606714,60.00000002720524,-2.1491192639333523e-05,0.028296127233932877,-2.720524341224124e-08,-1.0745596319666761e-05,0.014148063616966439,-4.748210713501067e-12,-0.09994277283690262,0.1739658393733153,10.87946378588283
585,0.42767218396574885,0.3472467749748247,0.5508936554984545,0.3300224668836351,0.30041924063700254,60.00000002723867,-2.2466883635108292e-05,0.029580759362997477,-2.7238677403052786e-08,-1.1233441817554146e-05,0.014790379681498739,-4.754046045718496e-12,-0.12665508121052518,0.15479705204882063,10.890915169419243
586,0.41516175943175565,0.362642639918144,0.5512431140443131,0.33002348687058664,0.29907628675622655,60.000000027271774,-2.34868705866198e-05,0.030923713243773465,-2.7271780616177456e-08,-1.17434352933099e-05,0.015461856621886733,-4.759823646338646e-12,-0.16137318194412448,0.11854232180533637,10.903120442460173
587,0.40097869485090715,0.37609500776687277,0.5497557353875455,0.3300245531645115,0.29767236334104114,60.00000002730499,-2.455316451149825e-05,0.03232763665895888,-2.7304998329270663e-08,-1.2276582255749124e-05,0.01616381832947944,-4.765621230973238e-12,-0.18085891356836453,0.08917541294690237,10.916141278632775
588,0.38580235211800123,0.3884305699800435,0.5474685037468399,0.33002566786772664,0.29620470240054153,60.00000002733858,-2.5667867726619775e-05,0.033795297599458485,-2.7338584986706917e-08,-1.2833933863309888e-05,0.016897648799729242,-4.7714832085432595e-12,-0.17493991754366237,0.09729682396874556,10.93004567866566
589,0.37026576568651826,0.40050966209188515,0.5454399386443751,0.33002683317799303,0.2946704102782155,60.00000002737249,-2.6833177993013102e-05,0.035329589721784516,-2.737248969961132e-08,-1.3416588996506551e-05,0.017664794860892258,-4.777400697264511e-12,-0.16377155061488763,0.11480661875412035,10.944908755952953
590,0.35534489758861937,0.4134586392069737,0.5451770745153806,0.3300280513928494,0.2930664619467774,60.00000002740662,-2.8051392849393064e-05,0.036933538053222636,-2.7406623412452785e-08,-1.4025696424696532e-05,0.018466769026611318,-4.78335815401465e-12,-0.13484191986197244,0.14978708789333353,10.960813632857132
591,0.3411853754606075,0.42736716138738595,0.5468547805958248,0.33002932491414155,0.29138969504399076,60.00000002744078,-2.9324914141537484e-05,0.038610304956009256,-2.7440782569731702e-08,-1.4662457070768742e-05,0.019305152478004628,-4.789320051656887e-12,-0.1238304819827012,0.1614746066611562,10.977852488886278
592,0.32762151118577415,0.44188274326807225,0.5500874597641427,0.33003065625275824,0.28963680363769906,60.00000002747258,-3.0656252758221036e-05,0.04036319636230096,-2.747258811654634e-08,-1.5328126379110518e-05,0.02018159818115048,-4.794871166780013e-12,-0.1217399595074502,0.15932054514661836,10.996127753088636
593,0.3126299017614477,0.45532125050303546,0.5523177497012208,0.33003204803358127,0.2878043317078812,60.00000002750528,-3.204803358125563e-05,0.04219566829211879,-2.7505284218671784e-08,-1.6024016790627815e-05,0.021097834146059397,-4.800577713126586e-12,-0.1832301477313584,0.10925333061559261,11.015753470308379
594,0.29807789468693346,0.46915396888211003,0.5558379960193712,0.3300335030006611,0.28588866633262444,60.0000000275366,-3.350300066107259e-05,0.044111333667375574,-2.7536606321174837e-08,-1.6751500330536295e-05,0.022055666833687787,-4.80604445129984e-12,-0.13526268258280338,0.14752544382007082,11.03685691474866
595,0.2843678644789937,0.4837819861768695,0.5611685063308347,0.33003502402262686,0.28388603056495687,60.000000027569335,-3.502402262683946e-05,0.046113969435043145,-2.756934058995646e-08,-1.751201131341973e-05,0.023056984717521573,-4.811757658984561e-12,-0.11745417519197088,0.16483714764631546,11.059580422020332
596,0.2705212654430845,0.4982613543021863,0.5669621964893045,0.3300366140983423,0.2817924759860635,60.00000002760016,-3.661409834226914e-05,0.04820752401393652,-2.76001665259292e-08,-1.830704917113457e-05,0.02410376200696826,-4.8171377997618945e-12,-0.14165259634490018,0.14132520063292245,11.084083546974517
597,0.25506363698082696,0.5103489221287154,0.5705378876357193,0.33003827636281824,0.2796038749206578,60.00000002763162,-3.8276362818223664e-05,0.05039612507934221,-2.763162857283824e-08,-1.9138181409111832e-05,0.025198062539671107,-4.8226289628416904e-12,-0.19216697123718016,0.06506700462707685,11.110545557449157
598,0.2378120902547669,0.518458508159661,0.5703979443813614,0.3300400140933936,0.2773159122987138,60.00000002766376,-4.001409339360329e-05,0.05268408770128624,-2.7663764897339746e-08,-2.0007046696801645e-05,0.02634204385064312,-4.828237809562097e-12,-0.21437356008171424,-0.011723714920571143,11.139168364898694
599,0.2196212445646585,0.5248128534706497,0.5689130181601887,0.33004183071619725,0.2749240771478651,60.00000002769657,-4.183071619723311e-05,0.05507592285213492,-2.7696575499433724e-08,-2.0915358098616554e-05,0.02753796142606746,-4.833964339923114e-12,-0.20382543272943787,0.022587836310360425,11.170179937835819
