Time(s),radii001_radius,radii001_x,radii001_y,radii01_radius,radii01_x,radii01_y,radii02_radius,radii02_x,radii02_y,radii03_radius,radii03_x,radii03_y,radii04_radius,radii04_x,radii04_y,radii05_radius,radii05_x,radii05_y
0.000000,0.093899,0.077114,-0.053575,0.260429,-0.172364,-0.195228,0.251157,-0.149844,0.201561,0.341576,-0.241423,0.241638,0.436426,-0.039842,0.434603,0.540182,-0.008470,-0.540116
1.000000,0.093899,0.077114,-0.053575,0.260389,-0.172279,-0.195250,0.251157,-0.149844,0.201561,0.341576,-0.241423,0.241638,0.436439,-0.039868,0.434614,0.540182,-0.008470,-0.540116
2.000000,0.094362,0.074231,-0.058258,0.260044,-0.175810,-0.191608,0.251352,-0.145704,0.204812,0.341978,-0.237264,0.246281,0.437198,-0.033291,0.435929,0.540902,-0.013280,-0.540739
3.000000,0.097199,0.064668,-0.072565,0.259704,-0.188502,-0.178641,0.253814,-0.132103,0.216727,0.343713,-0.225862,0.259085,0.439628,-0.016769,0.439308,0.544243,-0.031396,-0.543337
4.000000,0.100227,0.054100,-0.084372,0.259370,-0.198207,-0.167293,0.255733,-0.120888,0.225357,0.345291,-0.216720,0.268809,0.441374,-0.001252,0.441372,0.546585,-0.045579,-0.544681
5.000000,0.101440,0.043990,-0.091406,0.259414,-0.206081,-0.157564,0.257908,-0.108408,0.234018,0.346118,-0.206483,0.277781,0.443017,0.011045,0.442879,0.548327,-0.057668,-0.545286
6.000000,0.103776,0.030516,-0.099188,0.259213,-0.214697,-0.145246,0.259697,-0.097421,0.240732,0.347493,-0.193792,0.288437,0.444185,0.023319,0.443573,0.550201,-0.072800,-0.545363
7.000000,0.105875,0.017890,-0.104352,0.258150,-0.220753,-0.133826,0.262009,-0.085392,0.247704,0.348864,-0.183798,0.296520,0.446194,0.038181,0.444557,0.552583,-0.086412,-0.545785
8.000000,0.107606,0.006350,-0.107419,0.257570,-0.227388,-0.120982,0.264225,-0.072722,0.254020,0.349679,-0.173794,0.303432,0.448402,0.052165,0.445357,0.553732,-0.099069,-0.544797
9.000000,0.109525,-0.007837,-0.109244,0.256748,-0.232213,-0.109529,0.265236,-0.060737,0.258188,0.350959,-0.162701,0.310967,0.449602,0.064356,0.444972,0.554768,-0.110450,-0.543663
10.000000,0.111599,-0.022410,-0.109325,0.255913,-0.236854,-0.096909,0.267071,-0.045859,0.263105,0.353254,-0.149893,0.319875,0.450846,0.079511,0.443779,0.557192,-0.125273,-0.542927
11.000000,0.112598,-0.034550,-0.107166,0.255665,-0.241188,-0.084814,0.268290,-0.033530,0.266186,0.354481,-0.138799,0.326177,0.452535,0.092212,0.443041,0.558542,-0.136998,-0.541480
12.000000,0.113949,-0.048087,-0.103305,0.255236,-0.244855,-0.072050,0.269594,-0.019773,0.268867,0.356281,-0.126280,0.333150,0.453971,0.106176,0.441381,0.559972,-0.150631,-0.539331
13.000000,0.115921,-0.061122,-0.098498,0.254822,-0.247921,-0.058901,0.271467,-0.004395,0.271431,0.358011,-0.112388,0.339913,0.455484,0.121577,0.438959,0.562320,-0.164812,-0.537625
14.000000,0.117495,-0.073379,-0.091764,0.254918,-0.250816,-0.045545,0.273032,0.008189,0.272909,0.359923,-0.101010,0.345459,0.456932,0.133919,0.436867,0.564382,-0.177165,-0.535854
15.000000,0.119278,-0.085224,-0.083451,0.254382,-0.252448,-0.031311,0.274288,0.022304,0.273380,0.361724,-0.087863,0.350891,0.458244,0.147526,0.433847,0.565438,-0.189005,-0.532914
16.000000,0.121988,-0.096472,-0.074661,0.254025,-0.253362,-0.018342,0.275442,0.037395,0.272892,0.363362,-0.073552,0.355840,0.460038,0.162244,0.430478,0.566960,-0.198096,-0.531226
17.000000,0.123762,-0.105795,-0.064221,0.253811,-0.253798,-0.002516,0.276436,0.049811,0.271911,0.365295,-0.061628,0.360058,0.461122,0.174006,0.427031,0.568606,-0.208747,-0.528902
18.000000,0.124724,-0.112191,-0.054493,0.253942,-0.253758,0.009668,0.278125,0.064271,0.270597,0.366464,-0.048208,0.363280,0.462520,0.187316,0.422892,0.568885,-0.216122,-0.526233
19.000000,0.125880,-0.119253,-0.040305,0.253492,-0.252415,0.023339,0.279413,0.077939,0.268323,0.368449,-0.035118,0.366772,0.464259,0.201225,0.418384,0.569633,-0.229474,-0.521367
20.000000,0.127264,-0.124281,-0.027392,0.252830,-0.250238,0.036106,0.281494,0.091542,0.266194,0.369641,-0.021283,0.369028,0.466090,0.214732,0.413678,0.571022,-0.242405,-0.517016
21.000000,0.128298,-0.127438,-0.014828,0.252520,-0.247614,0.049535,0.283689,0.105280,0.263431,0.371266,-0.007272,0.371195,0.467307,0.226170,0.408929,0.571591,-0.255263,-0.511426
22.000000,0.129802,-0.129799,0.000912,0.252677,-0.244551,0.063562,0.286491,0.118757,0.260718,0.372311,0.006944,0.372246,0.469131,0.239476,0.403404,0.572543,-0.268002,-0.505945
23.000000,0.131125,-0.130230,0.015294,0.252361,-0.240227,0.077312,0.288545,0.131845,0.256662,0.373441,0.020692,0.372868,0.470110,0.251697,0.397054,0.573117,-0.280912,-0.499551
24.000000,0.132572,-0.129479,0.028469,0.252049,-0.235726,0.089228,0.290026,0.144457,0.251490,0.374749,0.035130,0.373099,0.471257,0.263892,0.390441,0.574352,-0.293617,-0.493628
25.000000,0.133502,-0.126140,0.043720,0.251892,-0.229501,0.103823,0.291544,0.156860,0.245749,0.376147,0.049297,0.372902,0.472205,0.275403,0.383576,0.575657,-0.305684,-0.487789
26.000000,0.134689,-0.121896,0.057292,0.251638,-0.223448,0.115728,0.292599,0.169361,0.238602,0.376974,0.063468,0.371592,0.473191,0.286812,0.376363,0.576913,-0.318051,-0.481323
27.000000,0.135881,-0.116082,0.070632,0.251575,-0.215843,0.129235,0.293968,0.181187,0.231492,0.377947,0.076944,0.370032,0.474468,0.298624,0.368705,0.578717,-0.330075,-0.475357
28.000000,0.137477,-0.109363,0.083306,0.251839,-0.208264,0.141594,0.295384,0.193045,0.223575,0.378796,0.090980,0.367708,0.475723,0.311111,0.359892,0.580332,-0.342395,-0.468563
29.000000,0.138994,-0.101305,0.095166,0.251668,-0.200561,0.152026,0.296826,0.204114,0.215506,0.379879,0.105186,0.365026,0.476200,0.320893,0.351844,0.581627,-0.352535,-0.462611
30.000000,0.139797,-0.091476,0.105713,0.251889,-0.191707,0.163391,0.297748,0.214816,0.206176,0.381001,0.118862,0.361985,0.477041,0.331161,0.343367,0.582069,-0.359082,-0.458110
31.000000,0.141498,-0.081510,0.115662,0.251818,-0.181078,0.174994,0.298428,0.224608,0.196495,0.381800,0.132574,0.358044,0.478040,0.342057,0.333945,0.583654,-0.371450,-0.450196
32.000000,0.142644,-0.070339,0.124096,0.251568,-0.170691,0.184800,0.299589,0.234463,0.186497,0.382447,0.145769,0.353577,0.478918,0.352141,0.324590,0.584408,-0.381318,-0.442865
33.000000,0.143671,-0.059549,0.130749,0.251442,-0.161110,0.193046,0.300844,0.243875,0.176161,0.383129,0.158585,0.348767,0.479972,0.362111,0.315039,0.584299,-0.387885,-0.436978
34.000000,0.144677,-0.045020,0.137494,0.250965,-0.148326,0.202442,0.301785,0.252646,0.165058,0.384646,0.171692,0.344201,0.480488,0.372000,0.304114,0.585442,-0.399158,-0.428270
35.000000,0.146449,-0.033283,0.142617,0.250362,-0.135863,0.210292,0.302146,0.260478,0.153111,0.385682,0.184721,0.338568,0.481037,0.380214,0.294676,0.585644,-0.408814,-0.419344
36.000000,0.147597,-0.019613,0.146288,0.250180,-0.123696,0.217461,0.302546,0.267603,0.141147,0.386857,0.197430,0.332686,0.481370,0.388647,0.284025,0.586626,-0.413877,-0.415735
37.000000,0.148627,-0.004693,0.148553,0.249621,-0.110638,0.223763,0.302730,0.273843,0.129054,0.387513,0.209514,0.325991,0.482135,0.397367,0.273044,0.587439,-0.423764,-0.406828
38.000000,0.149197,0.007760,0.148995,0.249930,-0.098625,0.229648,0.303886,0.280696,0.116432,0.388139,0.222010,0.318376,0.482995,0.405746,0.262019,0.588155,-0.434096,-0.396846
39.000000,0.150194,0.022210,0.148543,0.250414,-0.085458,0.235381,0.304243,0.286198,0.103220,0.389327,0.233993,0.311164,0.483369,0.413261,0.250719,0.588671,-0.443908,-0.386626
40.000000,0.150665,0.035884,0.146330,0.250977,-0.070717,0.240808,0.305455,0.291716,0.090581,0.390296,0.245959,0.303043,0.484635,0.421376,0.239403,0.588909,-0.453014,-0.376288
41.000000,0.150919,0.049577,0.142544,0.251611,-0.058387,0.244743,0.306401,0.296466,0.077393,0.391415,0.257471,0.294812,0.486045,0.429469,0.227587,0.589876,-0.462600,-0.365999
42.000000,0.151106,0.063007,0.137343,0.251369,-0.044041,0.247481,0.307373,0.300572,0.064298,0.392881,0.268696,0.286632,0.486701,0.436228,0.215831,0.589634,-0.469765,-0.356354
43.000000,0.151512,0.076735,0.130643,0.252235,-0.030177,0.250423,0.308469,0.304139,0.051503,0.394891,0.280178,0.278279,0.487696,0.443073,0.203797,0.589922,-0.474649,-0.350309
44.000000,0.152478,0.089525,0.123430,0.252842,-0.016167,0.252324,0.309802,0.307507,0.037639,0.395646,0.290327,0.268786,0.487930,0.448748,0.191574,0.590077,-0.483233,-0.338641
45.000000,0.152936,0.099358,0.116265,0.253607,-0.002040,0.253599,0.310920,0.309975,0.024228,0.397362,0.300715,0.259745,0.489039,0.455218,0.178704,0.590859,-0.492000,-0.327185
46.000000,0.153914,0.111160,0.106456,0.253790,0.013110,0.253451,0.312175,0.312001,0.010429,0.398695,0.310638,0.249923,0.489768,0.460825,0.165871,0.591113,-0.499736,-0.315719
47.000000,0.154921,0.120347,0.097556,0.254163,0.025491,0.252881,0.313226,0.313205,-0.003604,0.400081,0.320209,0.239855,0.490704,0.466292,0.152848,0.590722,-0.506537,-0.303928
48.000000,0.155146,0.128763,0.086548,0.254317,0.039361,0.251252,0.314578,0.314085,-0.017613,0.401879,0.329672,0.229833,0.490674,0.470347,0.139763,0.591107,-0.513789,-0.292280
49.000000,0.156123,0.136900,0.075051,0.253892,0.052688,0.248365,0.315201,0.313631,-0.031425,0.403427,0.338635,0.219271,0.490831,0.474186,0.126737,0.590962,-0.520111,-0.280573
50.000000,0.156751,0.143368,0.063377,0.253548,0.066344,0.244714,0.315532,0.312214,-0.045638,0.404504,0.346743,0.208308,0.490874,0.477719,0.112879,0.591172,-0.526668,-0.268525
51.000000,0.157221,0.149066,0.049975,0.253880,0.081473,0.240452,0.316502,0.310831,-0.059643,0.405432,0.354558,0.196630,0.490844,0.480708,0.099235,0.591110,-0.532871,-0.255850
52.000000,0.157666,0.153597,0.035586,0.254408,0.093766,0.236498,0.317562,0.308970,-0.073371,0.405957,0.361496,0.184720,0.491559,0.484058,0.085545,0.591619,-0.538668,-0.244643
53.000000,0.158422,0.156706,0.023257,0.254037,0.106901,0.230450,0.318188,0.306070,-0.086977,0.407119,0.368676,0.172697,0.491896,0.486646,0.071674,0.591649,-0.544710,-0.230954
54.000000,0.158407,0.158178,0.008517,0.254608,0.119885,0.224617,0.318321,0.301853,-0.101060,0.407726,0.374890,0.160306,0.492582,0.489187,0.057732,0.591857,-0.550178,-0.218171
55.000000,0.158213,0.158115,-0.005577,0.255433,0.134027,0.217446,0.318769,0.297482,-0.114535,0.408086,0.380566,0.147323,0.493378,0.491451,0.043565,0.592421,-0.555821,-0.205003
56.000000,0.158874,0.157532,-0.020611,0.255087,0.145966,0.209197,0.318690,0.292027,-0.127605,0.408453,0.385621,0.134647,0.494329,0.493430,0.029799,0.592504,-0.560396,-0.192399
57.000000,0.159333,0.155830,-0.033230,0.254839,0.155465,0.201924,0.318864,0.286358,-0.140263,0.408935,0.390501,0.121395,0.496184,0.495926,0.016017,0.593563,-0.565691,-0.179752
58.000000,0.159940,0.152950,-0.046767,0.254618,0.166531,0.192608,0.318896,0.279917,-0.152779,0.409250,0.394728,0.108053,0.497537,0.497533,0.001996,0.593911,-0.570026,-0.166734
59.000000,0.160073,0.148255,-0.060363,0.254825,0.178064,0.182288,0.319151,0.273178,-0.165019,0.409835,0.398800,0.094465,0.498789,0.498643,-0.012068,0.594255,-0.573629,-0.155206
60.000000,0.161120,0.143605,-0.073056,0.254454,0.186954,0.172613,0.319180,0.265513,-0.177141,0.410042,0.401945,0.081087,0.500272,0.499594,-0.026035,0.594194,-0.575679,-0.147175
61.000000,0.160798,0.135814,-0.086085,0.254312,0.197201,0.160581,0.319522,0.257855,-0.188693,0.410624,0.405022,0.067595,0.501216,0.499650,-0.039586,0.595069,-0.579567,-0.134940
62.000000,0.161319,0.128827,-0.097095,0.254291,0.205072,0.150365,0.319529,0.249171,-0.200031,0.410765,0.407222,0.053828,0.502039,0.499159,-0.053697,0.596558,-0.584116,-0.121205
63.000000,0.161729,0.119606,-0.108861,0.254380,0.213135,0.138863,0.319809,0.240139,-0.211213,0.410204,0.408234,0.040158,0.503158,0.498613,-0.067476,0.596814,-0.586881,-0.108433
64.000000,0.162453,0.110163,-0.119396,0.254656,0.221653,0.125377,0.320079,0.230801,-0.221769,0.410655,0.409795,0.026549,0.503854,0.497322,-0.080870,0.597652,-0.589978,-0.095471
65.000000,0.162980,0.099642,-0.128972,0.254750,0.227731,0.114175,0.320242,0.220925,-0.231835,0.410887,0.410685,0.012885,0.504148,0.495181,-0.094664,0.598310,-0.592638,-0.082189
66.000000,0.163710,0.088631,-0.137643,0.254205,0.233817,0.099748,0.320605,0.210246,-0.242041,0.411576,0.411574,-0.001360,0.504470,0.492674,-0.108452,0.599420,-0.595438,-0.068976
67.000000,0.164273,0.077054,-0.145081,0.254228,0.238847,0.087087,0.321086,0.200021,-0.251173,0.412113,0.411836,-0.015094,0.504936,0.489902,-0.122299,0.600203,-0.597639,-0.055420
68.000000,0.165017,0.064695,-0.151806,0.253826,0.242951,0.073501,0.321553,0.188965,-0.260170,0.412358,0.411302,-0.029492,0.505490,0.486926,-0.135731,0.600080,-0.598623,-0.041801
69.000000,0.166005,0.052044,-0.157636,0.253957,0.246899,0.059454,0.322083,0.177411,-0.268818,0.412660,0.410354,-0.043565,0.505880,0.483314,-0.149404,0.600962,-0.600300,-0.028191
70.000000,0.166982,0.038767,-0.162419,0.253805,0.249731,0.045295,0.321962,0.165144,-0.276382,0.413043,0.408996,-0.057679,0.506840,0.479901,-0.163040,0.601739,-0.601554,-0.014909
71.000000,0.167949,0.025232,-0.166043,0.253599,0.251837,0.029841,0.323040,0.153457,-0.284264,0.413661,0.407373,-0.071852,0.507408,0.475719,-0.176506,0.602487,-0.602486,-0.000787
72.000000,0.168224,0.011430,-0.167835,0.253515,0.252944,0.017012,0.323391,0.140755,-0.291153,0.414826,0.405964,-0.085285,0.508289,0.471604,-0.189598,0.602191,-0.602067,0.012225
73.000000,0.168835,-0.002395,-0.168818,0.253275,0.253261,0.002686,0.324639,0.128591,-0.298085,0.415608,0.403517,-0.099519,0.508879,0.466638,-0.202995,0.602386,-0.601819,0.026125
74.000000,0.169274,-0.016166,-0.168500,0.253435,0.253194,-0.011066,0.325393,0.116202,-0.303937,0.416125,0.400655,-0.112408,0.509392,0.461346,-0.215962,0.602811,-0.601503,0.039689
75.000000,0.169397,-0.030204,-0.166683,0.253012,0.251736,-0.025378,0.326069,0.102921,-0.309400,0.417460,0.397984,-0.126023,0.510148,0.456017,-0.228692,0.603066,-0.600699,0.053379
76.000000,0.169442,-0.043764,-0.163693,0.252354,0.249237,-0.039537,0.326479,0.089543,-0.313959,0.418131,0.394222,-0.139364,0.510679,0.450199,-0.241069,0.603207,-0.599477,0.066971
77.000000,0.169595,-0.057456,-0.159566,0.252060,0.246277,-0.053683,0.326661,0.076255,-0.317635,0.418743,0.390021,-0.152412,0.511295,0.443964,-0.253611,0.603410,-0.598026,0.080431
78.000000,0.169681,-0.070581,-0.154305,0.251704,0.242470,-0.067549,0.326781,0.062160,-0.320814,0.419110,0.385132,-0.165307,0.512130,0.437883,-0.265585,0.603782,-0.596414,0.094039
79.000000,0.169872,-0.083098,-0.148160,0.252451,0.238813,-0.081853,0.326939,0.045199,-0.323800,0.419684,0.379859,-0.178444,0.513076,0.431189,-0.278071,0.603887,-0.594207,0.107694
80.000000,0.170002,-0.094533,-0.141294,0.252879,0.234157,-0.095489,0.327694,0.034364,-0.325887,0.420084,0.374095,-0.191111,0.514247,0.424454,-0.290325,0.604311,-0.591961,0.121549
81.000000,0.170315,-0.105798,-0.133468,0.253234,0.228776,-0.108576,0.327971,0.020103,-0.327355,0.420712,0.368121,-0.203679,0.514860,0.416968,-0.302025,0.604592,-0.589352,0.134892
82.000000,0.170172,-0.115898,-0.124604,0.253369,0.222335,-0.121503,0.328403,0.006114,-0.328346,0.421258,0.361636,-0.216050,0.515533,0.409532,-0.313141,0.605387,-0.586855,0.148645
83.000000,0.170518,-0.125728,-0.115190,0.253670,0.215335,-0.134087,0.328162,-0.007687,-0.328072,0.421699,0.354656,-0.228143,0.515821,0.401152,-0.324267,0.605554,-0.583914,0.160439
84.000000,0.170656,-0.134659,-0.104835,0.253956,0.207743,-0.146070,0.328338,-0.021440,-0.327637,0.422240,0.347634,-0.239661,0.516487,0.393000,-0.335126,0.605867,-0.580421,0.173744
85.000000,0.171391,-0.143432,-0.093820,0.254367,0.199551,-0.157740,0.328166,-0.035596,-0.326230,0.422131,0.339600,-0.250733,0.517283,0.384462,-0.346078,0.605707,-0.575798,0.187983
86.000000,0.171359,-0.150862,-0.081268,0.254825,0.189699,-0.170147,0.328331,-0.050186,-0.324472,0.421897,0.330625,-0.262078,0.518048,0.375698,-0.356686,0.606104,-0.571857,0.200850
87.000000,0.171060,-0.156609,-0.068812,0.254822,0.180843,-0.179527,0.327855,-0.063891,-0.321570,0.421816,0.321848,-0.272658,0.519414,0.367236,-0.367326,0.606202,-0.567095,0.214205
88.000000,0.170521,-0.161193,-0.055626,0.254180,0.170124,-0.188853,0.327562,-0.077851,-0.318176,0.422129,0.312838,-0.283418,0.520818,0.358055,-0.378216,0.606092,-0.562049,0.226821
89.000000,0.170329,-0.165042,-0.042110,0.254671,0.159535,-0.198509,0.327306,-0.091469,-0.314265,0.422100,0.303351,-0.293507,0.522373,0.349341,-0.388374,0.606343,-0.557154,0.239231
90.000000,0.170028,-0.167615,-0.028544,0.254140,0.147674,-0.206832,0.328056,-0.104810,-0.310863,0.422288,0.293495,-0.303624,0.523205,0.339938,-0.397725,0.606672,-0.551525,0.252727
91.000000,0.170279,-0.169696,-0.014088,0.254418,0.135888,-0.215088,0.328231,-0.117981,-0.306294,0.422388,0.283279,-0.313313,0.524051,0.329922,-0.407161,0.607268,-0.546315,0.265169
92.000000,0.170843,-0.170843,0.000185,0.254010,0.123275,-0.222091,0.329430,-0.131640,-0.301985,0.422525,0.273505,-0.322060,0.524720,0.319484,-0.416246,0.607683,-0.540458,0.277820
93.000000,0.170960,-0.170357,0.014345,0.254047,0.109438,-0.229267,0.330307,-0.144336,-0.297103,0.422845,0.263711,-0.330537,0.525079,0.308573,-0.424842,0.607743,-0.534131,0.289924
94.000000,0.171310,-0.168815,0.029132,0.253322,0.097499,-0.233807,0.330863,-0.157080,-0.291198,0.423333,0.253085,-0.339351,0.525504,0.297600,-0.433115,0.608075,-0.527809,0.301947
95.000000,0.171992,-0.166521,0.043035,0.253108,0.083922,-0.238790,0.331485,-0.169478,-0.284885,0.423314,0.241809,-0.347453,0.526273,0.285848,-0.441876,0.608213,-0.520923,0.313946
96.000000,0.172611,-0.162761,0.057476,0.252655,0.070300,-0.242678,0.332252,-0.181548,-0.278265,0.423075,0.230370,-0.354855,0.526860,0.274878,-0.449471,0.608539,-0.514001,0.325764
97.000000,0.172917,-0.157702,0.070926,0.252366,0.056889,-0.245870,0.332797,-0.192931,-0.271167,0.422763,0.218105,-0.362159,0.527775,0.263316,-0.457397,0.608909,-0.506571,0.337869
98.000000,0.172989,-0.151262,0.083935,0.251512,0.043005,-0.247808,0.333437,-0.204717,-0.263194,0.422762,0.205760,-0.369311,0.528090,0.251758,-0.464217,0.608523,-0.498614,0.348833
99.000000,0.172934,-0.143671,0.096255,0.251531,0.028607,-0.249899,0.333492,-0.215630,-0.254403,0.422630,0.192966,-0.376005,0.528448,0.239326,-0.471148,0.608414,-0.490551,0.359900
100.000000,0.172693,-0.135309,0.107304,0.251428,0.014724,-0.250997,0.333905,-0.226280,-0.245541,0.423021,0.180950,-0.382367,0.528868,0.227207,-0.477575,0.608516,-0.482553,0.370721
101.000000,0.172828,-0.125852,0.118451,0.252131,0.000873,-0.252130,0.333908,-0.236254,-0.235964,0.423025,0.167820,-0.388313,0.529476,0.215244,-0.483750,0.608793,-0.474354,0.381598
102.000000,0.172908,-0.115580,0.128602,0.252498,-0.013052,-0.252161,0.334541,-0.246032,-0.226684,0.422770,0.154924,-0.393361,0.529736,0.202763,-0.489395,0.609024,-0.465896,0.392239
103.000000,0.173262,-0.104777,0.137991,0.252872,-0.027574,-0.251364,0.334702,-0.255452,-0.216263,0.422625,0.141755,-0.398142,0.530258,0.190271,-0.494945,0.608889,-0.456858,0.402525
104.000000,0.174062,-0.093598,0.146755,0.253351,-0.041524,-0.249925,0.334727,-0.264404,-0.205263,0.422190,0.128143,-0.402274,0.530529,0.177437,-0.499978,0.609110,-0.447624,0.413096
105.000000,0.174516,-0.081378,0.154381,0.253727,-0.055422,-0.247600,0.334483,-0.272657,-0.193744,0.422383,0.114804,-0.406482,0.530747,0.164130,-0.504731,0.608976,-0.438021,0.423071
106.000000,0.175063,-0.068959,0.160909,0.254483,-0.069352,-0.244851,0.334896,-0.280781,-0.182530,0.422861,0.100920,-0.410642,0.530554,0.150687,-0.508705,0.608507,-0.427817,0.432728
107.000000,0.175602,-0.056188,0.166370,0.254824,-0.083186,-0.240864,0.334599,-0.287600,-0.171005,0.423497,0.087410,-0.414378,0.530514,0.137544,-0.512374,0.607963,-0.418777,0.440732
108.000000,0.175744,-0.042564,0.170511,0.255191,-0.096327,-0.236313,0.334533,-0.294440,-0.158801,0.424411,0.073821,-0.417942,0.531042,0.124610,-0.516215,0.607930,-0.407451,0.451179
109.000000,0.175369,-0.028527,0.173034,0.255110,-0.108884,-0.230706,0.334180,-0.300523,-0.146158,0.424971,0.059933,-0.420724,0.530818,0.111020,-0.519078,0.608097,-0.397432,0.460249
110.000000,0.175926,-0.014310,0.175343,0.255211,-0.121685,-0.224334,0.334496,-0.306470,-0.134029,0.425541,0.046534,-0.422989,0.530428,0.097765,-0.521341,0.608407,-0.387329,0.469186
111.000000,0.176139,-0.000089,0.176139,0.255420,-0.133205,-0.217935,0.334225,-0.311505,-0.121126,0.426079,0.032400,-0.424845,0.530150,0.084125,-0.523433,0.608320,-0.376592,0.477736
112.000000,0.176336,0.013839,0.175793,0.255105,-0.144561,-0.210193,0.333848,-0.315977,-0.107765,0.426541,0.018700,-0.426131,0.530077,0.070417,-0.525379,0.608362,-0.365939,0.485997
113.000000,0.175798,0.027983,0.173557,0.254898,-0.155335,-0.202099,0.334057,-0.320371,-0.094639,0.426954,0.004719,-0.426928,0.529640,0.056988,-0.526565,0.608088,-0.354336,0.494182
114.000000,0.175718,0.041577,0.170728,0.255028,-0.166893,-0.192837,0.333823,-0.323871,-0.080905,0.427961,-0.009396,-0.427858,0.529903,0.045353,-0.527958,0.608153,-0.342833,0.502310
115.000000,0.175214,0.054933,0.166380,0.255044,-0.176994,-0.183632,0.333471,-0.326637,-0.067166,0.428523,-0.023412,-0.427883,0.529246,0.039259,-0.527788,0.607721,-0.331099,0.509606
116.000000,0.175334,0.068264,0.161499,0.255033,-0.186491,-0.173962,0.333355,-0.329057,-0.053353,0.428764,-0.037490,-0.427122,0.528328,0.031336,-0.527398,0.607395,-0.318993,0.516886
117.000000,0.175343,0.081082,0.155470,0.254793,-0.195777,-0.163067,0.333383,-0.331040,-0.039456,0.428862,-0.051775,-0.425725,0.527790,0.017533,-0.527498,0.606930,-0.307281,0.523396
118.000000,0.175038,0.093336,0.148076,0.254316,-0.203730,-0.152219,0.333957,-0.332942,-0.026014,0.428911,-0.066367,-0.423745,0.527959,0.002766,-0.527952,0.606926,-0.295450,0.530159
119.000000,0.174928,0.105065,0.139861,0.254433,-0.211902,-0.140832,0.334822,-0.334608,-0.011964,0.428863,-0.080311,-0.421276,0.527711,-0.011055,-0.527595,0.607242,-0.283118,0.537204
120.000000,0.175092,0.115967,0.131182,0.254275,-0.218694,-0.129726,0.335611,-0.335607,0.001659,0.429054,-0.093803,-0.418674,0.527228,-0.025109,-0.526630,0.607199,-0.270979,0.543379
121.000000,0.175481,0.126477,0.121643,0.253811,-0.224921,-0.117602,0.336173,-0.335811,0.015606,0.428649,-0.107419,-0.414971,0.526651,-0.039003,-0.525205,0.607226,-0.258518,0.549447
122.000000,0.175514,0.135944,0.111015,0.253585,-0.230621,-0.105449,0.337045,-0.335803,0.028906,0.429098,-0.121290,-0.411599,0.525947,-0.053280,-0.523241,0.606726,-0.245902,0.554661
123.000000,0.175987,0.145391,0.099161,0.253307,-0.235110,-0.094274,0.337271,-0.334516,0.043024,0.428765,-0.134936,-0.406978,0.526085,-0.067099,-0.521788,0.606631,-0.233133,0.560045
124.000000,0.176328,0.153278,0.087163,0.253211,-0.239721,-0.081545,0.337581,-0.332837,0.056395,0.429148,-0.148261,-0.402724,0.525723,-0.081303,-0.519398,0.606643,-0.220374,0.565200
125.000000,0.176143,0.159704,0.074303,0.252816,-0.243350,-0.068535,0.337174,-0.329676,0.070709,0.428648,-0.161348,-0.397122,0.525868,-0.094810,-0.517251,0.606301,-0.207230,0.569787
126.000000,0.175708,0.164524,0.061685,0.252980,-0.246745,-0.055821,0.337765,-0.327200,0.083819,0.428652,-0.174290,-0.391619,0.526284,-0.108095,-0.515063,0.606620,-0.194439,0.574614
127.000000,0.175662,0.168968,0.048031,0.252893,-0.249332,-0.042290,0.337654,-0.323451,0.096898,0.428027,-0.186607,-0.385208,0.525859,-0.121120,-0.511720,0.607421,-0.181421,0.579695
128.000000,0.175441,0.172128,0.033932,0.252627,-0.250863,-0.029795,0.337479,-0.319246,0.109427,0.427537,-0.198622,-0.378599,0.526005,-0.134246,-0.508585,0.607411,-0.168461,0.583582
129.000000,0.175476,0.174390,0.019495,0.252245,-0.251740,-0.015954,0.337211,-0.314349,0.122049,0.427264,-0.210884,-0.371595,0.526240,-0.147947,-0.505015,0.607423,-0.155207,0.587259
130.000000,0.175286,0.175203,0.005405,0.252103,-0.252095,-0.001968,0.337245,-0.309411,0.134160,0.426361,-0.222654,-0.363605,0.526662,-0.160910,-0.501479,0.607280,-0.142210,0.590394
131.000000,0.175106,0.174876,-0.008967,0.251930,-0.251658,0.011692,0.336625,-0.304149,0.144258,0.426338,-0.234554,-0.356018,0.527224,-0.174019,-0.497677,0.607017,-0.128339,0.593294
132.000000,0.175630,0.174048,-0.023519,0.251103,-0.249951,0.024027,0.335986,-0.298193,0.154814,0.426020,-0.245951,-0.347852,0.526937,-0.186741,-0.492738,0.606298,-0.114262,0.595434
133.000000,0.176072,0.171890,-0.038147,0.251013,-0.248164,0.037714,0.335194,-0.291876,0.164814,0.425978,-0.257426,-0.339395,0.527229,-0.200017,-0.487814,0.606171,-0.100540,0.597775
134.000000,0.176565,0.168761,-0.051914,0.250986,-0.245710,0.051189,0.335134,-0.285274,0.175879,0.425946,-0.268726,-0.330478,0.526682,-0.212599,-0.481867,0.605379,-0.086623,0.599150
135.000000,0.176469,0.164057,-0.065013,0.251346,-0.242746,0.065187,0.334948,-0.277773,0.187169,0.426337,-0.279271,-0.322134,0.527010,-0.225226,-0.476459,0.604533,-0.074273,0.599953
136.000000,0.176919,0.158897,-0.077795,0.250888,-0.238404,0.078156,0.334987,-0.269553,0.198890,0.426642,-0.290069,-0.312862,0.526753,-0.238171,-0.469834,0.603675,-0.060654,0.600621
137.000000,0.177250,0.152524,-0.090300,0.250187,-0.232832,0.091559,0.334456,-0.260782,0.209412,0.426878,-0.299940,-0.303745,0.526999,-0.250555,-0.463627,0.603284,-0.047125,0.601440
138.000000,0.177435,0.144801,-0.102547,0.249556,-0.226742,0.104241,0.334633,-0.251893,0.220293,0.427412,-0.310190,-0.294046,0.527521,-0.262881,-0.457354,0.602405,-0.031886,0.601561
139.000000,0.177525,0.135903,-0.114217,0.249186,-0.220055,0.116917,0.335225,-0.242772,0.231167,0.428058,-0.319845,-0.284486,0.527728,-0.274737,-0.450574,0.602134,-0.019293,0.601825
140.000000,0.177146,0.125695,-0.124826,0.249453,-0.213158,0.129578,0.335259,-0.233079,0.240984,0.428364,-0.329402,-0.273843,0.527524,-0.286793,-0.442755,0.602116,-0.004015,0.602103
141.000000,0.177127,0.115221,-0.134529,0.249361,-0.205549,0.141175,0.335484,-0.222506,0.251079,0.429338,-0.338837,-0.263667,0.527707,-0.298684,-0.435043,0.602397,0.008507,0.602337
142.000000,0.177514,0.104138,-0.143758,0.249576,-0.197215,0.152953,0.335340,-0.211939,0.259875,0.430435,-0.348158,-0.253101,0.527523,-0.310172,-0.426701,0.602535,0.022654,0.602109
143.000000,0.177618,0.092911,-0.151379,0.249627,-0.188313,0.163865,0.335746,-0.201017,0.268919,0.431611,-0.357276,-0.242162,0.527584,-0.321434,-0.418360,0.602687,0.036420,0.601586
144.000000,0.177796,0.080811,-0.158369,0.250011,-0.178652,0.174897,0.336372,-0.190991,0.276891,0.432018,-0.364429,-0.232015,0.528213,-0.332866,-0.410133,0.602315,0.050197,0.600220
145.000000,0.177951,0.068065,-0.164420,0.250188,-0.168466,0.184969,0.337046,-0.178623,0.285821,0.431654,-0.372095,-0.218792,0.527903,-0.343468,-0.400888,0.601727,0.064246,0.598287
146.000000,0.178122,0.055522,-0.169248,0.250817,-0.157990,0.194803,0.337549,-0.166866,0.293420,0.431175,-0.378570,-0.206389,0.528092,-0.354068,-0.391812,0.601642,0.077929,0.596574
147.000000,0.178421,0.041770,-0.173462,0.251563,-0.146729,0.204339,0.337824,-0.154564,0.300391,0.430999,-0.384883,-0.193971,0.528290,-0.364237,-0.382650,0.601156,0.091505,0.594151
148.000000,0.179031,0.028105,-0.176811,0.252223,-0.135223,0.212912,0.337744,-0.141886,0.306495,0.431110,-0.391421,-0.180679,0.528714,-0.374657,-0.373056,0.600317,0.107027,0.590699
149.000000,0.179654,0.014099,-0.179100,0.252186,-0.123291,0.219993,0.337908,-0.130610,0.311646,0.431104,-0.396906,-0.168274,0.528897,-0.384263,-0.363420,0.600141,0.119959,0.588030
150.000000,0.179863,0.000114,-0.179863,0.252181,-0.110531,0.226667,0.337841,-0.116145,0.317248,0.431355,-0.402338,-0.155534,0.529047,-0.394152,-0.352896,0.600095,0.132665,0.585247
151.000000,0.179890,-0.013665,-0.179370,0.251794,-0.097129,0.232306,0.337785,-0.102199,0.321954,0.431185,-0.406978,-0.142441,0.529062,-0.403194,-0.342551,0.599804,0.147391,0.581412
152.000000,0.179490,-0.027577,-0.177359,0.251777,-0.083735,0.237445,0.337554,-0.088428,0.325765,0.431689,-0.411919,-0.129144,0.529394,-0.412290,-0.332076,0.599966,0.159984,0.578243
153.000000,0.179355,-0.041154,-0.174570,0.251671,-0.069830,0.241790,0.337430,-0.074719,0.329053,0.431613,-0.415634,-0.116352,0.529475,-0.421327,-0.320668,0.600577,0.174588,0.574641
154.000000,0.179011,-0.054631,-0.170470,0.252264,-0.056248,0.245913,0.336852,-0.060779,0.331323,0.431997,-0.419503,-0.103144,0.529825,-0.429683,-0.309979,0.600407,0.186402,0.570739
155.000000,0.178952,-0.067759,-0.165628,0.252666,-0.042007,0.249149,0.336730,-0.046430,0.333513,0.431707,-0.422313,-0.089570,0.529834,-0.437552,-0.298785,0.601233,0.201374,0.566506
156.000000,0.178794,-0.080736,-0.159528,0.252489,-0.027740,0.250961,0.336331,-0.032292,0.334777,0.431734,-0.424797,-0.077080,0.530194,-0.445812,-0.286981,0.601698,0.213017,0.562729
157.000000,0.178509,-0.092956,-0.152397,0.252857,-0.013585,0.252492,0.336336,-0.018374,0.335834,0.432158,-0.427712,-0.061833,0.529531,-0.452300,-0.275367,0.602158,0.228075,0.557294
158.000000,0.178778,-0.104001,-0.145415,0.252745,0.000362,0.252745,0.335885,-0.004504,0.335855,0.432722,-0.430036,-0.048133,0.529331,-0.458855,-0.263900,0.602506,0.239332,0.552932
159.000000,0.178874,-0.114836,-0.137145,0.252373,0.014218,0.251972,0.335515,0.009308,0.335386,0.432740,-0.431275,-0.035575,0.529069,-0.465442,-0.251549,0.603086,0.253875,0.547046
160.000000,0.178879,-0.125243,-0.127718,0.252685,0.028257,0.251100,0.335233,0.023590,0.334402,0.433503,-0.432990,-0.021094,0.528706,-0.471519,-0.239166,0.603788,0.265653,0.542207
161.000000,0.178086,-0.134011,-0.117284,0.252902,0.041682,0.249444,0.335228,0.037648,0.333108,0.434158,-0.434096,-0.007329,0.527875,-0.476964,-0.226180,0.604867,0.278368,0.537007
162.000000,0.178393,-0.143462,-0.106032,0.253172,0.055160,0.247090,0.335268,0.051924,0.331223,0.433985,-0.433938,0.006335,0.527062,-0.482019,-0.213194,0.605722,0.291122,0.531176
163.000000,0.178441,-0.151728,-0.093914,0.253131,0.069380,0.243437,0.334601,0.065341,0.328159,0.434334,-0.433851,0.020473,0.526735,-0.487084,-0.200497,0.606994,0.304726,0.524961
164.000000,0.178979,-0.159128,-0.081926,0.253278,0.082794,0.239364,0.334569,0.079117,0.325080,0.433719,-0.432464,0.032969,0.526309,-0.492041,-0.186806,0.607806,0.315866,0.519285
165.000000,0.178136,-0.164444,-0.068489,0.253803,0.096332,0.234811,0.334666,0.092804,0.321541,0.433413,-0.430665,0.048727,0.526267,-0.496730,-0.173831,0.608616,0.328041,0.512643
166.000000,0.177662,-0.169029,-0.054708,0.254628,0.109697,0.229786,0.335452,0.106362,0.318143,0.433050,-0.428516,0.062498,0.526543,-0.501377,-0.160837,0.609740,0.341305,0.505266
167.000000,0.177201,-0.172396,-0.040985,0.254685,0.122125,0.223495,0.335687,0.119725,0.313611,0.432494,-0.425998,0.074678,0.527093,-0.506148,-0.147111,0.610958,0.352402,0.499082
168.000000,0.176841,-0.174782,-0.026909,0.255024,0.134401,0.216734,0.336641,0.131855,0.309744,0.432363,-0.423240,0.088350,0.527911,-0.510647,-0.133902,0.611590,0.363445,0.491884
169.000000,0.176429,-0.175984,-0.012522,0.255020,0.146339,0.208855,0.337888,0.146271,0.304586,0.432453,-0.419917,0.103371,0.528707,-0.514666,-0.121036,0.612823,0.375164,0.484566
170.000000,0.176527,-0.176516,0.002047,0.255762,0.158047,0.201085,0.339177,0.159375,0.299400,0.432336,-0.416703,0.115210,0.529162,-0.518131,-0.107482,0.614334,0.386758,0.477309
171.000000,0.176706,-0.175971,0.016100,0.255665,0.168710,0.192097,0.340248,0.172025,0.293558,0.432064,-0.412432,0.128762,0.529654,-0.521310,-0.093641,0.615157,0.397654,0.469350
172.000000,0.176906,-0.174305,0.030226,0.255562,0.179001,0.182402,0.341470,0.184242,0.287501,0.432168,-0.408008,0.142472,0.530417,-0.524373,-0.079845,0.616395,0.409712,0.460520
173.000000,0.177339,-0.171759,0.044136,0.255308,0.188984,0.171659,0.342652,0.196376,0.280797,0.432424,-0.403453,0.155615,0.530753,-0.526547,-0.066683,0.616438,0.418706,0.452416
174.000000,0.177254,-0.167481,0.058045,0.255164,0.197833,0.161155,0.343747,0.207053,0.274392,0.432886,-0.398591,0.168866,0.530963,-0.528306,-0.053054,0.617050,0.429026,0.443494
175.000000,0.177126,-0.162019,0.071579,0.255071,0.206424,0.149834,0.344139,0.219292,0.265222,0.433368,-0.393370,0.181847,0.531463,-0.530003,-0.039375,0.617492,0.440034,0.433204
176.000000,0.177246,-0.155872,0.084380,0.255224,0.214501,0.138305,0.343900,0.228918,0.256639,0.433857,-0.387858,0.194417,0.531758,-0.531134,-0.025742,0.618188,0.449161,0.424748
177.000000,0.177161,-0.148422,0.096732,0.255355,0.221998,0.126188,0.344300,0.240423,0.246453,0.433518,-0.380462,0.207813,0.532542,-0.532405,-0.012090,0.618487,0.458473,0.415125
178.000000,0.176655,-0.139772,0.108032,0.254990,0.228553,0.113064,0.344229,0.250074,0.236552,0.433622,-0.374648,0.218327,0.532668,-0.532665,0.001635,0.619117,0.468010,0.405305
179.000000,0.176382,-0.130218,0.118970,0.254814,0.234406,0.099921,0.343997,0.259324,0.226020,0.433902,-0.367661,0.230426,0.532558,-0.532327,0.015671,0.619506,0.477109,0.395165
180.000000,0.176666,-0.120390,0.129294,0.254868,0.239847,0.086202,0.343826,0.267370,0.216170,0.434108,-0.359661,0.243092,0.531624,-0.530808,0.029460,0.619973,0.486111,0.384789
181.000000,0.177102,-0.109582,0.139129,0.255057,0.244441,0.072818,0.343729,0.276711,0.203914,0.434520,-0.353135,0.253186,0.531701,-0.529937,0.043279,0.620249,0.494581,0.374298
182.000000,0.177188,-0.098009,0.147614,0.255399,0.248387,0.059434,0.343812,0.284102,0.193631,0.434602,-0.344860,0.264482,0.531440,-0.528326,0.057445,0.620202,0.502666,0.363287
183.000000,0.177756,-0.086245,0.155431,0.256384,0.252283,0.045671,0.344042,0.293021,0.180288,0.434698,-0.336424,0.275284,0.530987,-0.526231,0.070908,0.620627,0.510795,0.352513
184.000000,0.178080,-0.073678,0.162123,0.256924,0.254903,0.032161,0.343845,0.300015,0.167990,0.435103,-0.326919,0.287121,0.531024,-0.524324,0.084090,0.621080,0.519081,0.341022
185.000000,0.178720,-0.061161,0.167930,0.256518,0.255897,0.017840,0.343729,0.305722,0.157112,0.435026,-0.318580,0.296234,0.530643,-0.521650,0.097279,0.621422,0.526848,0.329540
186.000000,0.178872,-0.047991,0.172314,0.256570,0.256545,0.003590,0.343282,0.311403,0.144466,0.434982,-0.307631,0.307527,0.530304,-0.518601,0.110793,0.621769,0.534237,0.318100
187.000000,0.178811,-0.034457,0.175459,0.256076,0.255865,-0.010399,0.343190,0.317516,0.130241,0.434769,-0.298769,0.315850,0.530013,-0.515253,0.124206,0.622451,0.541693,0.306618
188.000000,0.178485,-0.020446,0.177310,0.255452,0.254269,-0.024563,0.342367,0.321091,0.118810,0.434189,-0.288434,0.324540,0.529551,-0.511432,0.137338,0.622286,0.548297,0.294296
189.000000,0.178414,-0.006128,0.178309,0.255804,0.252788,-0.039165,0.341744,0.325559,0.103922,0.433452,-0.276366,0.333920,0.530008,-0.507968,0.151252,0.622395,0.554554,0.282569
190.000000,0.177981,0.007919,0.177805,0.255831,0.250212,-0.053325,0.341289,0.329127,0.090300,0.432691,-0.265927,0.341327,0.529227,-0.503129,0.164144,0.622299,0.560401,0.270567
191.000000,0.178116,0.022259,0.176720,0.255713,0.246730,-0.067181,0.341246,0.332177,0.078150,0.432451,-0.253731,0.350192,0.529137,-0.498593,0.177175,0.622534,0.566450,0.258230
192.000000,0.177838,0.035881,0.174181,0.255633,0.242479,-0.080946,0.341187,0.335098,0.064170,0.431808,-0.243013,0.356935,0.528372,-0.493168,0.189635,0.621877,0.571151,0.246002
193.000000,0.177871,0.049894,0.170730,0.255736,0.237610,-0.094563,0.341133,0.337397,0.050349,0.431460,-0.230944,0.364448,0.528172,-0.488077,0.201858,0.621576,0.576202,0.233127
194.000000,0.177842,0.062834,0.166372,0.255213,0.231580,-0.107257,0.341411,0.339477,0.036290,0.431741,-0.219136,0.371994,0.527709,-0.482959,0.212667,0.621237,0.580926,0.220137
195.000000,0.177357,0.075419,0.160523,0.255099,0.225125,-0.119977,0.341107,0.340375,0.022332,0.431154,-0.205761,0.378887,0.527711,-0.477207,0.225282,0.620859,0.585193,0.207401
196.000000,0.177174,0.088491,0.153492,0.254510,0.217874,-0.131554,0.341368,0.341294,0.007070,0.430941,-0.194278,0.384664,0.527021,-0.470288,0.237868,0.620648,0.589469,0.194241
197.000000,0.177102,0.099578,0.146456,0.254251,0.209952,-0.143400,0.341377,0.341331,-0.005565,0.430920,-0.181725,0.390728,0.527077,-0.464039,0.249955,0.620218,0.593147,0.181238
198.000000,0.177113,0.111167,0.137881,0.254466,0.201775,-0.155049,0.341432,0.340795,-0.020847,0.431200,-0.168979,0.396710,0.526841,-0.456888,0.262326,0.620095,0.596876,0.168096
199.000000,0.177630,0.122736,0.128407,0.254189,0.192482,-0.166020,0.341520,0.339731,-0.034912,0.431284,-0.155824,0.402150,0.526297,-0.449350,0.273995,0.619897,0.600213,0.154975
200.000000,0.177627,0.132615,0.118172,0.254951,0.183494,-0.177003,0.341681,0.338344,-0.047637,0.431589,-0.142741,0.407302,0.526074,-0.441650,0.285830,0.619702,0.603248,0.141851
201.000000,0.177773,0.141825,0.107186,0.254402,0.172601,-0.186893,0.342110,0.336228,-0.063171,0.432152,-0.129401,0.412324,0.524914,-0.433141,0.296518,0.620131,0.606689,0.128418
202.000000,0.177912,0.150313,0.095177,0.254279,0.161784,-0.196173,0.342200,0.333757,-0.075544,0.433274,-0.116472,0.417326,0.524155,-0.424381,0.307635,0.620277,0.609391,0.115695
203.000000,0.178507,0.158117,0.082848,0.254031,0.150301,-0.204796,0.342240,0.330436,-0.089107,0.433407,-0.102954,0.421001,0.523278,-0.415477,0.318117,0.621211,0.612777,0.102016
204.000000,0.178308,0.164125,0.069691,0.253860,0.138229,-0.212927,0.342332,0.326558,-0.102717,0.434277,-0.089558,0.424943,0.522647,-0.406589,0.328397,0.621786,0.615394,0.088926
205.000000,0.177403,0.168373,0.055878,0.254219,0.126240,-0.220660,0.342602,0.321775,-0.117631,0.434807,-0.075948,0.428122,0.521449,-0.396655,0.338489,0.622268,0.617681,0.075414
206.000000,0.177247,0.172061,0.042562,0.254058,0.113161,-0.227464,0.342356,0.317034,-0.129218,0.435244,-0.062615,0.430717,0.521222,-0.387178,0.348950,0.623122,0.620025,0.062058
207.000000,0.177253,0.174900,0.028790,0.253729,0.100662,-0.232907,0.342672,0.311770,-0.142210,0.435277,-0.048432,0.432574,0.520653,-0.377421,0.358654,0.623444,0.621526,0.048874
208.000000,0.177025,0.176472,0.013980,0.253275,0.087107,-0.237824,0.342382,0.304715,-0.156123,0.435613,-0.033877,0.434294,0.520434,-0.367519,0.368485,0.624308,0.623286,0.035710
209.000000,0.177309,0.177308,-0.000154,0.252763,0.074039,-0.241676,0.342447,0.298638,-0.167587,0.436089,-0.019997,0.435631,0.520603,-0.357778,0.378183,0.624879,0.624449,0.023183
210.000000,0.178046,0.177439,-0.014689,0.251989,0.060315,-0.244664,0.342967,0.291830,-0.180171,0.436077,-0.006302,0.436031,0.520311,-0.347201,0.387525,0.625466,0.625385,0.010111
211.000000,0.178290,0.175911,-0.029028,0.251647,0.046218,-0.247366,0.343217,0.284379,-0.192162,0.436080,0.008075,0.436006,0.520864,-0.336937,0.397206,0.626096,0.626089,-0.002933
212.000000,0.179472,0.174137,-0.043433,0.251674,0.032008,-0.249630,0.342803,0.275947,-0.203389,0.436144,0.022283,0.435574,0.521095,-0.326264,0.406314,0.625727,0.625512,-0.016418
213.000000,0.179697,0.170450,-0.056901,0.251494,0.017519,-0.250883,0.342198,0.266806,-0.214276,0.435964,0.035881,0.434485,0.521700,-0.315716,0.415324,0.626617,0.625926,-0.029421
214.000000,0.179622,0.165548,-0.069700,0.250837,0.003884,-0.250807,0.341565,0.257034,-0.224944,0.435821,0.050226,0.432917,0.522304,-0.304920,0.424057,0.626513,0.625034,-0.043023
215.000000,0.179198,0.158997,-0.082653,0.250668,-0.010238,-0.250459,0.340471,0.246804,-0.234538,0.436058,0.064631,0.431242,0.522854,-0.293988,0.432373,0.626619,0.624026,-0.056950
216.000000,0.179424,0.152009,-0.095322,0.250342,-0.022717,-0.249309,0.339962,0.236313,-0.244399,0.436517,0.078648,0.429373,0.524709,-0.283694,0.441403,0.626238,0.622243,-0.070626
217.000000,0.179638,0.144060,-0.107315,0.250773,-0.037906,-0.247892,0.339352,0.225676,-0.253436,0.436789,0.092829,0.426811,0.526230,-0.272878,0.449951,0.626501,0.620837,-0.084051
218.000000,0.179932,0.135597,-0.118275,0.251588,-0.051852,-0.246187,0.339267,0.214399,-0.262936,0.436401,0.107765,0.422886,0.526995,-0.261763,0.457388,0.626839,0.619149,-0.097882
219.000000,0.179402,0.125011,-0.128675,0.252196,-0.066054,-0.243392,0.339382,0.203245,-0.271793,0.436092,0.119858,0.419297,0.527831,-0.250023,0.464859,0.626838,0.616801,-0.111728
220.000000,0.180036,0.114595,-0.138855,0.253395,-0.079516,-0.240595,0.339749,0.192124,-0.280211,0.436374,0.136519,0.414469,0.528214,-0.237683,0.471716,0.626611,0.614018,-0.124988
221.000000,0.180192,0.103552,-0.147465,0.254478,-0.093075,-0.236846,0.340616,0.180455,-0.288887,0.436180,0.146912,0.410694,0.528873,-0.225946,0.478179,0.626367,0.610908,-0.138302
222.000000,0.180751,0.091902,-0.155643,0.255636,-0.106228,-0.232520,0.341003,0.168690,-0.296355,0.435787,0.160155,0.405291,0.529181,-0.213219,0.484324,0.626768,0.608185,-0.151489
223.000000,0.181348,0.079936,-0.162780,0.256022,-0.118645,-0.226871,0.342055,0.156809,-0.303995,0.435410,0.172556,0.399758,0.529424,-0.200655,0.489926,0.626752,0.604695,-0.164808
224.000000,0.182292,0.068015,-0.169129,0.255525,-0.130881,-0.219461,0.342520,0.144240,-0.310668,0.435600,0.186961,0.393437,0.529178,-0.187369,0.494896,0.627163,0.601353,-0.178068
225.000000,0.182423,0.055033,-0.173924,0.255023,-0.142296,-0.211633,0.342327,0.131426,-0.316093,0.435602,0.198301,0.387848,0.528909,-0.174091,0.499437,0.626820,0.596986,-0.191079
226.000000,0.182171,0.041519,-0.177377,0.255247,-0.153604,-0.203855,0.342627,0.118390,-0.321523,0.435181,0.210467,0.380902,0.528775,-0.160863,0.503712,0.627062,0.592961,-0.203972
227.000000,0.182689,0.028296,-0.180484,0.255055,-0.164049,-0.195298,0.342615,0.105153,-0.326079,0.435328,0.222720,0.374040,0.529382,-0.147877,0.508309,0.626828,0.588224,-0.216576
228.000000,0.182913,0.013984,-0.182378,0.255640,-0.175066,-0.186289,0.342330,0.091660,-0.329830,0.434865,0.233978,0.366554,0.529680,-0.134477,0.512324,0.626866,0.583421,-0.229306
229.000000,0.183373,-0.000221,-0.183373,0.255112,-0.184254,-0.176444,0.342316,0.078113,-0.333285,0.434209,0.245622,0.358060,0.529968,-0.120713,0.516037,0.626762,0.578197,-0.241907
230.000000,0.182882,-0.014556,-0.182302,0.254691,-0.192958,-0.166236,0.342278,0.064390,-0.336167,0.432805,0.255995,0.348979,0.529641,-0.106756,0.518771,0.626718,0.572845,-0.254212
231.000000,0.182809,-0.027897,-0.180668,0.254543,-0.201197,-0.155923,0.342001,0.049922,-0.338338,0.432220,0.266862,0.339998,0.530229,-0.094651,0.521712,0.626164,0.566505,-0.266745
232.000000,0.182614,-0.042129,-0.177688,0.253985,-0.208816,-0.144582,0.341723,0.035570,-0.339867,0.431492,0.277266,0.330618,0.530223,-0.079748,0.524192,0.626552,0.560802,-0.279408
233.000000,0.182340,-0.055679,-0.173631,0.253881,-0.216462,-0.132664,0.342195,0.021500,-0.341519,0.431477,0.288142,0.321165,0.530773,-0.066565,0.526583,0.626027,0.554068,-0.291407
234.000000,0.182074,-0.069009,-0.168489,0.254015,-0.223292,-0.121097,0.341996,0.007327,-0.341918,0.431422,0.298402,0.311579,0.530677,-0.053872,0.527936,0.625771,0.547534,-0.302977
235.000000,0.181722,-0.081648,-0.162347,0.253237,-0.228677,-0.108793,0.342120,-0.006946,-0.342050,0.432105,0.308942,0.302109,0.530105,-0.039142,0.528658,0.625780,0.540570,-0.315255
236.000000,0.181570,-0.093987,-0.155351,0.252982,-0.233888,-0.096417,0.342575,-0.020638,-0.341953,0.432382,0.319086,0.291784,0.530010,-0.024807,0.529429,0.625723,0.533450,-0.327048
237.000000,0.181392,-0.105458,-0.147587,0.252268,-0.238104,-0.083342,0.342976,-0.034659,-0.341220,0.432869,0.328705,0.281654,0.530367,-0.010604,0.530261,0.625605,0.525820,-0.338961
238.000000,0.180857,-0.116157,-0.138625,0.252190,-0.242075,-0.070708,0.342723,-0.048522,-0.339271,0.432919,0.337776,0.270788,0.530005,0.003557,0.529993,0.625327,0.518295,-0.349863
239.000000,0.181102,-0.125180,-0.130873,0.251771,-0.244721,-0.059163,0.342894,-0.062623,-0.337127,0.433499,0.346746,0.260171,0.529559,0.015986,0.529318,0.625245,0.510449,-0.361073
240.000000,0.180741,-0.135482,-0.119633,0.251716,-0.247751,-0.044499,0.342287,-0.076145,-0.333710,0.433745,0.355268,0.248836,0.529088,0.030243,0.528223,0.624833,0.502164,-0.371817
241.000000,0.181253,-0.144716,-0.109133,0.252166,-0.250216,-0.031294,0.341807,-0.089714,-0.329823,0.433998,0.363413,0.237246,0.528603,0.045685,0.526625,0.624833,0.493834,-0.382812
242.000000,0.181149,-0.152654,-0.097527,0.252285,-0.251620,-0.018301,0.341418,-0.103251,-0.325431,0.434125,0.370896,0.225611,0.528713,0.057989,0.525523,0.625021,0.485405,-0.393743
243.000000,0.181221,-0.159891,-0.085299,0.252324,-0.252265,-0.005479,0.340763,-0.116123,-0.320367,0.434921,0.378678,0.213913,0.528666,0.072246,0.523706,0.625315,0.476824,-0.404546
244.000000,0.181274,-0.166156,-0.072476,0.252952,-0.252830,0.007856,0.340395,-0.129218,-0.314915,0.435332,0.385602,0.202052,0.528828,0.086915,0.521637,0.625624,0.467916,-0.415283
245.000000,0.181309,-0.171287,-0.059446,0.252457,-0.251730,0.019137,0.340074,-0.141308,-0.309326,0.436242,0.392656,0.190074,0.529107,0.099675,0.519634,0.626001,0.458750,-0.425941
246.000000,0.180857,-0.174927,-0.045932,0.252034,-0.249921,0.032566,0.340565,-0.153856,-0.303831,0.436856,0.398950,0.177994,0.529515,0.114484,0.516991,0.626106,0.449589,-0.435751
247.000000,0.179826,-0.177077,-0.031326,0.252075,-0.247913,0.045616,0.341049,-0.166233,-0.297794,0.437841,0.405203,0.165879,0.529901,0.128468,0.514093,0.626301,0.439807,-0.445895
248.000000,0.179574,-0.178766,-0.017019,0.251966,-0.245311,0.057527,0.341765,-0.178143,-0.291665,0.438539,0.410874,0.153295,0.530230,0.140947,0.511154,0.625847,0.430026,-0.454711
249.000000,0.179553,-0.179531,-0.002755,0.251479,-0.241222,0.071090,0.342319,-0.190754,-0.284245,0.438797,0.415834,0.140089,0.530729,0.154614,0.507708,0.625821,0.419845,-0.464093
250.000000,0.179353,-0.179013,0.011053,0.250863,-0.236299,0.084232,0.343047,-0.201495,-0.277635,0.438871,0.420138,0.126854,0.531180,0.169763,0.503322,0.626057,0.410178,-0.472971
251.000000,0.179233,-0.177522,0.024707,0.251133,-0.231311,0.097792,0.343827,-0.213010,-0.269896,0.439474,0.424491,0.113775,0.531662,0.181721,0.499641,0.626202,0.399834,-0.481935
252.000000,0.179413,-0.175084,0.039177,0.250646,-0.224647,0.111163,0.344353,-0.223959,-0.261574,0.439548,0.427993,0.100122,0.532223,0.194594,0.495373,0.626696,0.390099,-0.490480
253.000000,0.178931,-0.171031,0.052580,0.249994,-0.217467,0.123310,0.344697,-0.235323,-0.251871,0.439470,0.430897,0.086383,0.533372,0.209475,0.490516,0.627312,0.379838,-0.499243
254.000000,0.178233,-0.165670,0.065730,0.249886,-0.209852,0.135665,0.344883,-0.245609,-0.242117,0.439340,0.433280,0.072716,0.533668,0.220398,0.486031,0.627241,0.368758,-0.507394
255.000000,0.177832,-0.159428,0.078784,0.249751,-0.202393,0.146331,0.345741,-0.255606,-0.232814,0.438810,0.434787,0.059283,0.534021,0.233492,0.480270,0.627844,0.357921,-0.515830
256.000000,0.177778,-0.152404,0.091532,0.250308,-0.192910,0.159497,0.346417,-0.264797,-0.223355,0.438977,0.436624,0.045392,0.534483,0.246107,0.474450,0.628731,0.347529,-0.523953
257.000000,0.177551,-0.144346,0.103386,0.250239,-0.184291,0.169282,0.347292,-0.274125,-0.213230,0.439045,0.437936,0.031191,0.534980,0.258622,0.468314,0.628800,0.335811,-0.531620
258.000000,0.177707,-0.136576,0.113696,0.250252,-0.173824,0.180031,0.347715,-0.282436,-0.202819,0.439251,0.438917,0.017115,0.534876,0.270793,0.461262,0.629379,0.324479,-0.539288
259.000000,0.177324,-0.125405,0.125368,0.250441,-0.163285,0.189892,0.347951,-0.290507,-0.191510,0.439476,0.439466,0.002987,0.534542,0.282768,0.453627,0.629722,0.312925,-0.546468
260.000000,0.177358,-0.114830,0.135167,0.250734,-0.153707,0.198095,0.347451,-0.297335,-0.179761,0.439736,0.439608,-0.010610,0.534831,0.294768,0.446269,0.630332,0.301619,-0.553484
261.000000,0.177488,-0.103808,0.143964,0.250691,-0.142755,0.206075,0.347178,-0.304441,-0.166877,0.440256,0.439534,-0.025213,0.534392,0.305747,0.438285,0.630174,0.289772,-0.559599
262.000000,0.177577,-0.091796,0.152011,0.250901,-0.129481,0.214910,0.346909,-0.310718,-0.154272,0.439856,0.438153,-0.038671,0.534624,0.317750,0.429951,0.630619,0.278124,-0.565974
263.000000,0.178239,-0.079892,0.159331,0.250431,-0.118448,0.220648,0.346081,-0.315695,-0.141805,0.439703,0.436566,-0.052432,0.534755,0.328008,0.422343,0.630847,0.265906,-0.572068
264.000000,0.178609,-0.068550,0.164930,0.249644,-0.105269,0.226364,0.345211,-0.320272,-0.128828,0.439613,0.434535,-0.066628,0.535004,0.339281,0.413664,0.631328,0.253734,-0.578095
265.000000,0.179314,-0.054200,0.170926,0.249409,-0.090491,0.232414,0.344095,-0.324169,-0.115394,0.439735,0.432334,-0.080336,0.534442,0.350422,0.403525,0.631493,0.241170,-0.583627
266.000000,0.179705,-0.042223,0.174675,0.249843,-0.076786,0.237751,0.343597,-0.327961,-0.102473,0.439676,0.429412,-0.094449,0.534809,0.360222,0.395299,0.631448,0.228400,-0.588693
267.000000,0.179672,-0.028374,0.177417,0.250223,-0.064718,0.241708,0.342603,-0.330875,-0.088873,0.439766,0.426348,-0.107803,0.534722,0.370281,0.385771,0.631608,0.216428,-0.593370
268.000000,0.179158,-0.013028,0.178684,0.250742,-0.049611,0.245785,0.342398,-0.333989,-0.075416,0.440350,0.423066,-0.122161,0.534896,0.380476,0.375968,0.631140,0.203101,-0.597568
269.000000,0.179457,0.001194,0.179453,0.250773,-0.036653,0.248080,0.341946,-0.336351,-0.061604,0.440289,0.419049,-0.135100,0.534452,0.389412,0.366056,0.631038,0.190212,-0.601688
270.000000,0.179720,0.014371,0.179145,0.250562,-0.022335,0.249564,0.341126,-0.337797,-0.047541,0.440305,0.414439,-0.148691,0.534485,0.398764,0.355896,0.631049,0.177313,-0.605626
271.000000,0.179064,0.029636,0.176595,0.250873,-0.006627,0.250786,0.340864,-0.339176,-0.033880,0.441154,0.410290,-0.162110,0.534153,0.407475,0.345375,0.630945,0.163834,-0.609303
272.000000,0.178350,0.043147,0.173053,0.251510,0.006228,0.251433,0.340470,-0.339882,-0.020008,0.441402,0.405160,-0.175160,0.534175,0.416407,0.334585,0.630797,0.150446,-0.612594
273.000000,0.178569,0.055604,0.169691,0.252422,0.020128,0.251619,0.340611,-0.340552,-0.006340,0.441945,0.400028,-0.187866,0.534279,0.425038,0.323723,0.631057,0.136907,-0.616027
274.000000,0.177832,0.069534,0.163674,0.253184,0.035006,0.250753,0.340772,-0.340688,0.007554,0.442531,0.394456,-0.200595,0.534173,0.433161,0.312590,0.630828,0.123573,-0.618607
275.000000,0.178323,0.082369,0.158160,0.253841,0.047071,0.249439,0.341345,-0.340699,0.020995,0.443428,0.388768,-0.213278,0.533879,0.440812,0.301184,0.631120,0.110486,-0.621373
276.000000,0.177851,0.093336,0.151392,0.254395,0.060899,0.246998,0.341675,-0.339879,0.034982,0.443830,0.382309,-0.225443,0.533856,0.448482,0.289597,0.631408,0.096665,-0.623965
277.000000,0.177419,0.104573,0.143325,0.255121,0.074684,0.243945,0.341888,-0.338479,0.048166,0.444169,0.375380,-0.237436,0.533622,0.455577,0.277852,0.631812,0.083725,-0.626240
278.000000,0.177338,0.116104,0.134047,0.255201,0.088231,0.239464,0.342395,-0.336763,0.061850,0.444523,0.368028,-0.249311,0.532752,0.461835,0.265580,0.631426,0.069990,-0.627535
279.000000,0.177634,0.126744,0.124458,0.255399,0.101324,0.234440,0.343309,-0.334864,0.075679,0.445032,0.360673,-0.260708,0.532250,0.468115,0.253296,0.631647,0.055967,-0.629163
280.000000,0.177219,0.136383,0.113164,0.255884,0.115832,0.228165,0.343168,-0.331427,0.088997,0.445523,0.352909,-0.271931,0.531904,0.474191,0.240968,0.631671,0.041855,-0.630283
281.000000,0.176661,0.145292,0.100496,0.256485,0.127123,0.222765,0.343256,-0.327629,0.102393,0.446320,0.345000,-0.283156,0.531444,0.479754,0.228623,0.631229,0.027901,-0.630613
282.000000,0.176974,0.152831,0.089231,0.256397,0.139068,0.215406,0.342719,-0.322811,0.115106,0.446649,0.336852,-0.293302,0.530799,0.485148,0.215358,0.631617,0.014510,-0.631450
283.000000,0.177428,0.160561,0.075504,0.256807,0.152009,0.206986,0.342926,-0.318140,0.128005,0.446477,0.327492,-0.303465,0.530649,0.490454,0.202591,0.631642,0.000589,-0.631641
284.000000,0.177289,0.165438,0.063731,0.256850,0.161752,0.199521,0.342801,-0.312679,0.140515,0.446254,0.317465,-0.313623,0.530834,0.495810,0.189624,0.632331,-0.012554,-0.632206
285.000000,0.176518,0.169262,0.050091,0.256976,0.172964,0.190054,0.342412,-0.306646,0.152362,0.446003,0.307513,-0.323040,0.530581,0.500297,0.176688,0.632206,-0.026655,-0.631644
286.000000,0.176288,0.172851,0.034638,0.257301,0.183237,0.180632,0.341969,-0.300855,0.162568,0.445344,0.296763,-0.332058,0.531012,0.505226,0.163464,0.632511,-0.039349,-0.631286
287.000000,0.176199,0.174763,0.022448,0.257260,0.192869,0.170248,0.341760,-0.293857,0.174494,0.445283,0.286084,-0.341224,0.531016,0.509199,0.150647,0.633363,-0.053289,-0.631118
288.000000,0.176127,0.175941,0.008088,0.256952,0.201460,0.159493,0.341712,-0.286015,0.186982,0.445198,0.274955,-0.350143,0.530534,0.512417,0.137458,0.634132,-0.067129,-0.630568
289.000000,0.176263,0.176066,-0.008324,0.256666,0.209605,0.148131,0.342155,-0.278130,0.199284,0.445333,0.264078,-0.358586,0.530478,0.515749,0.124134,0.634839,-0.080459,-0.629720
290.000000,0.176102,0.174848,-0.020985,0.256246,0.217315,0.135781,0.341554,-0.269404,0.209953,0.445034,0.252741,-0.366303,0.530023,0.518338,0.110683,0.635394,-0.094066,-0.628393
291.000000,0.177023,0.173408,-0.035594,0.255995,0.224264,0.123446,0.341339,-0.260145,0.220991,0.444846,0.241075,-0.373860,0.529730,0.520780,0.096963,0.636527,-0.106991,-0.627470
292.000000,0.177578,0.170544,-0.049483,0.256170,0.231018,0.110695,0.340869,-0.250482,0.231193,0.444380,0.229281,-0.380662,0.529318,0.522769,0.083002,0.636995,-0.120098,-0.625571
293.000000,0.177465,0.166063,-0.062587,0.256192,0.236933,0.097454,0.340841,-0.240658,0.241364,0.443758,0.217168,-0.386987,0.529443,0.524897,0.069236,0.637794,-0.132227,-0.623937
294.000000,0.177157,0.160145,-0.075751,0.255960,0.241699,0.084245,0.340026,-0.230119,0.250326,0.443340,0.204529,-0.393342,0.529495,0.526580,0.055482,0.639148,-0.144122,-0.622687
295.000000,0.177010,0.153465,-0.088210,0.255939,0.245922,0.070900,0.339814,-0.219386,0.259505,0.443120,0.191431,-0.399637,0.530133,0.528497,0.041605,0.639484,-0.153750,-0.620726
296.000000,0.177442,0.146525,-0.100080,0.256076,0.249534,0.057513,0.339449,-0.208164,0.268130,0.442849,0.178507,-0.405278,0.529828,0.529086,0.028019,0.640113,-0.165870,-0.618249
297.000000,0.177491,0.137883,-0.111764,0.256762,0.253017,0.043693,0.339552,-0.196889,0.276641,0.442384,0.165303,-0.410340,0.530219,0.530039,0.013816,0.640215,-0.178776,-0.614748
298.000000,0.176471,0.126730,-0.122806,0.257018,0.255311,0.029571,0.340412,-0.185571,0.285383,0.441978,0.151955,-0.415035,0.530282,0.530282,-0.000337,0.640722,-0.190910,-0.611619
299.000000,0.176090,0.117284,-0.131348,0.257595,0.257142,0.015273,0.340836,-0.173646,0.293285,0.441803,0.138609,-0.419497,0.530485,0.530293,-0.014261,0.641234,-0.203587,-0.608057
300.000000,0.176029,0.105864,-0.140637,0.258262,0.258260,0.001028,0.341880,-0.161951,0.301088,0.440956,0.125316,-0.422774,0.530586,0.529819,-0.028510,0.642124,-0.216920,-0.604376
301.000000,0.175996,0.094218,-0.148652,0.258326,0.257925,-0.014385,0.342426,-0.149609,0.308014,0.440204,0.111767,-0.425779,0.530337,0.528630,-0.042509,0.642996,-0.229408,-0.600680
302.000000,0.175998,0.081926,-0.155767,0.258118,0.256693,-0.027087,0.343103,-0.137204,0.314475,0.439533,0.098404,-0.428376,0.530328,0.527335,-0.056261,0.643122,-0.242413,-0.595686
303.000000,0.176587,0.069429,-0.162366,0.258354,0.254962,-0.041729,0.342686,-0.124141,0.319410,0.439182,0.084641,-0.430948,0.530323,0.525631,-0.070388,0.642741,-0.255073,-0.589961
304.000000,0.177285,0.056940,-0.167892,0.258251,0.252257,-0.055313,0.342402,-0.111164,0.323854,0.438796,0.070758,-0.433054,0.530074,0.523401,-0.083843,0.642141,-0.267635,-0.583709
305.000000,0.177787,0.043849,-0.172295,0.258114,0.248673,-0.069172,0.341803,-0.097052,0.327735,0.438642,0.056862,-0.434941,0.529697,0.520628,-0.097595,0.640707,-0.279538,-0.576510
306.000000,0.178366,0.030707,-0.175703,0.258852,0.245145,-0.083118,0.341603,-0.083484,0.331245,0.438898,0.042963,-0.436790,0.529224,0.517425,-0.111129,0.640420,-0.291819,-0.570069
307.000000,0.178350,0.016910,-0.177547,0.258130,0.239457,-0.096393,0.341395,-0.069674,0.334210,0.438817,0.028581,-0.437885,0.528918,0.514073,-0.124433,0.640114,-0.303742,-0.563460
308.000000,0.178193,0.003079,-0.178166,0.257943,0.233457,-0.109692,0.341426,-0.055446,0.336894,0.438308,0.014194,-0.438078,0.528195,0.509999,-0.137443,0.639556,-0.316031,-0.556018
309.000000,0.178000,-0.011717,-0.177614,0.257166,0.226115,-0.122500,0.341214,-0.041160,0.338722,0.437727,0.000165,-0.437727,0.527909,0.505920,-0.150773,0.639139,-0.328135,-0.548476
310.000000,0.177975,-0.025622,-0.176121,0.257229,0.219145,-0.134692,0.341111,-0.027251,0.340020,0.437506,-0.014141,-0.437277,0.527616,0.501388,-0.164284,0.639063,-0.339972,-0.541129
311.000000,0.178013,-0.039679,-0.173534,0.256716,0.211241,-0.145878,0.341244,-0.013570,0.340974,0.437679,-0.028205,-0.436769,0.527508,0.496680,-0.177688,0.639327,-0.351993,-0.533704
312.000000,0.177555,-0.053477,-0.169310,0.256465,0.202632,-0.157209,0.341309,0.000974,0.341308,0.437829,-0.041977,-0.435812,0.527401,0.491637,-0.190905,0.639197,-0.363086,-0.526061
313.000000,0.177447,-0.066560,-0.164491,0.256478,0.192804,-0.169137,0.341504,0.015262,0.341163,0.438063,-0.056214,-0.434441,0.527985,0.487053,-0.203831,0.639832,-0.375328,-0.518183
314.000000,0.177157,-0.079492,-0.158322,0.256258,0.183983,-0.178378,0.341751,0.029262,0.340496,0.438321,-0.070402,-0.432630,0.528178,0.481743,-0.216555,0.640222,-0.386557,-0.510351
315.000000,0.176826,-0.090883,-0.151682,0.256311,0.173969,-0.188228,0.341451,0.043532,0.338664,0.438037,-0.084471,-0.429815,0.528064,0.475701,-0.229260,0.640800,-0.397990,-0.502224
316.000000,0.176763,-0.102679,-0.143883,0.255695,0.162726,-0.197232,0.341139,0.057831,0.336202,0.438121,-0.098876,-0.426818,0.527931,0.469380,-0.241648,0.640916,-0.409110,-0.493357
317.000000,0.176947,-0.113515,-0.135737,0.254930,0.150984,-0.205410,0.341057,0.071667,0.333442,0.438129,-0.112074,-0.423552,0.528693,0.463270,-0.254750,0.641497,-0.419717,-0.485135
318.000000,0.177241,-0.123087,-0.127531,0.254673,0.139043,-0.213367,0.340801,0.085374,0.329935,0.437786,-0.126135,-0.419221,0.528986,0.456795,-0.266767,0.642369,-0.430649,-0.476634
319.000000,0.177130,-0.132804,-0.117209,0.254938,0.126999,-0.221053,0.340558,0.099122,0.325813,0.438117,-0.139492,-0.415317,0.529661,0.450013,-0.279338,0.643094,-0.441252,-0.467832
320.000000,0.177581,-0.141970,-0.106676,0.255160,0.114399,-0.228078,0.340278,0.112564,0.321121,0.438148,-0.152698,-0.410679,0.530214,0.443171,-0.291078,0.642987,-0.450661,-0.458624
321.000000,0.177716,-0.150314,-0.094808,0.255552,0.101528,-0.234519,0.339930,0.126198,0.315637,0.438168,-0.165658,-0.405646,0.530866,0.436300,-0.302425,0.643448,-0.460707,-0.449192
322.000000,0.177617,-0.157237,-0.082610,0.255394,0.088476,-0.239579,0.340209,0.139374,0.310350,0.438833,-0.178861,-0.400729,0.531568,0.428793,-0.314167,0.644254,-0.470962,-0.439610
323.000000,0.177405,-0.163144,-0.069689,0.255544,0.075466,-0.244147,0.340477,0.152514,0.304407,0.438892,-0.191545,-0.394889,0.532355,0.421125,-0.325661,0.644414,-0.480198,-0.429743
324.000000,0.176987,-0.167875,-0.056058,0.255072,0.061511,-0.247544,0.341680,0.165501,0.298922,0.438816,-0.204329,-0.388341,0.533296,0.413470,-0.336818,0.643826,-0.488374,-0.419527
325.000000,0.176713,-0.171631,-0.042076,0.255160,0.047819,-0.250639,0.342573,0.178202,0.292576,0.438394,-0.216070,-0.381448,0.534301,0.405473,-0.347951,0.644096,-0.497862,-0.408648
326.000000,0.176479,-0.174322,-0.027503,0.255005,0.033827,-0.252751,0.344172,0.191059,0.286270,0.438194,-0.228569,-0.373858,0.535059,0.396915,-0.358812,0.644354,-0.506403,-0.398433
327.000000,0.176920,-0.176440,-0.013021,0.254752,0.019297,-0.254020,0.344393,0.202623,0.278479,0.437660,-0.239894,-0.366056,0.535377,0.387543,-0.369376,0.644104,-0.514164,-0.387949
328.000000,0.176928,-0.176927,0.000547,0.254492,0.005212,-0.254439,0.345432,0.214518,0.270749,0.437200,-0.251176,-0.357847,0.535741,0.378061,-0.379590,0.643266,-0.521676,-0.376359
329.000000,0.177236,-0.176569,0.015357,0.254916,-0.008791,-0.254764,0.345844,0.225531,0.262190,0.437419,-0.262501,-0.349898,0.536053,0.368470,-0.389337,0.642948,-0.529662,-0.364473
330.000000,0.177519,-0.175135,0.028995,0.254391,-0.024518,-0.253207,0.346157,0.236153,0.253094,0.437244,-0.273629,-0.341042,0.536802,0.358720,-0.399345,0.642077,-0.536366,-0.352949
331.000000,0.177703,-0.172320,0.043408,0.254378,-0.036865,-0.251692,0.346315,0.246337,0.243417,0.436627,-0.284389,-0.331311,0.537467,0.348624,-0.409063,0.641613,-0.543350,-0.341230
332.000000,0.178127,-0.168728,0.057097,0.254283,-0.050809,-0.249155,0.346264,0.255981,0.233179,0.435899,-0.294614,-0.321264,0.538447,0.338574,-0.418679,0.641059,-0.549703,-0.329823
333.000000,0.178435,-0.164007,0.070290,0.254768,-0.065056,-0.246322,0.346575,0.265232,0.223084,0.435703,-0.304715,-0.311426,0.538824,0.328182,-0.427350,0.640401,-0.556065,-0.317654
334.000000,0.179454,-0.158853,0.083483,0.255035,-0.078540,-0.242640,0.346487,0.274160,0.211871,0.435833,-0.314714,-0.301506,0.539717,0.317404,-0.436520,0.639880,-0.562374,-0.305257
335.000000,0.180292,-0.152539,0.096111,0.255810,-0.091902,-0.238732,0.346392,0.282655,0.200235,0.435407,-0.324128,-0.290723,0.540196,0.306549,-0.444791,0.639354,-0.568120,-0.293281
336.000000,0.180807,-0.145156,0.107801,0.255997,-0.105037,-0.233456,0.346478,0.290545,0.188761,0.435552,-0.333102,-0.280622,0.541683,0.296220,-0.453512,0.639540,-0.574393,-0.281220
337.000000,0.181061,-0.136966,0.118422,0.256274,-0.118019,-0.227481,0.346461,0.297864,0.176953,0.435383,-0.341765,-0.269732,0.542382,0.285139,-0.461383,0.639707,-0.580171,-0.269492
338.000000,0.182208,-0.128387,0.129293,0.256525,-0.129566,-0.221399,0.346264,0.304615,0.164647,0.435203,-0.350012,-0.258638,0.543517,0.274226,-0.469266,0.640094,-0.586194,-0.257093
339.000000,0.182878,-0.119097,0.138781,0.256618,-0.141472,-0.214099,0.346007,0.310911,0.151838,0.435157,-0.357886,-0.247546,0.543586,0.261760,-0.476411,0.640260,-0.591482,-0.245115
340.000000,0.184129,-0.109427,0.148085,0.256822,-0.153047,-0.206238,0.345682,0.316590,0.138805,0.434860,-0.365393,-0.235778,0.543928,0.249450,-0.483356,0.640489,-0.596731,-0.232676
341.000000,0.185077,-0.099310,0.156176,0.256928,-0.164199,-0.197612,0.345576,0.321762,0.126063,0.435102,-0.372902,-0.224183,0.543647,0.236912,-0.489310,0.640731,-0.601682,-0.220261
342.000000,0.186328,-0.088919,0.163742,0.256625,-0.174493,-0.188172,0.344821,0.325937,0.112547,0.435127,-0.380052,-0.211886,0.543852,0.224449,-0.495377,0.640745,-0.606132,-0.207745
343.000000,0.187516,-0.079868,0.169656,0.256601,-0.183755,-0.179103,0.344105,0.329517,0.099129,0.435013,-0.386664,-0.199318,0.543973,0.212266,-0.500850,0.641125,-0.610766,-0.194951
344.000000,0.187435,-0.069301,0.174153,0.256313,-0.192462,-0.169277,0.343353,0.332460,0.085801,0.434782,-0.392624,-0.186766,0.544752,0.199702,-0.506827,0.640566,-0.614350,-0.181380
345.000000,0.187205,-0.056062,0.178614,0.256654,-0.201991,-0.158338,0.342746,0.335100,0.071992,0.434509,-0.398193,-0.173899,0.545170,0.186842,-0.512153,0.640315,-0.617389,-0.169804
346.000000,0.187108,-0.041794,0.182381,0.256116,-0.210249,-0.146257,0.342323,0.337310,0.058370,0.434635,-0.403419,-0.161744,0.545532,0.173820,-0.517100,0.640219,-0.621113,-0.155236
347.000000,0.187102,-0.027380,0.185088,0.256030,-0.216808,-0.136183,0.341827,0.338959,0.044188,0.434654,-0.408378,-0.148832,0.546035,0.161224,-0.521691,0.640001,-0.623973,-0.142332
348.000000,0.187048,-0.012973,0.186597,0.255256,-0.222422,-0.125237,0.341836,0.340527,0.029887,0.434134,-0.412483,-0.135390,0.546916,0.148548,-0.526357,0.640113,-0.626906,-0.129361
349.000000,0.187737,0.001272,0.187732,0.254859,-0.228181,-0.113519,0.342041,0.341658,0.016174,0.433519,-0.416015,-0.121942,0.547590,0.135332,-0.530603,0.639403,-0.628798,-0.115973
350.000000,0.186512,0.015838,0.185839,0.254218,-0.233356,-0.100858,0.342377,0.342372,0.001804,0.432574,-0.418857,-0.108068,0.548232,0.122609,-0.534345,0.639493,-0.631197,-0.102668
351.000000,0.186320,0.029809,0.183920,0.253041,-0.236993,-0.088680,0.342757,0.342529,-0.012497,0.432401,-0.421969,-0.094407,0.548597,0.109271,-0.537604,0.638762,-0.632392,-0.089980
352.000000,0.185758,0.043833,0.180513,0.252593,-0.241001,-0.075640,0.343344,0.342309,-0.026641,0.432484,-0.424889,-0.080694,0.549530,0.096221,-0.541041,0.638385,-0.633666,-0.077484
353.000000,0.185386,0.057802,0.176144,0.251926,-0.244074,-0.062403,0.344322,0.341952,-0.040336,0.432964,-0.427718,-0.067194,0.549940,0.082945,-0.543649,0.637484,-0.634093,-0.065662
354.000000,0.185328,0.070547,0.171375,0.251423,-0.246533,-0.049348,0.345039,0.340784,-0.054018,0.432799,-0.429467,-0.053603,0.549809,0.070182,-0.545311,0.636965,-0.634859,-0.051754
355.000000,0.184938,0.083094,0.165219,0.251568,-0.249068,-0.035375,0.345759,0.339097,-0.067550,0.433128,-0.431327,-0.039462,0.550033,0.056732,-0.547099,0.636788,-0.635594,-0.038970
356.000000,0.184634,0.095715,0.157887,0.251538,-0.250571,-0.022032,0.346166,0.336515,-0.081171,0.433171,-0.432398,-0.025870,0.550334,0.042970,-0.548654,0.636137,-0.635597,-0.026220
357.000000,0.184496,0.108037,0.149555,0.251674,-0.251521,-0.008779,0.346570,0.333376,-0.094716,0.433335,-0.433176,-0.011717,0.550002,0.029037,-0.549235,0.635626,-0.635503,-0.012516
358.000000,0.184287,0.118992,0.140722,0.251764,-0.251716,0.004909,0.346337,0.329108,-0.107873,0.433357,-0.433349,0.002579,0.549565,0.015260,-0.549353,0.634813,-0.634813,0.000223
359.000000,0.184649,0.129946,0.131184,0.251510,-0.250891,0.017626,0.347014,0.325071,-0.121439,0.433321,-0.433009,0.016429,0.548932,0.000626,-0.548931,0.634486,-0.634332,0.014011
360.000000,0.185341,0.140395,0.120997,0.251466,-0.249521,0.031213,0.347229,0.320060,-0.134647,0.433162,-0.432065,0.030810,0.549055,-0.012214,-0.548919,0.633933,-0.633335,0.027526
361.000000,0.185947,0.149668,0.110344,0.252051,-0.248050,0.044734,0.347218,0.314371,-0.147415,0.433190,-0.430874,0.044733,0.548659,-0.025683,-0.548057,0.633414,-0.632052,0.041514
362.000000,0.185796,0.157783,0.098106,0.251697,-0.245018,0.057599,0.346785,0.307620,-0.160091,0.433525,-0.429519,0.058797,0.548610,-0.039744,-0.547168,0.633380,-0.631099,0.053703
363.000000,0.185612,0.164936,0.085134,0.251682,-0.241643,0.070372,0.346783,0.300837,-0.172497,0.433596,-0.427486,0.072537,0.548092,-0.053171,-0.545507,0.633319,-0.629765,0.067004
364.000000,0.185143,0.170533,0.072087,0.251271,-0.236693,0.084342,0.346593,0.293219,-0.184795,0.434050,-0.425340,0.086522,0.547355,-0.066752,-0.543270,0.633218,-0.627895,0.081931
365.000000,0.184828,0.175452,0.058121,0.251242,-0.231591,0.097405,0.347000,0.285906,-0.196639,0.434352,-0.422699,0.099935,0.546730,-0.080070,-0.540834,0.632750,-0.625527,0.095332
366.000000,0.184698,0.179423,0.043829,0.250485,-0.225108,0.109859,0.346243,0.277122,-0.207575,0.433766,-0.418817,0.112894,0.546024,-0.093580,-0.537945,0.632820,-0.623456,0.108461
367.000000,0.184303,0.181869,0.029858,0.250050,-0.217966,0.122540,0.346024,0.268251,-0.218573,0.434095,-0.415304,0.126338,0.545537,-0.106467,-0.535047,0.632921,-0.621163,0.121427
368.000000,0.184113,0.183481,0.015242,0.249317,-0.209830,0.134649,0.345651,0.258550,-0.229405,0.433710,-0.410615,0.139643,0.544797,-0.119270,-0.531581,0.632745,-0.618249,0.134666
369.000000,0.184077,0.184075,0.000730,0.248619,-0.201377,0.145804,0.345808,0.249050,-0.239911,0.432939,-0.405184,0.152520,0.545024,-0.132405,-0.528696,0.633013,-0.615799,0.146619
370.000000,0.183782,0.183256,-0.013889,0.248708,-0.192395,0.157607,0.344854,0.238362,-0.249214,0.432716,-0.399842,0.165437,0.544898,-0.144839,-0.525295,0.632749,-0.611947,0.160912
371.000000,0.183392,0.181181,-0.028390,0.248453,-0.182983,0.168065,0.344158,0.227751,-0.258019,0.432484,-0.394095,0.178135,0.544905,-0.158139,-0.521454,0.633240,-0.609120,0.173105
372.000000,0.183112,0.178185,-0.042191,0.249102,-0.173563,0.178683,0.343265,0.216871,-0.266078,0.432552,-0.388308,0.190572,0.545350,-0.170993,-0.517849,0.633151,-0.604714,0.187619
373.000000,0.182829,0.174145,-0.055676,0.248942,-0.162856,0.188282,0.342515,0.205116,-0.274306,0.432505,-0.381863,0.203079,0.544058,-0.183714,-0.512102,0.632792,-0.600123,0.200695
374.000000,0.182855,0.169148,-0.069461,0.248913,-0.151983,0.197126,0.341726,0.193723,-0.281511,0.432101,-0.374688,0.215221,0.543780,-0.196027,-0.507218,0.632466,-0.595553,0.212907
375.000000,0.182914,0.163030,-0.082940,0.248773,-0.140516,0.205288,0.341674,0.181593,-0.289422,0.432698,-0.368071,0.227489,0.543344,-0.208893,-0.501584,0.632131,-0.590994,0.224312
376.000000,0.183436,0.156460,-0.095756,0.249066,-0.130415,0.212192,0.341709,0.169647,-0.296623,0.432790,-0.360821,0.238989,0.543193,-0.220833,-0.496278,0.632489,-0.585776,0.238557
377.000000,0.183493,0.148584,-0.107669,0.249249,-0.119192,0.218903,0.341739,0.156860,-0.303612,0.433109,-0.352999,0.250948,0.542709,-0.233492,-0.489913,0.632616,-0.581217,0.249780
378.000000,0.183409,0.139580,-0.118980,0.249247,-0.105973,0.225597,0.342167,0.143932,-0.310422,0.433836,-0.345182,0.262798,0.542362,-0.245920,-0.483405,0.632388,-0.575097,0.263016
379.000000,0.182622,0.129301,-0.128966,0.250107,-0.092494,0.232376,0.342376,0.131392,-0.316160,0.434099,-0.337123,0.273477,0.542305,-0.258459,-0.476753,0.632421,-0.569935,0.274098
380.000000,0.182174,0.118753,-0.138150,0.250443,-0.079627,0.237447,0.343450,0.118757,-0.322265,0.434883,-0.328706,0.284738,0.541762,-0.269982,-0.469698,0.631898,-0.562882,0.287156
381.000000,0.181694,0.107231,-0.146678,0.250782,-0.066113,0.241910,0.343152,0.105303,-0.326595,0.435311,-0.319749,0.295392,0.541248,-0.281599,-0.462224,0.631333,-0.556337,0.298447
382.000000,0.181323,0.095103,-0.154380,0.251189,-0.053057,0.245522,0.343272,0.092235,-0.330648,0.435688,-0.310663,0.305470,0.540736,-0.292999,-0.454475,0.630973,-0.549430,0.310247
383.000000,0.181417,0.082589,-0.161527,0.251162,-0.039128,0.248095,0.343335,0.078447,-0.334253,0.435920,-0.300906,0.315407,0.540217,-0.304244,-0.446396,0.630504,-0.542826,0.320742
384.000000,0.181853,0.069935,-0.167868,0.251193,-0.024430,0.250002,0.343362,0.064483,-0.337253,0.436577,-0.292357,0.324233,0.539937,-0.315553,-0.438131,0.629989,-0.535296,0.332180
385.000000,0.182275,0.056711,-0.173228,0.251279,-0.010068,0.251078,0.343261,0.050497,-0.339526,0.436023,-0.280896,0.333487,0.539417,-0.326509,-0.429374,0.629616,-0.527083,0.344382
386.000000,0.183110,0.043508,-0.177866,0.251078,0.003808,0.251049,0.343590,0.036537,-0.341642,0.435929,-0.270087,0.342180,0.538703,-0.337060,-0.420228,0.628630,-0.518548,0.355364
387.000000,0.183173,0.029732,-0.180744,0.251285,0.017924,0.250645,0.343484,0.022713,-0.342732,0.435998,-0.259182,0.350598,0.538642,-0.347734,-0.411360,0.628422,-0.511332,0.365313
388.000000,0.183788,0.015904,-0.183099,0.251390,0.032034,0.249341,0.343318,0.008365,-0.343216,0.435910,-0.247735,0.358671,0.538010,-0.357790,-0.401797,0.627834,-0.502069,0.376965
389.000000,0.184276,0.002460,-0.184259,0.251933,0.045567,0.247777,0.343527,-0.005822,-0.343477,0.436436,-0.237705,0.366022,0.537441,-0.367881,-0.391799,0.627352,-0.494323,0.386285
390.000000,0.184542,-0.011401,-0.184189,0.252480,0.059533,0.245361,0.343099,-0.020540,-0.342484,0.436449,-0.225073,0.373938,0.536798,-0.377527,-0.381609,0.627548,-0.485671,0.397416
391.000000,0.184216,-0.025469,-0.182447,0.252774,0.073429,0.241873,0.342940,-0.033949,-0.341256,0.436461,-0.213347,0.380764,0.537012,-0.387484,-0.371803,0.627194,-0.475732,0.408718
392.000000,0.183513,-0.038956,-0.179331,0.253425,0.087035,0.238011,0.343271,-0.048140,-0.339879,0.436468,-0.201775,0.387029,0.536450,-0.396832,-0.360974,0.627100,-0.467417,0.418061
393.000000,0.183122,-0.052802,-0.175344,0.253056,0.100059,0.232434,0.343236,-0.061811,-0.337625,0.436578,-0.189192,0.393455,0.536202,-0.405378,-0.350973,0.626759,-0.458136,0.427713
394.000000,0.182793,-0.065497,-0.170655,0.253404,0.112925,0.226852,0.343128,-0.076358,-0.334524,0.436551,-0.175175,0.399863,0.535999,-0.414162,-0.340243,0.626647,-0.447947,0.438212
395.000000,0.182426,-0.078301,-0.164767,0.253683,0.125838,0.220273,0.342926,-0.089962,-0.330916,0.436340,-0.163121,0.404703,0.536046,-0.422756,-0.329580,0.626231,-0.439111,0.446483
396.000000,0.181611,-0.090028,-0.157726,0.253841,0.137700,0.213246,0.342882,-0.103516,-0.326884,0.436234,-0.149986,0.409639,0.536145,-0.431526,-0.318177,0.625828,-0.428810,0.455832
397.000000,0.181263,-0.101381,-0.150261,0.253823,0.149361,0.205225,0.342982,-0.117106,-0.322371,0.436245,-0.135796,0.414571,0.536092,-0.439173,-0.307444,0.625641,-0.418727,0.464860
398.000000,0.181191,-0.110496,-0.143599,0.254394,0.160560,0.197324,0.342778,-0.129801,-0.317251,0.435827,-0.122657,0.418211,0.535644,-0.446731,-0.295543,0.625106,-0.408164,0.473456
399.000000,0.180317,-0.120571,-0.134077,0.254748,0.171841,0.188062,0.342740,-0.141904,-0.311984,0.435812,-0.110579,0.421550,0.535547,-0.454173,-0.283790,0.624904,-0.397347,0.482308
400.000000,0.180553,-0.130171,-0.125120,0.254230,0.181613,0.177903,0.342790,-0.154146,-0.306176,0.435213,-0.095251,0.424662,0.535622,-0.461382,-0.272063,0.625098,-0.385843,0.491805
401.000000,0.180497,-0.139565,-0.114459,0.253840,0.190488,0.167777,0.342581,-0.165880,-0.299743,0.435537,-0.082773,0.427599,0.534658,-0.467319,-0.259755,0.624858,-0.375988,0.499080
402.000000,0.180762,-0.148351,-0.103279,0.253411,0.199224,0.156611,0.342544,-0.177141,-0.293186,0.435856,-0.067695,0.430567,0.534224,-0.473453,-0.247461,0.624137,-0.364349,0.506751
403.000000,0.181454,-0.156724,-0.091450,0.253224,0.207859,0.144628,0.342396,-0.188675,-0.285722,0.436291,-0.053750,0.432967,0.533845,-0.479255,-0.235171,0.623661,-0.352719,0.514337
404.000000,0.180991,-0.162804,-0.079073,0.253094,0.215453,0.132803,0.342594,-0.200588,-0.277731,0.436192,-0.040864,0.434274,0.533399,-0.484802,-0.222443,0.623234,-0.341351,0.521440
405.000000,0.180710,-0.168336,-0.065720,0.252802,0.222323,0.120339,0.343380,-0.212033,-0.270096,0.436125,-0.026785,0.435302,0.532816,-0.490039,-0.209177,0.622683,-0.328161,0.529192
406.000000,0.180742,-0.172974,-0.052420,0.252223,0.228007,0.107838,0.343939,-0.223229,-0.261654,0.436323,-0.012873,0.436133,0.532392,-0.494692,-0.196777,0.622762,-0.317816,0.535561
407.000000,0.180009,-0.175717,-0.039073,0.251861,0.233428,0.094582,0.344867,-0.233414,-0.253872,0.436614,0.000794,0.436614,0.532178,-0.499413,-0.183847,0.622198,-0.305196,0.542205
408.000000,0.180001,-0.178250,-0.025043,0.251860,0.238316,0.081479,0.346057,-0.244819,-0.244579,0.437081,0.014651,0.436835,0.532036,-0.503807,-0.170998,0.621839,-0.292886,0.548545
409.000000,0.179295,-0.178984,-0.010560,0.251998,0.242726,0.067726,0.347268,-0.255027,-0.235703,0.437562,0.028823,0.436611,0.532004,-0.508019,-0.157941,0.621333,-0.280018,0.554657
410.000000,0.179580,-0.179536,0.003958,0.251840,0.246012,0.053869,0.347822,-0.264462,-0.225921,0.438005,0.042365,0.435951,0.531835,-0.511757,-0.144753,0.621419,-0.267479,0.560907
411.000000,0.179380,-0.178406,0.018665,0.252117,0.248982,0.039635,0.348103,-0.273394,-0.215480,0.438113,0.056871,0.434406,0.531656,-0.515028,-0.131926,0.621402,-0.255180,0.566590
412.000000,0.179047,-0.176098,0.032366,0.252943,0.251675,0.025291,0.348143,-0.281977,-0.204188,0.438321,0.072158,0.432341,0.531809,-0.518398,-0.118678,0.621247,-0.240888,0.572644
413.000000,0.178684,-0.172426,0.046874,0.253271,0.253020,0.011282,0.347244,-0.289108,-0.192341,0.438506,0.084717,0.430245,0.531950,-0.521473,-0.105053,0.621134,-0.229521,0.577172
414.000000,0.178680,-0.168158,0.060413,0.253957,0.253941,-0.002796,0.347244,-0.296754,-0.180320,0.438337,0.098248,0.427185,0.531847,-0.523937,-0.091383,0.621197,-0.216511,0.582245
415.000000,0.178565,-0.162546,0.073921,0.254235,0.253696,-0.016552,0.347149,-0.303661,-0.168233,0.438147,0.111666,0.423678,0.532370,-0.526656,-0.077793,0.620675,-0.203096,0.586506
416.000000,0.178559,-0.155984,0.086904,0.254959,0.253136,-0.030430,0.347619,-0.310612,-0.156074,0.438018,0.124633,0.419912,0.532744,-0.528852,-0.064278,0.620667,-0.190365,0.590753
417.000000,0.178303,-0.148334,0.098939,0.255326,0.251425,-0.044462,0.347639,-0.316078,-0.144733,0.437872,0.137846,0.415608,0.532564,-0.530164,-0.050509,0.620596,-0.176985,0.594824
418.000000,0.177716,-0.139571,0.110015,0.255918,0.249107,-0.058649,0.347380,-0.321884,-0.130628,0.437588,0.152327,0.410220,0.532550,-0.531269,-0.036926,0.620924,-0.163710,0.598954
419.000000,0.177392,-0.130074,0.120618,0.256123,0.245678,-0.072398,0.347312,-0.326279,-0.119028,0.437668,0.164058,0.405756,0.532268,-0.531759,-0.023287,0.621430,-0.150299,0.602981
420.000000,0.177445,-0.119872,0.130833,0.255739,0.241008,-0.085545,0.346698,-0.330536,-0.104622,0.437533,0.176651,0.400287,0.532068,-0.531971,-0.010159,0.621478,-0.137145,0.606156
421.000000,0.177715,-0.108748,0.140558,0.255245,0.235316,-0.098875,0.346673,-0.334420,-0.091351,0.437909,0.189398,0.394832,0.531823,-0.531812,0.003388,0.621758,-0.123392,0.609391
422.000000,0.177434,-0.097004,0.148569,0.255202,0.229271,-0.112083,0.346631,-0.337835,-0.077593,0.438213,0.202032,0.388862,0.531526,-0.531230,0.017752,0.622099,-0.109950,0.612306
423.000000,0.177873,-0.085202,0.156139,0.255196,0.222725,-0.124573,0.346375,-0.340142,-0.065413,0.438399,0.214860,0.382137,0.531576,-0.530636,0.031601,0.621922,-0.096767,0.614348
424.000000,0.178373,-0.072725,0.162875,0.255571,0.215702,-0.137074,0.345737,-0.342101,-0.050011,0.438610,0.226955,0.375326,0.531452,-0.529496,0.045557,0.622146,-0.082778,0.616614
425.000000,0.178880,-0.059961,0.168531,0.255137,0.207545,-0.148391,0.345119,-0.343015,-0.038048,0.438645,0.238568,0.368096,0.531518,-0.528222,0.059106,0.622114,-0.068496,0.618331
426.000000,0.179525,-0.046488,0.173402,0.255012,0.198875,-0.159624,0.344547,-0.343685,-0.024369,0.439146,0.250195,0.360904,0.531757,-0.526686,0.073259,0.622195,-0.055062,0.619754
427.000000,0.179923,-0.032788,0.176910,0.254653,0.189156,-0.170493,0.343760,-0.343638,-0.009178,0.438931,0.262515,0.351777,0.531818,-0.524735,0.086504,0.622262,-0.040760,0.620926
428.000000,0.179890,-0.018413,0.178945,0.254437,0.179238,-0.180587,0.343542,-0.343527,0.003274,0.439194,0.272752,0.344235,0.531616,-0.522190,0.099666,0.623228,-0.026633,0.622659
429.000000,0.180177,-0.004333,0.180125,0.255024,0.169307,-0.190715,0.342972,-0.342534,0.017327,0.438762,0.283209,0.335118,0.531308,-0.519129,0.113105,0.623713,-0.012440,0.623589
430.000000,0.180311,0.009831,0.180043,0.254533,0.158021,-0.199540,0.342727,-0.341141,0.032931,0.438543,0.293921,0.325469,0.531605,-0.516223,0.126957,0.623196,0.000940,0.623195
431.000000,0.180632,0.024099,0.179018,0.254568,0.146419,-0.208246,0.342836,-0.339762,0.045804,0.438331,0.303977,0.315803,0.531496,-0.512766,0.139852,0.623448,0.014739,0.623274
432.000000,0.179804,0.038428,0.175650,0.254435,0.134231,-0.216146,0.343142,-0.337912,0.059681,0.437659,0.313486,0.305405,0.531959,-0.509377,0.153348,0.623058,0.028992,0.622383
433.000000,0.180341,0.051726,0.172763,0.254594,0.122099,-0.223405,0.343641,-0.335427,0.074688,0.437491,0.322731,0.295370,0.531658,-0.505132,0.165837,0.622992,0.042451,0.621544
434.000000,0.180117,0.064813,0.168051,0.254992,0.109298,-0.230380,0.343897,-0.332752,0.086838,0.437705,0.333076,0.283984,0.531497,-0.501045,0.177320,0.623215,0.056354,0.620662
435.000000,0.179812,0.077650,0.162181,0.255047,0.096705,-0.236002,0.344358,-0.329393,0.100413,0.438136,0.341608,0.274349,0.531516,-0.496315,0.190213,0.623305,0.070400,0.619316
436.000000,0.179586,0.090597,0.155059,0.254593,0.083374,-0.240555,0.344250,-0.324556,0.114766,0.438855,0.350556,0.264015,0.531635,-0.491234,0.203284,0.623209,0.084527,0.617450
437.000000,0.179660,0.102530,0.147531,0.254032,0.069740,-0.244272,0.344137,-0.320385,0.125631,0.438518,0.358776,0.252147,0.530910,-0.485297,0.215295,0.622998,0.098412,0.615176
438.000000,0.179673,0.113755,0.139076,0.253513,0.056034,-0.247243,0.344662,-0.315574,0.138581,0.438147,0.366353,0.240329,0.530705,-0.479298,0.227862,0.623103,0.111815,0.612988
439.000000,0.179665,0.124747,0.129297,0.252959,0.042079,-0.249434,0.344458,-0.309301,0.151606,0.437671,0.373443,0.228246,0.530360,-0.472780,0.240333,0.623720,0.125384,0.610988
440.000000,0.179773,0.134211,0.119606,0.253317,0.028280,-0.251734,0.344632,-0.304391,0.161610,0.437371,0.380212,0.216176,0.530287,-0.466576,0.252014,0.624173,0.139213,0.608451
441.000000,0.180141,0.143845,0.108440,0.252649,0.013984,-0.252262,0.343419,-0.296977,0.172458,0.436998,0.386705,0.203535,0.529574,-0.459583,0.263119,0.624506,0.153061,0.605458
442.000000,0.180431,0.152528,0.096387,0.252481,-0.000004,-0.252481,0.343348,-0.289659,0.184352,0.436886,0.393061,0.190716,0.529218,-0.452232,0.274880,0.624453,0.166582,0.601824
443.000000,0.180289,0.159317,0.084393,0.252010,-0.014400,-0.251598,0.343227,-0.281935,0.195748,0.436053,0.398358,0.177350,0.529287,-0.444811,0.286858,0.625129,0.180258,0.598576
444.000000,0.180735,0.166156,0.071114,0.252456,-0.028092,-0.250888,0.343533,-0.274151,0.207017,0.436280,0.404016,0.164655,0.529203,-0.437069,0.298374,0.625101,0.193462,0.594411
445.000000,0.181542,0.172042,0.057955,0.251978,-0.042368,-0.248391,0.343098,-0.265061,0.217850,0.435903,0.408834,0.151215,0.528130,-0.428584,0.308606,0.625128,0.206828,0.589921
446.000000,0.181287,0.175904,0.043849,0.252138,-0.055804,-0.245885,0.343041,-0.255758,0.228615,0.436102,0.413684,0.138021,0.527607,-0.420224,0.319030,0.624788,0.219589,0.584928
447.000000,0.180648,0.178239,0.029404,0.252583,-0.070065,-0.242670,0.342286,-0.245761,0.238246,0.436031,0.417978,0.124166,0.527301,-0.411247,0.330034,0.625133,0.232761,0.580184
448.000000,0.180225,0.179603,0.014961,0.252757,-0.083411,-0.238597,0.341876,-0.235423,0.247901,0.435917,0.421668,0.110540,0.527019,-0.402040,0.340753,0.625147,0.245965,0.574726
449.000000,0.179819,0.179818,0.000724,0.253618,-0.096346,-0.234605,0.341224,-0.224780,0.256725,0.436138,0.425151,0.097276,0.527207,-0.392910,0.351524,0.624943,0.258603,0.568927
450.000000,0.179594,0.179079,-0.013585,0.254446,-0.109425,-0.229715,0.340295,-0.213505,0.264983,0.435985,0.427949,0.083321,0.526866,-0.383250,0.361534,0.624686,0.271208,0.562742
451.000000,0.178905,0.176749,-0.027688,0.255271,-0.121555,-0.224471,0.339622,-0.202073,0.272965,0.436223,0.430629,0.069635,0.526943,-0.373792,0.371414,0.624038,0.282901,0.556229
452.000000,0.179293,0.174386,-0.041660,0.255708,-0.133617,-0.218021,0.339358,-0.190250,0.281013,0.436154,0.432558,0.055890,0.526085,-0.363230,0.380565,0.623198,0.294850,0.549035
453.000000,0.179082,0.170269,-0.055489,0.256205,-0.145630,-0.210791,0.339582,-0.178664,0.288782,0.436161,0.434157,0.041755,0.525556,-0.352684,0.389645,0.622497,0.306464,0.541833
454.000000,0.178636,0.164934,-0.068613,0.256743,-0.157013,-0.203135,0.339566,-0.166491,0.295949,0.436169,0.435282,0.027803,0.525738,-0.342330,0.399012,0.622146,0.318571,0.534395
455.000000,0.179272,0.159564,-0.081716,0.256457,-0.167707,-0.194023,0.339912,-0.153822,0.303116,0.436433,0.436206,0.014085,0.525545,-0.331514,0.407794,0.621436,0.329496,0.526892
456.000000,0.179741,0.152859,-0.094557,0.256189,-0.178185,-0.184072,0.340330,-0.141450,0.309542,0.437021,0.437021,0.000089,0.525491,-0.320508,0.416432,0.621334,0.340697,0.519598
457.000000,0.179803,0.144898,-0.106460,0.255729,-0.187262,-0.174157,0.340837,-0.128465,0.315700,0.437190,0.436966,-0.013986,0.524858,-0.309316,0.424028,0.621040,0.351995,0.511654
458.000000,0.180194,0.136310,-0.117854,0.255477,-0.195862,-0.164032,0.341828,-0.116001,0.321544,0.437979,0.437094,-0.027820,0.524186,-0.298589,0.430831,0.621015,0.363497,0.503517
459.000000,0.180046,0.126148,-0.128465,0.255309,-0.203915,-0.153627,0.341764,-0.103016,0.325869,0.438108,0.436109,-0.041804,0.523664,-0.285684,0.438872,0.620764,0.374211,0.495291
460.000000,0.179747,0.115374,-0.137832,0.254779,-0.211300,-0.142353,0.342444,-0.089620,0.330508,0.438138,0.434427,-0.056904,0.523290,-0.273851,0.445913,0.620731,0.385197,0.486754
461.000000,0.179409,0.103950,-0.146225,0.254145,-0.218007,-0.130625,0.343109,-0.076211,0.334538,0.438135,0.432533,-0.069840,0.522623,-0.261597,0.452440,0.620653,0.395798,0.478073
462.000000,0.179435,0.091729,-0.154216,0.253509,-0.223679,-0.119308,0.342835,-0.062432,0.337102,0.438692,0.430609,-0.083828,0.522901,-0.249501,0.459538,0.620867,0.406532,0.469263
463.000000,0.179823,0.079559,-0.161266,0.253155,-0.229528,-0.106791,0.342857,-0.048394,0.339424,0.439082,0.428109,-0.097548,0.522823,-0.237439,0.465796,0.620612,0.416423,0.460165
464.000000,0.180323,0.066722,-0.167525,0.252315,-0.233993,-0.094395,0.343102,-0.034537,0.341359,0.439299,0.425093,-0.110812,0.522403,-0.224823,0.471550,0.620665,0.426428,0.450981
465.000000,0.180702,0.053341,-0.172650,0.251572,-0.237975,-0.081588,0.343132,-0.020666,0.342509,0.439045,0.421070,-0.124341,0.522472,-0.212106,0.477481,0.619823,0.435728,0.440820
466.000000,0.181178,0.039952,-0.176718,0.251273,-0.241654,-0.068859,0.342946,-0.006957,0.342875,0.439570,0.417499,-0.137536,0.522738,-0.199727,0.483078,0.619792,0.445094,0.431315
467.000000,0.181152,0.025353,-0.179369,0.250400,-0.244222,-0.055279,0.343102,0.007691,0.343016,0.439688,0.413087,-0.150613,0.522235,-0.186540,0.487783,0.619487,0.454407,0.421044
468.000000,0.181298,0.011992,-0.180901,0.250234,-0.246782,-0.041420,0.343190,0.022077,0.342479,0.440387,0.408698,-0.164033,0.522502,-0.173869,0.492725,0.618964,0.463288,0.410465
469.000000,0.181538,-0.002276,-0.181524,0.249752,-0.248124,-0.028469,0.343293,0.036110,0.341389,0.440365,0.403341,-0.176741,0.522510,-0.160536,0.497238,0.619088,0.472128,0.400457
470.000000,0.181648,-0.016043,-0.180938,0.249272,-0.248751,-0.016097,0.343318,0.050743,0.339547,0.440691,0.397808,-0.189623,0.522588,-0.146996,0.501488,0.618940,0.480820,0.389743
471.000000,0.181758,-0.029525,-0.179344,0.249402,-0.249399,-0.001104,0.343645,0.064507,0.337536,0.441254,0.392133,-0.202327,0.523090,-0.133822,0.505682,0.618711,0.489158,0.378851
472.000000,0.181269,-0.043135,-0.176063,0.249284,-0.248994,0.012004,0.343278,0.078412,0.334203,0.441877,0.386094,-0.214912,0.523250,-0.120116,0.509277,0.618399,0.497176,0.367741
473.000000,0.180801,-0.056649,-0.171697,0.249762,-0.248642,0.023623,0.343250,0.092414,0.330576,0.442235,0.379551,-0.226965,0.523653,-0.106370,0.512736,0.618474,0.505036,0.356999
474.000000,0.180564,-0.069068,-0.166832,0.249822,-0.246961,0.037699,0.343300,0.106200,0.326461,0.443055,0.373025,-0.239060,0.524495,-0.094230,0.515961,0.618128,0.512356,0.345794
475.000000,0.180711,-0.082038,-0.161017,0.249601,-0.243935,0.052880,0.343293,0.119540,0.321808,0.443506,0.365998,-0.250486,0.524843,-0.079535,0.518782,0.617456,0.519163,0.334248
476.000000,0.180397,-0.093751,-0.154123,0.249896,-0.240989,0.066123,0.342773,0.132719,0.316036,0.444166,0.357561,-0.263502,0.525656,-0.066115,0.521481,0.617027,0.526047,0.322486
477.000000,0.179599,-0.104575,-0.146013,0.250007,-0.236997,0.079597,0.342410,0.145517,0.309951,0.444330,0.350104,-0.273598,0.526129,-0.052219,0.523531,0.616038,0.532311,0.310077
478.000000,0.179082,-0.114971,-0.137304,0.250031,-0.232126,0.092916,0.342549,0.158221,0.303819,0.444445,0.341588,-0.284340,0.526096,-0.038634,0.524676,0.615205,0.538279,0.297881
479.000000,0.178549,-0.124849,-0.127642,0.249262,-0.226019,0.105104,0.342405,0.170550,0.296907,0.444355,0.332380,-0.294915,0.526314,-0.024495,0.525744,0.614383,0.544091,0.285361
480.000000,0.178769,-0.135817,-0.116242,0.248305,-0.218939,0.117138,0.342868,0.182667,0.290157,0.444570,0.322970,-0.305505,0.527233,-0.011792,0.527102,0.614149,0.549995,0.273284
481.000000,0.178931,-0.143856,-0.106405,0.247646,-0.211511,0.128808,0.343290,0.194847,0.282635,0.444944,0.313650,-0.315593,0.527355,0.003187,0.527345,0.613630,0.555375,0.260960
482.000000,0.179129,-0.152120,-0.094586,0.247659,-0.204643,0.139486,0.343635,0.206069,0.274992,0.445324,0.303866,-0.325544,0.527693,0.015639,0.527461,0.612945,0.560410,0.248279
483.000000,0.179384,-0.159276,-0.082521,0.247185,-0.194989,0.151919,0.344478,0.217557,0.267084,0.445891,0.294013,-0.335224,0.527813,0.030838,0.526911,0.612209,0.565062,0.235594
484.000000,0.179888,-0.165640,-0.070164,0.246821,-0.185590,0.162718,0.344394,0.228177,0.257958,0.446038,0.283516,-0.344338,0.528219,0.044741,0.526321,0.612334,0.570203,0.223206
485.000000,0.179906,-0.170519,-0.057352,0.247275,-0.176268,0.173420,0.344870,0.239071,0.248557,0.445991,0.272957,-0.352708,0.528171,0.056928,0.525094,0.612022,0.574648,0.210598
486.000000,0.179273,-0.173749,-0.044161,0.247531,-0.167302,0.182432,0.344981,0.249197,0.238564,0.445959,0.262220,-0.360722,0.528119,0.070894,0.523339,0.612216,0.579405,0.197732
487.000000,0.179194,-0.176715,-0.029700,0.247124,-0.155242,0.192277,0.345043,0.258732,0.228282,0.446370,0.251342,-0.368881,0.528353,0.084976,0.521475,0.611620,0.583128,0.184500
488.000000,0.179436,-0.178761,-0.015551,0.247337,-0.143874,0.201186,0.345631,0.268224,0.217983,0.446011,0.239381,-0.376328,0.528206,0.098960,0.518854,0.611191,0.586719,0.171214
489.000000,0.179269,-0.179242,-0.003089,0.247380,-0.134518,0.207609,0.345625,0.276900,0.206841,0.446021,0.227609,-0.383574,0.528462,0.112482,0.516352,0.611178,0.590297,0.158392
490.000000,0.178623,-0.178198,0.012322,0.247450,-0.124589,0.213797,0.345561,0.284950,0.195489,0.445919,0.215535,-0.390369,0.528947,0.127324,0.513394,0.611338,0.593754,0.145570
491.000000,0.178633,-0.176591,0.026930,0.247964,-0.115119,0.219622,0.345805,0.292897,0.183827,0.445860,0.203315,-0.396806,0.529554,0.139410,0.510874,0.611207,0.596795,0.131943
492.000000,0.178491,-0.174087,0.039405,0.248235,-0.103491,0.225633,0.346118,0.300227,0.172226,0.445049,0.190253,-0.402334,0.530215,0.152926,0.507683,0.611480,0.599804,0.118922
493.000000,0.178138,-0.169681,0.054236,0.248421,-0.090526,0.231339,0.345925,0.306587,0.160214,0.444723,0.177816,-0.407627,0.530907,0.167094,0.503926,0.611037,0.601916,0.105187
494.000000,0.178592,-0.165213,0.067822,0.247846,-0.076585,0.235717,0.346256,0.313401,0.147217,0.444543,0.165163,-0.412723,0.530964,0.179174,0.499819,0.610439,0.603519,0.091657
495.000000,0.179470,-0.160553,0.080202,0.247956,-0.063123,0.239786,0.346083,0.318927,0.134383,0.444527,0.152268,-0.417634,0.531147,0.192096,0.495193,0.609990,0.605155,0.076649
496.000000,0.179362,-0.152830,0.093882,0.247777,-0.049165,0.242850,0.345421,0.323447,0.121233,0.444580,0.138956,-0.422307,0.531275,0.206279,0.489594,0.609280,0.605883,0.064248
497.000000,0.179125,-0.144760,0.105500,0.247445,-0.034742,0.244994,0.345212,0.327805,0.108238,0.444231,0.125952,-0.426002,0.531395,0.217161,0.484997,0.608538,0.606426,0.050654
498.000000,0.178829,-0.136759,0.115224,0.247007,-0.020271,0.246174,0.345137,0.331889,0.094708,0.444137,0.112424,-0.429673,0.530911,0.230364,0.478330,0.607956,0.606886,0.036062
499.000000,0.178626,-0.125650,0.126962,0.247431,-0.005948,0.247360,0.344900,0.335188,0.081273,0.444039,0.098752,-0.432918,0.530769,0.242972,0.471890,0.607837,0.607354,0.024238
500.000000,0.178674,-0.115936,0.135953,0.247475,0.008478,0.247330,0.344852,0.338207,0.067373,0.444063,0.085000,-0.435852,0.530194,0.253828,0.465486,0.606851,0.606742,0.011492
501.000000,0.178260,-0.103265,0.145303,0.248028,0.022920,0.246967,0.344702,0.340454,0.053945,0.443298,0.071209,-0.437541,0.529443,0.265387,0.458126,0.606235,0.606234,-0.001351
502.000000,0.178728,-0.091346,0.153622,0.248541,0.036440,0.245855,0.344234,0.341942,0.039658,0.443189,0.057465,-0.439448,0.529246,0.277066,0.450927,0.605655,0.605463,-0.015270
503.000000,0.179081,-0.079270,0.160581,0.248955,0.050584,0.243762,0.343966,0.343026,0.025405,0.442900,0.043991,-0.440710,0.529251,0.289132,0.443293,0.605151,0.604470,-0.028711
504.000000,0.178409,-0.067139,0.165294,0.249727,0.063613,0.241489,0.343405,0.343202,0.011802,0.442878,0.030229,-0.441846,0.529332,0.300578,0.435712,0.604924,0.603436,-0.042397
505.000000,0.178465,-0.052471,0.170577,0.249913,0.076800,0.237820,0.344065,0.344057,-0.002320,0.442701,0.016081,-0.442408,0.529665,0.313079,0.427231,0.604724,0.602099,-0.056277
506.000000,0.178962,-0.040482,0.174324,0.250474,0.090629,0.233503,0.344488,0.344093,-0.016487,0.442199,0.002373,-0.442193,0.529681,0.323441,0.419461,0.604875,0.600796,-0.070132
507.000000,0.178883,-0.026413,0.176922,0.250993,0.103373,0.228717,0.344734,0.343384,-0.030474,0.442086,-0.011683,-0.441932,0.530055,0.334218,0.411408,0.605349,0.599558,-0.083531
508.000000,0.179152,-0.011014,0.178813,0.251372,0.116402,0.222796,0.344821,0.341787,-0.045644,0.442344,-0.025769,-0.441593,0.530220,0.344781,0.402815,0.605528,0.597653,-0.097339
509.000000,0.179824,0.001881,0.179814,0.251726,0.128974,0.216175,0.345069,0.340127,-0.058194,0.442218,-0.039652,-0.440437,0.530646,0.355172,0.394256,0.606194,0.595943,-0.111010
510.000000,0.179740,0.017297,0.178906,0.252207,0.141111,0.209036,0.344994,0.337396,-0.072006,0.442262,-0.052866,-0.439091,0.530922,0.365763,0.384833,0.606532,0.593600,-0.124578
511.000000,0.179345,0.031444,0.176567,0.253216,0.151772,0.202691,0.345524,0.334669,-0.085928,0.441544,-0.066843,-0.436455,0.530958,0.375928,0.374959,0.606736,0.590787,-0.138200
512.000000,0.179503,0.043968,0.174035,0.253281,0.163835,0.193156,0.345370,0.330829,-0.099158,0.440843,-0.079898,-0.433542,0.531135,0.385448,0.365423,0.606816,0.587715,-0.151049
513.000000,0.179232,0.057324,0.169818,0.253312,0.174572,0.183552,0.345138,0.326340,-0.112350,0.440321,-0.093535,-0.430272,0.531759,0.395310,0.355665,0.607109,0.584376,-0.164576
514.000000,0.178772,0.070516,0.164277,0.253125,0.184528,0.173268,0.345239,0.321554,-0.125670,0.439704,-0.107085,-0.426465,0.532140,0.404557,0.345696,0.607403,0.580898,-0.177472
515.000000,0.178691,0.084574,0.157409,0.253053,0.193769,0.162755,0.345599,0.316591,-0.138597,0.439575,-0.120597,-0.422709,0.532331,0.413407,0.335366,0.607996,0.577384,-0.190490
516.000000,0.178461,0.095891,0.150510,0.252595,0.202197,0.151396,0.345358,0.310444,-0.151318,0.439437,-0.134040,-0.418495,0.532932,0.422101,0.325341,0.608458,0.573343,-0.203715
517.000000,0.178341,0.107423,0.142358,0.252136,0.210121,0.139361,0.345383,0.303966,-0.163996,0.439882,-0.148136,-0.414189,0.533344,0.430566,0.314752,0.608836,0.568890,-0.216901
518.000000,0.178634,0.118929,0.133289,0.251527,0.217029,0.127139,0.345618,0.297135,-0.176530,0.440124,-0.161268,-0.409514,0.533171,0.438528,0.303257,0.609140,0.564242,-0.229525
519.000000,0.178807,0.129010,0.123807,0.251683,0.223994,0.114766,0.345757,0.289927,-0.188387,0.440494,-0.174530,-0.404443,0.533339,0.446298,0.292007,0.609536,0.559213,-0.242518
520.000000,0.179558,0.139813,0.112664,0.251209,0.229551,0.102040,0.345693,0.282006,-0.199941,0.440948,-0.187137,-0.399269,0.533882,0.454166,0.280647,0.610075,0.554019,-0.255449
521.000000,0.180490,0.148296,0.102883,0.251915,0.235730,0.088839,0.345633,0.273566,-0.211243,0.440781,-0.199501,-0.393049,0.533272,0.460909,0.268219,0.610474,0.548601,-0.267797
522.000000,0.181288,0.156433,0.091618,0.251336,0.239775,0.075350,0.345730,0.264839,-0.222238,0.440967,-0.211669,-0.386844,0.533753,0.468000,0.256648,0.611134,0.543001,-0.280418
523.000000,0.181678,0.164229,0.077691,0.251143,0.243496,0.061504,0.345550,0.255733,-0.232390,0.441137,-0.223770,-0.380169,0.533458,0.474786,0.243219,0.611783,0.537110,-0.292902
524.000000,0.181832,0.169514,0.065784,0.252176,0.247431,0.048685,0.344632,0.245489,-0.241882,0.440851,-0.235567,-0.372635,0.533406,0.480344,0.231932,0.611592,0.530280,-0.304710
525.000000,0.181284,0.173663,0.052013,0.252409,0.250163,0.033600,0.344164,0.235398,-0.251071,0.440103,-0.247096,-0.364190,0.533002,0.485720,0.219469,0.612125,0.523856,-0.316659
526.000000,0.180851,0.176860,0.037785,0.252462,0.251691,0.019721,0.343500,0.224428,-0.260046,0.440435,-0.259211,-0.356079,0.532626,0.490709,0.207111,0.612483,0.516997,-0.328404
527.000000,0.180659,0.179101,0.023674,0.253244,0.253182,0.005577,0.343400,0.213430,-0.269018,0.440136,-0.269964,-0.347619,0.532096,0.495355,0.194293,0.612762,0.509528,-0.340379
528.000000,0.180853,0.180597,0.009617,0.253075,0.252933,-0.008491,0.343742,0.202325,-0.277891,0.440097,-0.280681,-0.338973,0.531530,0.499735,0.181076,0.612961,0.501617,-0.352280
529.000000,0.180506,0.180444,-0.004733,0.253813,0.252781,-0.022863,0.343173,0.190453,-0.285473,0.439713,-0.291165,-0.329500,0.531359,0.504206,0.167684,0.613341,0.493966,-0.363572
530.000000,0.180216,0.179213,-0.018988,0.254208,0.251734,-0.035381,0.342708,0.178223,-0.292721,0.439246,-0.301099,-0.319806,0.530652,0.507775,0.154131,0.614281,0.486202,-0.375432
531.000000,0.179753,0.176731,-0.032818,0.254085,0.248855,-0.051291,0.342457,0.166105,-0.299476,0.439067,-0.311058,-0.309874,0.530235,0.511100,0.141161,0.615373,0.478589,-0.386828
532.000000,0.180303,0.174097,-0.046899,0.253974,0.245560,-0.064830,0.341819,0.153212,-0.305559,0.439018,-0.320663,-0.299853,0.530519,0.514857,0.127958,0.616469,0.470758,-0.398021
533.000000,0.180787,0.170362,-0.060506,0.253818,0.241893,-0.076885,0.341209,0.140409,-0.310980,0.438629,-0.329989,-0.288968,0.530342,0.517669,0.115243,0.617115,0.462390,-0.408688
534.000000,0.180626,0.164883,-0.073750,0.253621,0.236539,-0.091504,0.340943,0.127255,-0.316304,0.438797,-0.339366,-0.278161,0.530579,0.520803,0.101383,0.618307,0.454020,-0.419725
535.000000,0.181078,0.158294,-0.087933,0.253540,0.230844,-0.104850,0.340357,0.113683,-0.320810,0.438432,-0.347389,-0.267475,0.530719,0.523371,0.088008,0.618603,0.444774,-0.429937
536.000000,0.180961,0.151403,-0.099117,0.253025,0.224254,-0.117183,0.340545,0.100763,-0.325296,0.438305,-0.355796,-0.255969,0.531311,0.526076,0.074395,0.619401,0.435966,-0.439990
537.000000,0.181186,0.143286,-0.110895,0.252906,0.217157,-0.129631,0.341058,0.086774,-0.329834,0.438136,-0.363563,-0.244510,0.532029,0.528489,0.061271,0.620699,0.427256,-0.450243
538.000000,0.180456,0.133605,-0.121302,0.252383,0.209210,-0.141169,0.341611,0.073487,-0.333613,0.438074,-0.371038,-0.232894,0.532039,0.529871,0.047980,0.621816,0.417761,-0.460576
539.000000,0.180540,0.123424,-0.131762,0.252493,0.200957,-0.152869,0.342340,0.059875,-0.337063,0.437413,-0.377635,-0.220731,0.531730,0.530674,0.033492,0.623077,0.408610,-0.470386
540.000000,0.180358,0.111148,-0.142039,0.252487,0.192709,-0.163135,0.342077,0.045818,-0.338994,0.437654,-0.384703,-0.208673,0.531566,0.531202,0.019673,0.623460,0.398599,-0.479396
541.000000,0.180402,0.100757,-0.149643,0.253128,0.183969,-0.173866,0.342034,0.031635,-0.340568,0.437922,-0.391337,-0.196548,0.531666,0.531633,0.005916,0.624526,0.388989,-0.488590
542.000000,0.180383,0.088449,-0.157209,0.254154,0.174575,-0.184710,0.342167,0.017569,-0.341716,0.438189,-0.397666,-0.184043,0.530752,0.530694,-0.007846,0.624709,0.378609,-0.496907
543.000000,0.180694,0.076184,-0.163848,0.255102,0.164700,-0.194810,0.342032,0.003325,-0.342016,0.438074,-0.403274,-0.171111,0.530389,0.529949,-0.021605,0.625117,0.367415,-0.505745
544.000000,0.180767,0.062868,-0.169483,0.255531,0.153123,-0.204571,0.342053,-0.010846,-0.341881,0.438184,-0.408560,-0.158380,0.529714,0.528538,-0.035285,0.625539,0.356776,-0.513819
545.000000,0.180729,0.049689,-0.173764,0.255444,0.142703,-0.211867,0.342466,-0.024909,-0.341559,0.438422,-0.413650,-0.145285,0.529094,0.526833,-0.048860,0.625870,0.345990,-0.521540
546.000000,0.180975,0.036091,-0.177340,0.255358,0.130821,-0.219302,0.342251,-0.039079,-0.340013,0.437858,-0.417382,-0.132333,0.529136,0.525449,-0.062352,0.626229,0.335021,-0.529078
547.000000,0.181056,0.021949,-0.179721,0.255749,0.117211,-0.227308,0.342132,-0.052615,-0.338062,0.437930,-0.421355,-0.119342,0.528976,0.523503,-0.075902,0.626113,0.323956,-0.535789
548.000000,0.181395,0.007862,-0.181224,0.256093,0.106423,-0.232933,0.342406,-0.066392,-0.335908,0.437449,-0.424576,-0.105343,0.528556,0.520979,-0.089176,0.626623,0.312081,-0.543380
549.000000,0.180843,-0.006655,-0.180720,0.255555,0.093020,-0.238024,0.343080,-0.080447,-0.333515,0.437743,-0.428023,-0.091736,0.528494,0.518386,-0.102868,0.626846,0.300046,-0.550371
550.000000,0.180801,-0.020198,-0.179669,0.255460,0.078237,-0.243185,0.343377,-0.094832,-0.330022,0.438160,-0.431088,-0.078407,0.528158,0.515218,-0.116195,0.627131,0.288352,-0.556908
551.000000,0.180818,-0.034265,-0.177542,0.255312,0.065730,-0.246706,0.342278,-0.107595,-0.324927,0.438737,-0.433936,-0.064724,0.528483,0.512450,-0.129190,0.627365,0.276894,-0.562953
552.000000,0.180647,-0.047776,-0.174215,0.255386,0.051580,-0.250123,0.342057,-0.120182,-0.320249,0.438979,-0.435976,-0.051263,0.528452,0.508847,-0.142604,0.627790,0.265479,-0.568895
553.000000,0.180400,-0.060732,-0.169870,0.255114,0.037601,-0.252327,0.341933,-0.133257,-0.314898,0.438740,-0.437159,-0.037213,0.527748,0.504216,-0.155833,0.628257,0.252994,-0.575066
554.000000,0.179901,-0.073227,-0.164323,0.255185,0.023888,-0.254065,0.342003,-0.144619,-0.309921,0.437819,-0.437191,-0.023458,0.527165,0.499567,-0.168332,0.628736,0.240827,-0.580786
555.000000,0.179710,-0.085542,-0.158045,0.255489,0.009929,-0.255296,0.341844,-0.156533,-0.303899,0.437728,-0.437627,-0.009398,0.526321,0.494153,-0.181181,0.629724,0.228380,-0.586852
556.000000,0.179344,-0.095533,-0.151782,0.255605,-0.004203,-0.255570,0.341244,-0.167816,-0.297128,0.437352,-0.437329,0.004495,0.526302,0.489127,-0.194292,0.630875,0.216042,-0.592731
557.000000,0.178919,-0.106670,-0.143643,0.255276,-0.018956,-0.254571,0.341265,-0.179239,-0.290405,0.437396,-0.437006,0.018470,0.525999,0.483632,-0.206823,0.631406,0.203256,-0.597796
558.000000,0.178255,-0.116881,-0.134586,0.255320,-0.032384,-0.253258,0.340875,-0.190267,-0.282832,0.436897,-0.435661,0.032845,0.525864,0.478105,-0.218971,0.631802,0.190602,-0.602366
559.000000,0.177909,-0.126863,-0.124729,0.255149,-0.046615,-0.250855,0.339936,-0.202878,-0.272758,0.437006,-0.434457,0.047131,0.525236,0.471559,-0.231312,0.632097,0.178039,-0.606505
560.000000,0.177691,-0.136135,-0.114199,0.255330,-0.060965,-0.247945,0.339748,-0.212569,-0.265034,0.436395,-0.432229,0.060153,0.524815,0.464963,-0.243395,0.632596,0.165191,-0.610647
561.000000,0.178214,-0.144934,-0.103704,0.255965,-0.074330,-0.244935,0.340163,-0.223835,-0.256142,0.436408,-0.430124,0.073793,0.524583,0.458138,-0.255533,0.632322,0.151987,-0.613785
562.000000,0.178547,-0.152871,-0.092246,0.256459,-0.088273,-0.240788,0.339917,-0.233893,-0.246653,0.435596,-0.426854,0.086831,0.524173,0.451041,-0.267058,0.632761,0.138914,-0.617325
563.000000,0.179035,-0.160274,-0.079787,0.256485,-0.101432,-0.235576,0.340509,-0.244398,-0.237099,0.435288,-0.423578,0.100286,0.523917,0.443766,-0.278498,0.633177,0.125974,-0.620519
564.000000,0.178774,-0.165672,-0.067179,0.257317,-0.114386,-0.230495,0.340644,-0.253806,-0.227203,0.435060,-0.419840,0.114069,0.523442,0.435598,-0.290251,0.633537,0.112364,-0.623493
565.000000,0.179248,-0.171039,-0.053625,0.257667,-0.126979,-0.224207,0.341062,-0.263266,-0.216828,0.434988,-0.415907,0.127418,0.523613,0.428196,-0.301361,0.633579,0.098762,-0.625835
566.000000,0.179278,-0.174692,-0.040291,0.258089,-0.139166,-0.217353,0.341227,-0.272014,-0.206021,0.434454,-0.411165,0.140332,0.523051,0.419349,-0.312616,0.633773,0.085460,-0.627985
567.000000,0.179623,-0.177623,-0.026731,0.258153,-0.150640,-0.209643,0.341478,-0.280458,-0.194810,0.433672,-0.405767,0.153051,0.523303,0.411412,-0.323397,0.633728,0.072060,-0.629618
568.000000,0.179056,-0.178603,-0.012737,0.258285,-0.161549,-0.201527,0.342224,-0.288887,-0.183470,0.433812,-0.400875,0.165807,0.523156,0.402234,-0.334514,0.633596,0.058528,-0.630887
569.000000,0.178303,-0.178299,0.001200,0.258369,-0.172431,-0.192412,0.343087,-0.296829,-0.172049,0.433193,-0.394949,0.177966,0.523171,0.393265,-0.345036,0.633431,0.045073,-0.631825
570.000000,0.178435,-0.177734,0.015798,0.258152,-0.182426,-0.182657,0.343150,-0.303525,-0.160076,0.432430,-0.388461,0.189982,0.523673,0.384184,-0.355859,0.633120,0.031435,-0.632339
571.000000,0.178364,-0.175856,0.029809,0.258094,-0.191648,-0.172868,0.343517,-0.310099,-0.147792,0.432377,-0.382198,0.202176,0.523698,0.374287,-0.366291,0.632568,0.017672,-0.632322
572.000000,0.178579,-0.173048,0.044102,0.257747,-0.200243,-0.162284,0.343756,-0.316027,-0.135261,0.431976,-0.375204,0.214069,0.524300,0.365108,-0.376281,0.632475,0.003753,-0.632464
573.000000,0.178701,-0.169027,0.057999,0.257861,-0.208796,-0.151316,0.344027,-0.321452,-0.122567,0.431516,-0.367732,0.225785,0.524574,0.355049,-0.386158,0.632239,-0.010008,-0.632160
574.000000,0.178907,-0.164073,0.071327,0.257659,-0.216413,-0.139834,0.343829,-0.325971,-0.109369,0.431292,-0.360088,0.237380,0.525744,0.345533,-0.396249,0.631871,-0.023446,-0.631436
575.000000,0.179469,-0.158227,0.084695,0.257444,-0.223318,-0.128088,0.343822,-0.330064,-0.096287,0.430647,-0.351675,0.248559,0.526495,0.335406,-0.405832,0.631627,-0.036906,-0.630548
576.000000,0.179393,-0.151091,0.096712,0.257167,-0.228899,-0.117220,0.343567,-0.333535,-0.082418,0.429998,-0.343072,0.259229,0.527513,0.325053,-0.415463,0.631590,-0.050145,-0.629596
577.000000,0.179210,-0.142940,0.108094,0.256279,-0.233645,-0.105303,0.343743,-0.336769,-0.068887,0.430215,-0.334792,0.270183,0.528374,0.314572,-0.424527,0.632004,-0.063396,-0.628816
578.000000,0.178757,-0.133552,0.118818,0.255447,-0.238238,-0.092173,0.343748,-0.339208,-0.055686,0.429887,-0.325914,0.280326,0.529361,0.304018,-0.433355,0.631845,-0.076169,-0.627237
579.000000,0.178624,-0.123324,0.129220,0.254930,-0.242059,-0.079980,0.343702,-0.341141,-0.041883,0.430075,-0.316914,0.290741,0.529841,0.292556,-0.441749,0.632066,-0.089655,-0.625675
580.000000,0.178513,-0.112214,0.138834,0.254418,-0.245462,-0.066910,0.343363,-0.342209,-0.028122,0.430141,-0.307553,0.300721,0.530840,0.281173,-0.450258,0.632186,-0.102782,-0.623774
581.000000,0.178809,-0.101014,0.147543,0.254437,-0.248690,-0.053773,0.343389,-0.343067,-0.014860,0.430165,-0.297849,0.310368,0.531413,0.270187,-0.457602,0.631975,-0.112910,-0.621807
582.000000,0.179192,-0.089233,0.155394,0.253971,-0.250611,-0.041176,0.343451,-0.343449,-0.001135,0.431112,-0.288331,0.320504,0.532541,0.259090,-0.465265,0.632309,-0.123665,-0.620098
583.000000,0.179786,-0.076733,0.162588,0.254392,-0.252842,-0.028038,0.342908,-0.342670,0.012759,0.431167,-0.277861,0.329695,0.532990,0.246848,-0.472381,0.632625,-0.135795,-0.617879
584.000000,0.180239,-0.063700,0.168607,0.254902,-0.254456,-0.015077,0.342096,-0.341066,0.026533,0.431413,-0.267136,0.338755,0.533792,0.234681,-0.479436,0.632579,-0.147468,-0.615150
585.000000,0.180800,-0.050443,0.173621,0.254891,-0.254885,-0.001796,0.341643,-0.339279,0.040122,0.431835,-0.256682,0.347269,0.534370,0.222809,-0.485702,0.633449,-0.159705,-0.612986
586.000000,0.181217,-0.036712,0.177459,0.255637,-0.255350,0.012107,0.340846,-0.336525,0.054102,0.432197,-0.245953,0.355389,0.534986,0.210307,-0.491916,0.633406,-0.172569,-0.609445
587.000000,0.181231,-0.022914,0.179777,0.255848,-0.254536,0.025876,0.340573,-0.333690,0.068123,0.432900,-0.234582,0.363832,0.535306,0.197789,-0.497426,0.633417,-0.184450,-0.605966
588.000000,0.181990,-0.008409,0.181796,0.255692,-0.252756,0.038637,0.340236,-0.330326,0.081518,0.433038,-0.223180,0.371097,0.535412,0.185130,-0.502388,0.633626,-0.197734,-0.601983
589.000000,0.181782,0.005594,0.181696,0.255108,-0.249846,0.051550,0.340256,-0.326819,0.094677,0.433700,-0.211443,0.378665,0.535800,0.172242,-0.507360,0.633545,-0.210481,-0.597559
590.000000,0.181580,0.020025,0.180473,0.255224,-0.246841,0.064876,0.340635,-0.323426,0.106903,0.434509,-0.199784,0.385855,0.536144,0.158840,-0.512075,0.632769,-0.222669,-0.592296
591.000000,0.181847,0.033763,0.178685,0.255250,-0.242867,0.078538,0.340803,-0.318915,0.120168,0.434575,-0.188958,0.391345,0.536511,0.145893,-0.516294,0.632442,-0.235280,-0.587049
592.000000,0.181205,0.047030,0.174995,0.255085,-0.237987,0.091818,0.341523,-0.315444,0.130892,0.435140,-0.175552,0.398156,0.536575,0.132346,-0.519997,0.632743,-0.248188,-0.582037
593.000000,0.180817,0.060466,0.170407,0.254632,-0.232160,0.104592,0.341938,-0.310824,0.142513,0.435310,-0.163142,0.403583,0.536593,0.118973,-0.523237,0.631819,-0.260391,-0.575667
594.000000,0.180551,0.073585,0.164875,0.254085,-0.225560,0.116971,0.342736,-0.306285,0.153810,0.435428,-0.150170,0.408713,0.536440,0.105305,-0.526003,0.631381,-0.272177,-0.569703
595.000000,0.180669,0.086204,0.158777,0.253547,-0.218173,0.129175,0.343344,-0.301067,0.165057,0.435520,-0.136869,0.413455,0.536872,0.091639,-0.528994,0.631078,-0.284730,-0.563194
596.000000,0.179995,0.098127,0.150895,0.253104,-0.210372,0.140732,0.343358,-0.294707,0.176188,0.435838,-0.123921,0.417849,0.536673,0.077754,-0.531010,0.631107,-0.296512,-0.557115
597.000000,0.179515,0.109137,0.142529,0.252338,-0.201401,0.152026,0.343122,-0.287411,0.187424,0.435949,-0.110669,0.421668,0.537168,0.064023,-0.533339,0.631037,-0.308560,-0.550452
598.000000,0.179233,0.120063,0.133077,0.251963,-0.192274,0.162837,0.343226,-0.279587,0.199086,0.435814,-0.096698,0.424951,0.537285,0.050441,-0.534912,0.630904,-0.320384,-0.543501
599.000000,0.179190,0.130168,0.123147,0.252019,-0.183197,0.173068,0.342946,-0.270898,0.210301,0.436115,-0.082830,0.428177,0.537965,0.035568,-0.536788,0.630240,-0.332242,-0.535553
600.000000,0.179743,0.139901,0.112850,0.252007,-0.173067,0.183181,0.342484,-0.261623,0.221018,0.436419,-0.069103,0.430914,0.538824,0.023935,-0.538292,0.629707,-0.343628,-0.527684
