x1,y1,theta1,hue1,sat1,x2,y2,theta2,hue2,sat2,x3,y3,theta3,hue3,sat3
0.425432,0.456954,-0.555489,0.868828,0.269295,0.273860,0.233041,-0.150559,0.883952,0.243220,0.511388,0.239817,-0.312899,0.788036,0.249941
0.425432,0.456954,-0.555489,0.868828,0.269295,0.273860,0.233041,-0.150559,0.883952,0.243220,0.511388,0.239817,-0.312899,0.788036,0.249941
0.424944,0.459795,-0.557517,0.869300,0.269665,0.274502,0.237450,-0.146848,0.884153,0.243016,0.511958,0.244515,-0.304895,0.786887,0.249519
0.422661,0.467417,-0.560552,0.867499,0.274482,0.274947,0.247858,-0.140360,0.909323,0.247763,0.513638,0.255006,-0.300913,0.794595,0.268747
0.421227,0.474470,-0.565235,0.869984,0.269808,0.276410,0.254670,-0.142188,0.909323,0.247763,0.514914,0.262707,-0.294706,0.794595,0.268747
0.420040,0.480214,-0.566148,0.876014,0.259861,0.277091,0.260589,-0.139825,0.908153,0.243305,0.515377,0.269233,-0.295950,0.790597,0.252259
0.418804,0.483576,-0.564060,0.875292,0.257626,0.277710,0.264924,-0.135255,0.908153,0.243305,0.515561,0.273997,-0.294750,0.790597,0.252259
0.417619,0.488313,-0.569977,0.875373,0.256880,0.278279,0.270558,-0.132027,0.894179,0.250154,0.516616,0.279253,-0.288244,0.787472,0.253502
0.417567,0.491337,-0.575581,0.875946,0.257250,0.279729,0.274413,-0.129792,0.894179,0.250154,0.516888,0.283709,-0.281106,0.787088,0.257776
0.417118,0.493950,-0.578911,0.873346,0.261208,0.279541,0.278077,-0.125379,0.894537,0.255355,0.516687,0.287976,-0.273325,0.787999,0.251366
0.416423,0.497346,-0.584865,0.876459,0.261520,0.279992,0.281676,-0.124737,0.889292,0.265581,0.517107,0.291147,-0.261616,0.792432,0.248809
0.415018,0.500337,-0.594303,0.876602,0.256879,0.279872,0.284372,-0.125470,0.889292,0.265581,0.517465,0.293075,-0.252926,0.792432,0.248809
0.414370,0.502445,-0.604435,0.879216,0.253708,0.279762,0.287456,-0.118074,0.882197,0.279967,0.517622,0.295287,-0.245569,0.792930,0.254096
0.414148,0.503569,-0.607249,0.876985,0.257111,0.279237,0.290411,-0.112568,0.882197,0.279967,0.517925,0.297640,-0.235740,0.794837,0.257985
0.414209,0.504013,-0.607993,0.876985,0.257111,0.279175,0.291854,-0.106798,0.882644,0.276481,0.518192,0.299462,-0.228615,0.794745,0.258232
0.413939,0.504822,-0.611682,0.876895,0.257846,0.279593,0.293673,-0.095554,0.878863,0.281630,0.518340,0.301672,-0.217897,0.793429,0.257200
0.413662,0.505571,-0.614345,0.877310,0.259265,0.279709,0.295251,-0.085382,0.878863,0.281630,0.518412,0.303483,-0.210869,0.793429,0.257200
0.413466,0.506151,-0.618076,0.875857,0.260112,0.279843,0.296689,-0.076082,0.880771,0.281001,0.518586,0.305186,-0.203444,0.795420,0.258688
0.413180,0.506721,-0.621325,0.875457,0.260990,0.279931,0.297823,-0.071739,0.883888,0.276201,0.518884,0.306993,-0.197273,0.795420,0.258688
0.412876,0.507192,-0.622495,0.876023,0.261824,0.279765,0.299020,-0.065365,0.885906,0.272056,0.519250,0.308813,-0.187659,0.794058,0.255538
0.412860,0.507119,-0.623328,0.874970,0.260975,0.280117,0.299778,-0.064290,0.885874,0.270975,0.519367,0.309870,-0.182816,0.793239,0.248775
0.412986,0.507113,-0.623372,0.874970,0.260975,0.279987,0.300618,-0.063782,0.885874,0.270975,0.519496,0.310763,-0.179542,0.792713,0.245913
0.412883,0.507109,-0.623266,0.875188,0.260820,0.280060,0.301013,-0.061197,0.884324,0.272201,0.519678,0.311592,-0.175772,0.792236,0.245078
0.412990,0.507148,-0.622971,0.875188,0.260820,0.280120,0.301011,-0.060356,0.885369,0.272861,0.519618,0.312271,-0.171426,0.792236,0.245078
0.412873,0.507243,-0.622765,0.875188,0.260820,0.280121,0.301031,-0.059507,0.884324,0.272201,0.519599,0.312286,-0.171866,0.791268,0.245616
0.412953,0.507146,-0.623671,0.874835,0.262062,0.279945,0.301035,-0.060470,0.885359,0.271277,0.519604,0.312261,-0.171603,0.791464,0.245111
0.412835,0.507271,-0.622563,0.874149,0.261905,0.280103,0.301028,-0.060034,0.885359,0.271277,0.519569,0.312357,-0.172552,0.791527,0.244946
0.412823,0.507172,-0.624129,0.874149,0.261905,0.280037,0.301002,-0.060524,0.885727,0.272324,0.519607,0.312264,-0.171494,0.791527,0.244946
0.412838,0.507184,-0.623229,0.874149,0.261905,0.280072,0.301013,-0.060628,0.886183,0.271121,0.519583,0.312318,-0.171935,0.791220,0.243630
0.412873,0.507190,-0.623151,0.874149,0.261905,0.280118,0.300985,-0.060501,0.884683,0.271666,0.519599,0.312258,-0.171723,0.791220,0.243630
0.412860,0.507210,-0.623152,0.874970,0.260975,0.280045,0.301038,-0.061307,0.885718,0.270742,0.519593,0.312314,-0.171874,0.791698,0.244420
0.412878,0.507197,-0.623001,0.874970,0.260975,0.280114,0.301020,-0.060155,0.885898,0.270474,0.519611,0.312275,-0.171803,0.791698,0.244420
0.412834,0.507217,-0.623488,0.874970,0.260975,0.279945,0.301081,-0.060391,0.886722,0.270317,0.519586,0.312319,-0.171622,0.791590,0.244782
0.412841,0.507214,-0.623422,0.874970,0.260975,0.280045,0.300982,-0.060851,0.885800,0.271140,0.519596,0.312308,-0.172126,0.791284,0.243470
0.412959,0.507185,-0.623266,0.874617,0.262220,0.280135,0.301047,-0.060868,0.886259,0.269939,0.519593,0.312314,-0.171901,0.791284,0.243470
0.412215,0.503509,-0.626508,0.876641,0.257425,0.279840,0.298160,-0.052965,0.886439,0.269672,0.520452,0.309215,-0.164149,0.790994,0.244291
0.409191,0.481158,-0.627505,0.876641,0.257425,0.280118,0.273226,-0.033950,0.881575,0.278589,0.525665,0.283498,-0.125317,0.790631,0.247223
0.405787,0.452120,-0.618793,0.873330,0.262889,0.281074,0.242645,-0.035069,0.898079,0.241261,0.529821,0.248808,-0.136761,0.782155,0.237860
0.402744,0.422898,-0.609107,0.865464,0.273326,0.280620,0.212172,-0.038530,0.896025,0.243870,0.531721,0.216696,-0.141752,0.791002,0.271435
0.400149,0.394686,-0.602486,0.873143,0.265938,0.281640,0.183821,-0.035223,0.873052,0.257284,0.533268,0.185172,-0.143172,0.773005,0.242502
0.397449,0.366733,-0.592326,0.873143,0.265938,0.280999,0.154492,-0.033088,0.869521,0.234733,0.536324,0.154370,-0.151315,0.762846,0.226009
0.394581,0.338624,-0.580408,0.872429,0.262365,0.281540,0.125970,-0.036427,0.853628,0.225647,0.537215,0.122297,-0.152223,0.759570,0.254087
0.392778,0.311016,-0.571742,0.862128,0.269215,0.280779,0.096674,-0.039475,0.834374,0.251524,0.539419,0.090949,-0.160826,0.749638,0.216890
0.390781,0.283222,-0.563642,0.858579,0.260927,0.280697,0.067627,-0.042413,0.828247,0.235557,0.541216,0.059559,-0.170147,0.739452,0.205454
0.389557,0.254645,-0.556174,0.854070,0.251730,0.280570,0.038390,-0.046709,0.816121,0.256851,0.541886,0.028347,-0.173715,0.734257,0.215306
0.387771,0.226158,-0.545012,0.857652,0.281631,0.279452,0.009257,-0.048954,0.806022,0.259083,0.541803,-0.003047,-0.182294,0.716012,0.222513
0.386310,0.197659,-0.534618,0.830824,0.258316,0.278746,-0.020636,-0.053255,0.790271,0.271421,0.541005,-0.034876,-0.184000,0.704845,0.218064
0.385282,0.169911,-0.528765,0.825310,0.302759,0.278845,-0.049893,-0.050613,0.769708,0.245107,0.541128,-0.066572,-0.183002,0.675154,0.216833
0.384430,0.141313,-0.515159,0.817731,0.283280,0.278277,-0.079771,-0.047471,0.742984,0.234571,0.540879,-0.097816,-0.189043,0.652264,0.210718
0.383927,0.111704,-0.507859,0.813617,0.296847,0.278580,-0.108667,-0.055221,0.722374,0.253094,0.539508,-0.128806,-0.190973,0.643827,0.222131
0.382497,0.082070,-0.501481,0.799016,0.259066,0.277628,-0.138489,-0.057893,0.699123,0.282524,0.540489,-0.159434,-0.198966,0.621058,0.216973
0.381745,0.053158,-0.495710,0.788751,0.253976,0.277059,-0.167575,-0.059674,0.683795,0.282870,0.540135,-0.190265,-0.203717,0.615831,0.230646
0.381714,0.021720,-0.482414,0.782317,0.264793,0.276594,-0.199917,-0.067876,0.678612,0.267685,0.540834,-0.224646,-0.216353,0.599874,0.226573
0.381639,-0.004769,-0.475150,0.777720,0.267120,0.275789,-0.226413,-0.071114,0.678945,0.252398,0.541129,-0.252166,-0.223620,0.592336,0.245335
0.381720,-0.034905,-0.470017,0.765423,0.242127,0.274765,-0.256574,-0.069895,0.669038,0.246278,0.540868,-0.283233,-0.225656,0.592757,0.265640
0.381548,-0.064629,-0.468472,0.758774,0.251307,0.274690,-0.286165,-0.067283,0.676628,0.224777,0.540703,-0.314099,-0.228870,0.595420,0.221333
0.382246,-0.093138,-0.462137,0.743757,0.258728,0.274726,-0.315129,-0.063753,0.663449,0.246433,0.539346,-0.344502,-0.230042,0.587293,0.225498
0.383155,-0.119748,-0.458868,0.735618,0.272635,0.273631,-0.341408,-0.068225,0.643633,0.246895,0.538292,-0.371447,-0.234944,0.577594,0.220130
0.383573,-0.143295,-0.449822,0.722453,0.285106,0.273805,-0.364598,-0.075535,0.637331,0.240282,0.538175,-0.393844,-0.238212,0.574070,0.222961
0.384172,-0.164942,-0.448306,0.717691,0.258453,0.272671,-0.384536,-0.074034,0.642200,0.229514,0.537460,-0.414056,-0.237536,0.575220,0.230557
0.384209,-0.182337,-0.447929,0.712665,0.268390,0.273015,-0.402466,-0.077288,0.644718,0.224122,0.535640,-0.432160,-0.235056,0.573453,0.223942
0.384194,-0.198173,-0.446684,0.704178,0.301446,0.272060,-0.418213,-0.079226,0.640171,0.227750,0.534698,-0.447292,-0.242882,0.567233,0.220858
0.384904,-0.211305,-0.441506,0.706104,0.269268,0.271988,-0.432475,-0.079500,0.635570,0.226757,0.534467,-0.461698,-0.248380,0.572799,0.243852
0.386395,-0.223405,-0.435563,0.695502,0.296721,0.271372,-0.446007,-0.081124,0.625363,0.234263,0.533643,-0.474081,-0.252145,0.572852,0.238278
0.387490,-0.234801,-0.430616,0.695669,0.299954,0.271532,-0.459112,-0.080256,0.631150,0.221385,0.533000,-0.485672,-0.256280,0.571814,0.237137
0.388436,-0.244153,-0.424073,0.697782,0.287405,0.270971,-0.469552,-0.081799,0.632603,0.224226,0.532020,-0.494604,-0.258692,0.556313,0.234454
0.389257,-0.252806,-0.417843,0.701482,0.281044,0.270863,-0.479002,-0.086915,0.622777,0.226999,0.531374,-0.502566,-0.262090,0.568829,0.233761
0.384213,-0.261966,-0.426431,0.705146,0.260500,0.268663,-0.488120,-0.086310,0.619484,0.228887,0.524486,-0.511546,-0.286157,0.564393,0.227635
0.361058,-0.268911,-0.450768,0.706113,0.232148,0.245140,-0.492992,-0.106112,0.617139,0.234316,0.494843,-0.519216,-0.312066,0.562014,0.236643
0.331694,-0.274645,-0.451659,0.691760,0.279700,0.213901,-0.501431,-0.109491,0.590698,0.252979,0.461847,-0.527708,-0.307746,0.566314,0.246675
0.301667,-0.279893,-0.447148,0.685804,0.293855,0.182300,-0.509509,-0.103052,0.575399,0.271789,0.430499,-0.535338,-0.313724,0.564876,0.240481
0.273426,-0.285008,-0.439056,0.691795,0.262248,0.152492,-0.516455,-0.093833,0.573878,0.268038,0.399966,-0.542347,-0.316978,0.562464,0.242670
0.244190,-0.290322,-0.438194,0.692631,0.248688,0.122792,-0.523198,-0.101340,0.562659,0.268478,0.369124,-0.548656,-0.315324,0.559963,0.238778
0.214945,-0.295174,-0.437658,0.682232,0.260095,0.093114,-0.529258,-0.097831,0.561536,0.265576,0.338545,-0.555284,-0.320870,0.556924,0.255091
0.185885,-0.299711,-0.425192,0.674528,0.285432,0.063159,-0.533860,-0.083574,0.545884,0.284159,0.307294,-0.559871,-0.314885,0.550189,0.250001
0.155831,-0.304263,-0.427553,0.661533,0.290078,0.033422,-0.537208,-0.086488,0.540055,0.276139,0.276622,-0.564047,-0.322951,0.548542,0.241643
0.126855,-0.306838,-0.419154,0.658788,0.263554,0.003100,-0.541702,-0.084234,0.531782,0.273657,0.246348,-0.567237,-0.323164,0.550203,0.250790
0.097219,-0.309796,-0.421719,0.660163,0.258915,-0.026927,-0.545807,-0.085888,0.526041,0.259236,0.215623,-0.570222,-0.322897,0.552127,0.261174
0.067261,-0.311349,-0.415830,0.633741,0.268521,-0.056432,-0.548877,-0.074317,0.505826,0.281370,0.184940,-0.573392,-0.326876,0.546394,0.259643
0.036880,-0.313793,-0.415071,0.615400,0.277265,-0.085758,-0.551150,-0.079938,0.490629,0.253728,0.155061,-0.575856,-0.319688,0.537579,0.249154
0.007342,-0.315520,-0.413317,0.593210,0.292435,-0.116425,-0.553459,-0.064841,0.478812,0.255826,0.124691,-0.578133,-0.320014,0.545971,0.279894
-0.022492,-0.318300,-0.411906,0.570448,0.295900,-0.147267,-0.555395,-0.060669,0.463021,0.256992,0.094234,-0.580055,-0.323069,0.541464,0.286838
-0.052116,-0.321026,-0.409796,0.552590,0.287813,-0.178324,-0.556340,-0.063846,0.446007,0.251840,0.064076,-0.581468,-0.323782,0.530972,0.276397
-0.082502,-0.324067,-0.400994,0.540648,0.279066,-0.208329,-0.558078,-0.069179,0.435141,0.250756,0.033324,-0.583031,-0.325064,0.522831,0.270329
-0.111964,-0.325858,-0.401214,0.526566,0.274441,-0.237543,-0.559880,-0.067404,0.432554,0.242833,0.002277,-0.585349,-0.323477,0.515172,0.266888
-0.141584,-0.327297,-0.399863,0.507510,0.269857,-0.266808,-0.561731,-0.065402,0.418161,0.246425,-0.027227,-0.586543,-0.323219,0.506217,0.256493
-0.171405,-0.328025,-0.392321,0.489385,0.263410,-0.296567,-0.563551,-0.061068,0.405181,0.237981,-0.055170,-0.587384,-0.323269,0.498836,0.260957
-0.204924,-0.330193,-0.391973,0.480747,0.256973,-0.328649,-0.566865,-0.050135,0.396074,0.236538,-0.089559,-0.588245,-0.327367,0.492205,0.264267
-0.231458,-0.330527,-0.388382,0.461219,0.233054,-0.355650,-0.568500,-0.023322,0.383420,0.249924,-0.117451,-0.590272,-0.326486,0.487289,0.268065
-0.260132,-0.332578,-0.385942,0.436708,0.242063,-0.383494,-0.565733,-0.051760,0.377063,0.271881,-0.146521,-0.589603,-0.334408,0.476210,0.259738
-0.295239,-0.335841,-0.375955,0.419694,0.231019,-0.419940,-0.565362,-0.035576,0.363686,0.273615,-0.181627,-0.588808,-0.330431,0.466063,0.259521
-0.306623,-0.336878,-0.378212,0.407616,0.237825,-0.432470,-0.567190,-0.008808,0.354397,0.260124,-0.192973,-0.588926,-0.330072,0.466063,0.259521
-0.326138,-0.339127,-0.378887,0.408098,0.239806,-0.452511,-0.567726,-0.008431,0.352503,0.260560,-0.212361,-0.590374,-0.334409,0.463972,0.246581
-0.342570,-0.338928,-0.365888,0.395271,0.222794,-0.469393,-0.566858,-0.025900,0.338926,0.256150,-0.228040,-0.588872,-0.336828,0.462848,0.256478
-0.356377,-0.339233,-0.362659,0.385982,0.219782,-0.484962,-0.566276,-0.032697,0.326729,0.252056,-0.243604,-0.587674,-0.334765,0.458790,0.257910
-0.371081,-0.339420,-0.359751,0.375406,0.225133,-0.499298,-0.567344,-0.027591,0.318057,0.260953,-0.256372,-0.586155,-0.330559,0.451972,0.250920
-0.382507,-0.340699,-0.354826,0.374861,0.229189,-0.511767,-0.569686,0.011645,0.317005,0.264068,-0.268834,-0.585800,-0.341687,0.446679,0.250215
-0.393076,-0.340501,-0.343900,0.365508,0.232653,-0.522738,-0.569105,-0.008887,0.310044,0.267676,-0.279565,-0.585294,-0.335246,0.439988,0.251248
-0.402290,-0.341638,-0.342129,0.359592,0.224587,-0.532893,-0.569377,0.005896,0.297756,0.264413,-0.287916,-0.583643,-0.337944,0.438813,0.246676
-0.410244,-0.342195,-0.333078,0.357875,0.216844,-0.541218,-0.568549,-0.013336,0.289163,0.257853,-0.295688,-0.582098,-0.328499,0.439960,0.246609
-0.417669,-0.340870,-0.322366,0.358123,0.224467,-0.549623,-0.569374,-0.004822,0.296186,0.251394,-0.303171,-0.579845,-0.323574,0.439550,0.247444
-0.424190,-0.342364,-0.303585,0.355139,0.226166,-0.557487,-0.571514,0.021542,0.296840,0.254819,-0.309276,-0.578694,-0.321302,0.433623,0.249725
-0.428351,-0.341510,-0.320127,0.353157,0.226908,-0.563307,-0.569067,-0.014741,0.293548,0.258221,-0.314398,-0.577566,-0.319506,0.433745,0.249877
-0.435029,-0.341016,-0.299551,0.350906,0.226647,-0.570344,-0.569707,-0.005863,0.294557,0.258121,-0.320458,-0.577648,-0.314122,0.435319,0.252677
-0.437275,-0.340400,-0.299719,0.348273,0.228463,-0.573430,-0.570542,0.003081,0.296484,0.256207,-0.323862,-0.575838,-0.319684,0.435319,0.252677
-0.441021,-0.320976,-0.293168,0.347791,0.232492,-0.578881,-0.555735,-0.007199,0.288988,0.254009,-0.333426,-0.550911,-0.329052,0.430876,0.249141
-0.446555,-0.291584,-0.300308,0.340715,0.232450,-0.582883,-0.526139,-0.015183,0.286129,0.256683,-0.343904,-0.515295,-0.324018,0.427646,0.252305
-0.451911,-0.261137,-0.299899,0.329802,0.222715,-0.587950,-0.494471,-0.019458,0.286129,0.256683,-0.352788,-0.483437,-0.304597,0.426805,0.263140
-0.457367,-0.232544,-0.302056,0.304598,0.220481,-0.591237,-0.467656,0.015899,0.273805,0.253137,-0.358606,-0.454673,-0.292919,0.421759,0.262123
-0.461495,-0.203953,-0.300873,0.292676,0.211610,-0.594263,-0.438699,0.019240,0.269107,0.255497,-0.363746,-0.423229,-0.287636,0.419716,0.264110
-0.465315,-0.175593,-0.302470,0.267543,0.208236,-0.595012,-0.407042,-0.020413,0.262581,0.272705,-0.367913,-0.393340,-0.280698,0.417121,0.263499
-0.469145,-0.145973,-0.303141,0.298394,0.263316,-0.596086,-0.378789,0.012629,0.255652,0.255633,-0.372665,-0.362541,-0.273995,0.412929,0.271997
-0.471809,-0.116721,-0.302519,0.249377,0.209414,-0.599427,-0.348309,-0.010307,0.255470,0.259128,-0.376769,-0.332819,-0.255838,0.377439,0.284651
-0.474862,-0.087695,-0.305211,0.234493,0.216443,-0.600600,-0.318659,-0.011576,0.254093,0.253603,-0.380002,-0.302176,-0.246394,0.386920,0.285714
-0.477286,-0.058526,-0.308249,0.224895,0.213594,-0.603867,-0.289380,-0.011394,0.242252,0.248543,-0.381816,-0.272545,-0.259751,0.385451,0.288620
-0.478058,-0.028869,-0.313652,0.220152,0.222804,-0.604935,-0.259407,-0.011707,0.242252,0.248543,-0.383518,-0.240086,-0.251736,0.381266,0.281475
-0.478773,0.000291,-0.312953,0.205140,0.224648,-0.606849,-0.230147,-0.009259,0.249683,0.261737,-0.385787,-0.209951,-0.238695,0.363100,0.280836
-0.480885,0.038236,-0.318472,0.192754,0.232789,-0.609200,-0.191466,-0.005993,0.232524,0.265379,-0.387088,-0.169656,-0.238698,0.347460,0.275340
-0.482181,0.058536,-0.322495,0.177647,0.232718,-0.609791,-0.170789,-0.001649,0.232524,0.265379,-0.387677,-0.148334,-0.234963,0.349856,0.272786
-0.484116,0.086942,-0.311323,0.161648,0.246516,-0.611555,-0.141028,0.003025,0.227609,0.259698,-0.388556,-0.118046,-0.228873,0.321409,0.274002
-0.486205,0.124157,-0.315117,0.149733,0.247628,-0.613163,-0.101708,0.002738,0.224107,0.256158,-0.389069,-0.077551,-0.224128,0.313457,0.262541
-0.486479,0.144539,-0.312710,0.141764,0.260403,-0.613794,-0.080970,0.004479,0.224107,0.256158,-0.389491,-0.056353,-0.219898,0.290801,0.270650
-0.487100,0.173918,-0.320525,0.145155,0.263244,-0.614648,-0.050786,0.002748,0.219861,0.264368,-0.390091,-0.026700,-0.212616,0.271500,0.277341
-0.487201,0.204632,-0.322949,0.131661,0.266296,-0.615147,-0.021137,0.006718,0.219861,0.264368,-0.391241,0.003374,-0.204597,0.259544,0.279992
-0.487547,0.233993,-0.327728,0.126636,0.253503,-0.616174,0.008116,0.008729,0.219861,0.264368,-0.392380,0.034848,-0.199363,0.244917,0.292811
-0.488402,0.263336,-0.326303,0.116313,0.257240,-0.616608,0.037254,0.013340,0.215384,0.259389,-0.392895,0.063844,-0.192082,0.235557,0.302567
-0.489332,0.292612,-0.328241,0.120939,0.249015,-0.617226,0.067227,0.012674,0.193331,0.281821,-0.393664,0.094675,-0.190208,0.235557,0.302567
-0.489783,0.322012,-0.326554,0.098744,0.257015,-0.618039,0.096057,0.012979,0.177547,0.284793,-0.393865,0.124140,-0.181783,0.218036,0.299710
-0.491271,0.350593,-0.324729,0.092452,0.248200,-0.619613,0.126252,0.016712,0.167640,0.295681,-0.393319,0.153829,-0.171060,0.208853,0.291550
-0.491734,0.379514,-0.324410,0.090638,0.224948,-0.619238,0.155942,0.016826,0.158318,0.302617,-0.393378,0.184987,-0.176268,0.204133,0.327330
-0.492181,0.406943,-0.320103,0.081634,0.225499,-0.620173,0.183438,0.013958,0.161630,0.298979,-0.391680,0.211411,-0.169419,0.195263,0.312922
-0.492639,0.431170,-0.323973,0.063635,0.243951,-0.619653,0.207776,0.017908,0.158235,0.289658,-0.391410,0.234600,-0.170420,0.194438,0.317416
-0.492608,0.452462,-0.325785,0.061120,0.243359,-0.620118,0.228822,0.013319,0.150089,0.321168,-0.390287,0.257086,-0.165235,0.183551,0.316548
-0.491706,0.471927,-0.330785,0.065113,0.218878,-0.621199,0.248008,0.026635,0.150693,0.304130,-0.390221,0.275165,-0.161576,0.176937,0.312300
-0.492462,0.488789,-0.324142,0.054553,0.239524,-0.620034,0.263519,0.012866,0.149897,0.324123,-0.389724,0.291151,-0.155952,0.180714,0.306230
-0.494485,0.503820,-0.320708,0.065889,0.236369,-0.620113,0.280036,0.029815,0.134165,0.249513,-0.388760,0.305869,-0.152009,0.180633,0.296058
-0.496283,0.519861,-0.317323,0.046708,0.238902,-0.620585,0.297530,0.028347,0.130629,0.302898,-0.387448,0.321845,-0.148169,0.175967,0.277118
-0.497593,0.528352,-0.310156,0.050773,0.240256,-0.619579,0.306077,0.025868,0.130629,0.302898,-0.387248,0.330873,-0.146281,0.172972,0.273366
-0.483294,0.536530,-0.287956,0.040913,0.246037,-0.595243,0.317094,0.043500,0.130745,0.301102,-0.367154,0.342519,-0.127841,0.168981,0.265449
-0.456517,0.543639,-0.260338,0.040180,0.238212,-0.565411,0.328214,0.036538,0.129372,0.297539,-0.334746,0.355039,-0.118294,0.166549,0.282566
-0.427464,0.551311,-0.261963,0.036987,0.238828,-0.537088,0.338640,0.029382,0.118580,0.290181,-0.302268,0.367127,-0.120693,0.157460,0.290273
-0.396854,0.558351,-0.260241,0.038685,0.240076,-0.509254,0.349382,0.034365,0.115797,0.289390,-0.270953,0.375548,-0.118955,0.141166,0.279440
-0.365978,0.565100,-0.263549,0.038685,0.240076,-0.481352,0.358526,0.025862,0.113459,0.290363,-0.239372,0.384044,-0.112163,0.100245,0.290063
-0.335741,0.570414,-0.261456,0.029497,0.243266,-0.452400,0.365562,0.027927,0.108646,0.298443,-0.208988,0.391101,-0.114840,0.085146,0.277898
-0.305531,0.576343,-0.269889,0.009982,0.269233,-0.424413,0.371712,0.022466,0.104707,0.296043,-0.178409,0.397373,-0.118786,0.062378,0.282706
-0.276054,0.581231,-0.277508,0.013848,0.256504,-0.396078,0.378146,0.024894,0.103659,0.300334,-0.146970,0.403878,-0.113929,0.041055,0.280205
-0.246384,0.586155,-0.281849,0.997449,0.273180,-0.367261,0.383974,0.020084,0.092850,0.291742,-0.116136,0.409642,-0.111020,0.959421,0.312950
-0.213300,0.590381,-0.281263,0.008495,0.258943,-0.334810,0.389419,0.012184,0.087330,0.287406,-0.081514,0.413264,-0.108100,0.971718,0.297758
-0.186102,0.593340,-0.285390,0.989063,0.284682,-0.308324,0.393141,0.020297,0.078644,0.282599,-0.054172,0.417793,-0.112708,0.940050,0.319078
-0.156587,0.596130,-0.286281,0.989063,0.284682,-0.279099,0.397235,0.010296,0.071598,0.291013,-0.023963,0.421736,-0.117650,0.926707,0.336507
-0.129947,0.598529,-0.288985,0.992064,0.270969,-0.250619,0.401140,0.015928,0.069905,0.292368,0.006813,0.425151,-0.111930,0.916756,0.354072
-0.102041,0.601747,-0.291917,0.992064,0.270969,-0.221556,0.403448,0.005321,0.061425,0.289261,0.037947,0.428695,-0.105340,0.877834,0.356167
-0.060502,0.606152,-0.302411,0.978337,0.273850,-0.179924,0.405986,0.008472,0.050531,0.278502,0.080905,0.432852,-0.103541,0.897754,0.324269
-0.042176,0.608269,-0.307367,0.956564,0.295777,-0.161871,0.408638,-0.005552,0.050531,0.278502,0.099358,0.433713,-0.108934,0.883955,0.329232
-0.011903,0.610355,-0.306229,0.953535,0.289660,-0.132146,0.411117,-0.008318,0.039994,0.282854,0.129639,0.435547,-0.106008,0.890320,0.290060
0.018669,0.611533,-0.309664,0.953535,0.289660,-0.103099,0.411652,-0.015793,0.032734,0.286975,0.160277,0.437008,-0.102043,0.883863,0.300368
0.049512,0.612169,-0.310048,0.939913,0.281307,-0.073696,0.412929,-0.018780,0.025611,0.294750,0.191164,0.438512,-0.103816,0.875760,0.290076
0.079574,0.613222,-0.311751,0.939913,0.281307,-0.043852,0.414144,-0.026108,0.014897,0.323109,0.221544,0.439565,-0.110094,0.874431,0.271107
0.108886,0.615101,-0.315199,0.945975,0.251949,-0.013625,0.415451,-0.031477,0.990802,0.338853,0.251102,0.439400,-0.110112,0.869600,0.276147
0.138872,0.616606,-0.318051,0.934733,0.252303,0.016164,0.416155,-0.041060,0.991640,0.329323,0.281075,0.439866,-0.106849,0.859240,0.303660
0.167011,0.617717,-0.320624,0.939576,0.243231,0.045467,0.416667,-0.051067,0.989942,0.312952,0.311431,0.439873,-0.105970,0.850131,0.315244
0.197672,0.618774,-0.320580,0.926017,0.254110,0.075014,0.417254,-0.060423,0.969235,0.311958,0.342397,0.440012,-0.110590,0.844178,0.313094
0.227041,0.619588,-0.320341,0.927346,0.247167,0.105429,0.419465,-0.055810,0.952158,0.307159,0.371939,0.439231,-0.118453,0.841483,0.282048
0.255567,0.620190,-0.321958,0.923193,0.245954,0.134114,0.421154,-0.062283,0.942589,0.301346,0.399856,0.438937,-0.123679,0.835297,0.256372
0.281928,0.620555,-0.320126,0.909297,0.259515,0.158036,0.421628,-0.062800,0.949942,0.262728,0.425266,0.439442,-0.121774,0.825307,0.246293
0.304017,0.621132,-0.328905,0.914733,0.246999,0.179171,0.420869,-0.074053,0.929753,0.278290,0.447501,0.439130,-0.122219,0.822476,0.248863
0.322837,0.621492,-0.335361,0.889459,0.276980,0.198544,0.421688,-0.085141,0.933139,0.269125,0.465870,0.438837,-0.130588,0.816309,0.245286
0.340554,0.623408,-0.339011,0.897644,0.257197,0.216292,0.421083,-0.090827,0.919068,0.278100,0.483329,0.437632,-0.129358,0.796012,0.222716
0.356010,0.624610,-0.343559,0.896928,0.254546,0.231595,0.421187,-0.096339,0.916493,0.276630,0.497515,0.437362,-0.131567,0.800400,0.234895
0.370565,0.625437,-0.343241,0.891970,0.259545,0.245414,0.420465,-0.101783,0.897044,0.292973,0.511254,0.436588,-0.131781,0.811322,0.251656
0.382809,0.625765,-0.347694,0.896447,0.254377,0.257876,0.420376,-0.104527,0.906156,0.275467,0.522635,0.435620,-0.130088,0.807911,0.253107
0.393431,0.622625,-0.354921,0.889649,0.250516,0.268245,0.414730,-0.102804,0.909086,0.269677,0.534638,0.431280,-0.111938,0.811970,0.269998
0.398639,0.599422,-0.352686,0.886137,0.250821,0.277293,0.388145,-0.084177,0.914183,0.250336,0.547921,0.402842,-0.093122,0.805586,0.263989
0.405996,0.569039,-0.345798,0.889348,0.248253,0.289415,0.357729,-0.091217,0.919051,0.230160,0.560038,0.367676,-0.097287,0.783795,0.230205
0.414159,0.539068,-0.337139,0.874500,0.257382,0.299040,0.328245,-0.090034,0.906310,0.232858,0.568842,0.335522,-0.102862,0.777461,0.221259
0.419990,0.510804,-0.327330,0.878237,0.253063,0.307198,0.299484,-0.089313,0.879222,0.266791,0.577875,0.303448,-0.109031,0.770715,0.214333
0.424848,0.482554,-0.317073,0.878019,0.253195,0.314474,0.271248,-0.096244,0.874851,0.266310,0.586416,0.271449,-0.116382,0.770887,0.225644
0.429973,0.453688,-0.305337,0.875169,0.248869,0.320558,0.242421,-0.095910,0.878741,0.273311,0.593207,0.239170,-0.119515,0.767679,0.239765
0.435438,0.425486,-0.297742,0.873252,0.256274,0.325153,0.214101,-0.093775,0.869174,0.242719,0.598823,0.207716,-0.130776,0.759793,0.218228
0.439821,0.400366,-0.299332,0.864762,0.260565,0.329987,0.187933,-0.100876,0.861227,0.237068,0.603540,0.178294,-0.135173,0.754297,0.217896
0.445070,0.365973,-0.300375,0.851926,0.271219,0.337222,0.154473,-0.107343,0.852320,0.231114,0.609626,0.140279,-0.143161,0.748423,0.215843
0.449556,0.339845,-0.298527,0.851926,0.271219,0.340003,0.128007,-0.107397,0.839338,0.230975,0.613227,0.112291,-0.145744,0.736258,0.207386
0.453924,0.310973,-0.300145,0.850974,0.257171,0.343200,0.098647,-0.110901,0.826850,0.212362,0.616167,0.080530,-0.151212,0.731537,0.206760
0.458177,0.282752,-0.301255,0.839291,0.254059,0.346645,0.070283,-0.113867,0.819353,0.217595,0.618052,0.048197,-0.155840,0.712729,0.223495
0.462123,0.254357,-0.306590,0.829532,0.277138,0.349245,0.040492,-0.115730,0.807536,0.248940,0.619645,0.017341,-0.153837,0.703744,0.210237
0.465893,0.225393,-0.308466,0.832605,0.269194,0.352236,0.010553,-0.118100,0.796464,0.223578,0.622296,-0.014479,-0.163469,0.688612,0.197786
0.469570,0.195738,-0.316302,0.816009,0.258779,0.354890,-0.018411,-0.117775,0.779721,0.202271,0.622707,-0.045315,-0.162326,0.671801,0.223931
0.473234,0.166443,-0.314062,0.808305,0.254884,0.356373,-0.048581,-0.113075,0.765984,0.231135,0.624697,-0.076257,-0.168478,0.643910,0.197704
0.475311,0.137383,-0.323242,0.794362,0.247710,0.358127,-0.078399,-0.119167,0.750198,0.240910,0.626786,-0.106278,-0.170006,0.639694,0.206668
0.477102,0.107793,-0.326761,0.799219,0.276595,0.359858,-0.108313,-0.122507,0.735622,0.226819,0.628374,-0.136006,-0.177123,0.631346,0.224411
0.479053,0.078210,-0.326539,0.791918,0.274742,0.360450,-0.138169,-0.122663,0.712169,0.264589,0.629929,-0.166479,-0.187752,0.605726,0.217331
0.481159,0.048469,-0.326744,0.779903,0.247690,0.362612,-0.167184,-0.127074,0.702230,0.244261,0.631690,-0.197196,-0.192270,0.607429,0.262845
0.483771,0.013773,-0.335213,0.769698,0.225602,0.364833,-0.202368,-0.124570,0.687247,0.249679,0.632898,-0.233566,-0.199876,0.607429,0.262845
0.484305,-0.003693,-0.343929,0.762363,0.224692,0.365692,-0.221369,-0.144853,0.664715,0.292537,0.632172,-0.253088,-0.228969,0.593238,0.240391
0.487247,0.010140,-0.369977,0.759635,0.234349,0.364915,-0.213850,-0.244307,0.673578,0.278018,0.625547,-0.242339,-0.338104,0.594610,0.233748
0.489585,0.038491,-0.380339,0.763020,0.238151,0.366409,-0.184502,-0.247158,0.665300,0.285468,0.621881,-0.208467,-0.329947,0.598731,0.258513
0.491369,0.068326,-0.371895,0.767176,0.231021,0.365465,-0.154574,-0.231724,0.693753,0.241832,0.617080,-0.174389,-0.317293,0.591232,0.247020
0.492811,0.096843,-0.370763,0.776133,0.243579,0.364458,-0.126540,-0.232434,0.706722,0.223345,0.613672,-0.142165,-0.311340,0.599575,0.209422
0.494346,0.122910,-0.368437,0.782909,0.241168,0.366063,-0.099696,-0.230289,0.707296,0.272412,0.611333,-0.112460,-0.305343,0.617140,0.236908
0.495468,0.146114,-0.369387,0.790174,0.264686,0.365821,-0.076435,-0.229376,0.726376,0.217327,0.609693,-0.087060,-0.303463,0.639862,0.233220
0.496936,0.165716,-0.371305,0.794643,0.258064,0.366508,-0.056452,-0.228981,0.742133,0.201904,0.609143,-0.065032,-0.294667,0.643196,0.216074
0.497819,0.183116,-0.372825,0.797857,0.263590,0.367073,-0.038320,-0.228747,0.755226,0.233224,0.608726,-0.044693,-0.292094,0.656112,0.221173
0.498579,0.198389,-0.366673,0.799947,0.254217,0.367528,-0.022497,-0.228377,0.769553,0.236875,0.609541,-0.025852,-0.281489,0.658573,0.196907
0.497817,0.212264,-0.364891,0.802250,0.263283,0.368787,-0.007698,-0.224860,0.775748,0.249385,0.610398,-0.010014,-0.286628,0.679829,0.193423
0.497374,0.224965,-0.360180,0.805267,0.243741,0.367642,0.005378,-0.224326,0.782138,0.253609,0.610231,0.004412,-0.279494,0.691774,0.194440
0.497232,0.235382,-0.353370,0.809374,0.242654,0.368601,0.017062,-0.223537,0.788902,0.227039,0.610308,0.016785,-0.277132,0.689079,0.195662
0.496290,0.244968,-0.348522,0.809894,0.238657,0.369902,0.027138,-0.219666,0.793340,0.224385,0.611086,0.028759,-0.269846,0.700079,0.216104
0.495860,0.254208,-0.345897,0.813799,0.289295,0.371044,0.036266,-0.220750,0.798014,0.253773,0.611191,0.038396,-0.266871,0.692949,0.209570
0.496204,0.261633,-0.334348,0.823579,0.260323,0.371603,0.045101,-0.218312,0.798570,0.257269,0.611437,0.047064,-0.266848,0.704565,0.207845
0.496117,0.265578,-0.329897,0.819319,0.261490,0.371464,0.051500,-0.215341,0.802745,0.246080,0.612057,0.054945,-0.258240,0.714997,0.218850
0.496006,0.270329,-0.326709,0.820682,0.271031,0.371838,0.058769,-0.216988,0.805436,0.243224,0.612589,0.062753,-0.257161,0.717349,0.214829
0.495674,0.275665,-0.319110,0.820341,0.279703,0.372838,0.065406,-0.215947,0.806510,0.243582,0.613397,0.069325,-0.258459,0.724961,0.219513
0.495302,0.280519,-0.317680,0.821522,0.280376,0.373684,0.070296,-0.206671,0.807235,0.244849,0.614108,0.074539,-0.252588,0.727318,0.221255
0.494712,0.285519,-0.319542,0.822538,0.268442,0.373459,0.074885,-0.204520,0.809858,0.235545,0.614993,0.080111,-0.248197,0.726349,0.229606
0.494011,0.288727,-0.318722,0.821917,0.254608,0.372703,0.078412,-0.194184,0.811280,0.241361,0.615836,0.084939,-0.241786,0.724933,0.219197
0.493902,0.290814,-0.317034,0.820795,0.251189,0.371838,0.081444,-0.186900,0.811965,0.250920,0.616606,0.088169,-0.242188,0.723800,0.207071
0.493650,0.292837,-0.317268,0.821790,0.251215,0.372794,0.085136,-0.192671,0.811611,0.259522,0.617258,0.090943,-0.229328,0.726712,0.210517
0.493504,0.294009,-0.315011,0.822677,0.254178,0.373558,0.088667,-0.186863,0.811230,0.251897,0.617473,0.093141,-0.220559,0.730130,0.219378
0.493500,0.294519,-0.313656,0.823076,0.257040,0.373891,0.090653,-0.179226,0.812694,0.248399,0.617747,0.095369,-0.212097,0.731975,0.222455
0.493899,0.295517,-0.308672,0.822748,0.260851,0.374244,0.092694,-0.167616,0.813921,0.248404,0.618078,0.097484,-0.202411,0.731228,0.217833
0.494236,0.296549,-0.301875,0.822000,0.263474,0.374756,0.094364,-0.157583,0.813925,0.242331,0.618342,0.099413,-0.193195,0.728993,0.213833
0.494225,0.297310,-0.301478,0.823553,0.262706,0.375107,0.095750,-0.150561,0.814498,0.237443,0.618923,0.100883,-0.188476,0.730174,0.212275
0.495038,0.298946,-0.291772,0.823241,0.262921,0.375140,0.097385,-0.141621,0.815296,0.238232,0.619260,0.103391,-0.178029,0.731795,0.210438
0.496069,0.301092,-0.281732,0.824561,0.260342,0.375269,0.099113,-0.133096,0.816388,0.236974,0.619783,0.106068,-0.165819,0.731204,0.200154
0.496136,0.301579,-0.281065,0.824561,0.260342,0.375385,0.099588,-0.132455,0.817490,0.237520,0.619876,0.106589,-0.164385,0.731292,0.195024
0.483966,0.306109,-0.290718,0.825725,0.288856,0.361358,0.103645,-0.142806,0.818280,0.239385,0.604120,0.108777,-0.192672,0.727485,0.216056
0.457256,0.314530,-0.291897,0.834644,0.258767,0.331210,0.106373,-0.139121,0.821464,0.253981,0.571246,0.111454,-0.191578,0.741872,0.236547
0.427874,0.321691,-0.290071,0.834757,0.297286,0.303936,0.108530,-0.131745,0.827872,0.245618,0.543058,0.111672,-0.190222,0.749929,0.236160
0.402955,0.327044,-0.285870,0.852443,0.277115,0.281409,0.110301,-0.126856,0.833732,0.221233,0.521275,0.112077,-0.185778,0.749963,0.226970
0.383333,0.330825,-0.287841,0.860974,0.259050,0.261603,0.112029,-0.121533,0.835308,0.256535,0.501173,0.112828,-0.186640,0.752248,0.217299
0.366592,0.334284,-0.281142,0.877162,0.261978,0.243562,0.113950,-0.115711,0.840245,0.259612,0.483910,0.114654,-0.181668,0.757598,0.218993
0.351550,0.337380,-0.273918,0.878626,0.259174,0.226543,0.115179,-0.112848,0.842052,0.267547,0.466807,0.115631,-0.182716,0.756738,0.215697
0.338973,0.339493,-0.263261,0.883215,0.264031,0.212053,0.116820,-0.114180,0.848791,0.266681,0.453463,0.115936,-0.183434,0.764020,0.233541
0.327472,0.342006,-0.253798,0.883215,0.264031,0.199064,0.117609,-0.113438,0.848791,0.266681,0.440503,0.117130,-0.184293,0.764020,0.233541
0.315363,0.344788,-0.239411,0.898811,0.258698,0.186427,0.118371,-0.106546,0.864084,0.247421,0.428984,0.117975,-0.186473,0.761728,0.225939
0.306798,0.346361,-0.231009,0.889727,0.275871,0.177061,0.119072,-0.109523,0.867626,0.271642,0.419749,0.118714,-0.184810,0.764511,0.244985
0.298299,0.347335,-0.222611,0.884327,0.291609,0.167497,0.119596,-0.106536,0.870520,0.284708,0.410614,0.119687,-0.184059,0.765828,0.249798
0.290077,0.348819,-0.209754,0.892081,0.271442,0.157455,0.120326,-0.108947,0.880846,0.264200,0.402293,0.120382,-0.185067,0.770299,0.240135
0.282596,0.349926,-0.207176,0.895938,0.276371,0.150982,0.120357,-0.105554,0.888222,0.261041,0.395387,0.120902,-0.184245,0.772353,0.242822
0.277009,0.350819,-0.201211,0.895477,0.278787,0.145144,0.120480,-0.099571,0.885254,0.289114,0.389444,0.121651,-0.184407,0.773604,0.241400
0.272108,0.351160,-0.193743,0.893530,0.285263,0.138762,0.120812,-0.100982,0.884836,0.293437,0.384176,0.122083,-0.185309,0.773268,0.239455
0.266790,0.351539,-0.184673,0.898377,0.274860,0.133703,0.121123,-0.095498,0.886318,0.300809,0.379760,0.122542,-0.186176,0.768571,0.231468
0.262050,0.351879,-0.173644,0.902481,0.265716,0.127644,0.121851,-0.094135,0.898976,0.278955,0.375112,0.123142,-0.187734,0.768571,0.231468
0.259181,0.352001,-0.170850,0.905210,0.267640,0.123213,0.122156,-0.096093,0.907194,0.268440,0.371365,0.123617,-0.188592,0.776445,0.238178
0.257466,0.352390,-0.166797,0.905443,0.269144,0.119318,0.122173,-0.094318,0.905772,0.270060,0.367821,0.124258,-0.188693,0.776445,0.238178
0.254924,0.352002,-0.160486,0.905443,0.269144,0.116211,0.122045,-0.092631,0.905772,0.270060,0.364699,0.124613,-0.190616,0.775891,0.235956
0.251959,0.351879,-0.157267,0.906727,0.266355,0.113550,0.122399,-0.089300,0.906524,0.281210,0.362011,0.125140,-0.190291,0.776715,0.237700
0.248830,0.352148,-0.153260,0.906417,0.264908,0.111571,0.122470,-0.092163,0.905331,0.289596,0.359785,0.125455,-0.193661,0.776422,0.236683
0.246284,0.352228,-0.146973,0.906417,0.264908,0.109082,0.122442,-0.088020,0.905331,0.289596,0.358607,0.125869,-0.196147,0.776422,0.236683
0.243900,0.352262,-0.141004,0.906814,0.264529,0.107049,0.122625,-0.083846,0.904381,0.296407,0.358310,0.126033,-0.198026,0.777082,0.235413
0.241876,0.352276,-0.137365,0.906814,0.264529,0.105402,0.122606,-0.086342,0.904742,0.302112,0.358268,0.126032,-0.197490,0.778479,0.236665
0.240381,0.352090,-0.135477,0.910843,0.261457,0.103571,0.122754,-0.088088,0.905577,0.305090,0.358279,0.126060,-0.196540,0.777439,0.236103
0.238807,0.351978,-0.133220,0.909173,0.261182,0.101942,0.122684,-0.087171,0.909834,0.302350,0.358284,0.126052,-0.197556,0.777439,0.236103
0.237837,0.351602,-0.130412,0.909173,0.261182,0.101367,0.122173,-0.079973,0.909834,0.302350,0.358321,0.125994,-0.197378,0.777439,0.236103
0.237658,0.351962,-0.128654,0.910143,0.262792,0.100708,0.121917,-0.077058,0.912168,0.297805,0.358285,0.126055,-0.197469,0.777087,0.234845
0.237368,0.352382,-0.131945,0.908883,0.263012,0.100524,0.121707,-0.080304,0.914920,0.294672,0.358306,0.126045,-0.197335,0.777087,0.234845
0.236955,0.352558,-0.133357,0.908883,0.263012,0.100184,0.121740,-0.075355,0.915493,0.294326,0.358207,0.126099,-0.197462,0.777623,0.234938
0.236904,0.352586,-0.133282,0.909276,0.262679,0.099587,0.121446,-0.074353,0.916609,0.292885,0.358295,0.126019,-0.197365,0.777623,0.234938
0.236885,0.352622,-0.132889,0.909276,0.262679,0.099356,0.121411,-0.072956,0.916609,0.292885,0.358297,0.126041,-0.197507,0.777623,0.234938
0.236903,0.352538,-0.133663,0.909785,0.263875,0.099336,0.121373,-0.073625,0.919747,0.290057,0.358287,0.126037,-0.197553,0.777973,0.236199
0.236907,0.352607,-0.133941,0.909785,0.263875,0.099349,0.121397,-0.073397,0.919747,0.290057,0.358253,0.126107,-0.197758,0.777439,0.236103
0.236935,0.352556,-0.133288,0.910143,0.262792,0.099258,0.121390,-0.073960,0.920144,0.290214,0.358254,0.126047,-0.197365,0.777693,0.234826
0.236925,0.352572,-0.133391,0.910143,0.262792,0.099405,0.121368,-0.074158,0.920144,0.290214,0.358296,0.126005,-0.197483,0.777287,0.235083
0.236920,0.352563,-0.133601,0.908415,0.262565,0.099332,0.121388,-0.073338,0.920003,0.290558,0.358297,0.126017,-0.197840,0.776633,0.233449
0.236865,0.352639,-0.132843,0.910339,0.262629,0.099358,0.121399,-0.073168,0.920003,0.290558,0.358276,0.126057,-0.197611,0.777127,0.234092
0.236894,0.352605,-0.133550,0.909472,0.262516,0.099403,0.121360,-0.073815,0.919721,0.291247,0.358248,0.126111,-0.196377,0.777127,0.234092
0.236892,0.352631,-0.132971,0.909472,0.262516,0.099341,0.121382,-0.073024,0.919721,0.291247,0.358248,0.126067,-0.197608,0.777278,0.233327
0.236893,0.352577,-0.133668,0.909472,0.262516,0.099308,0.121339,-0.074514,0.920121,0.291482,0.358309,0.126026,-0.197515,0.777278,0.233327
0.236897,0.352575,-0.133422,0.909472,0.262516,0.099347,0.121371,-0.073852,0.920121,0.291482,0.358251,0.126069,-0.197826,0.776789,0.232871
0.236887,0.352605,-0.133539,0.909472,0.262516,0.099372,0.121375,-0.073563,0.919729,0.291323,0.358282,0.126058,-0.197810,0.776622,0.234008
0.236915,0.352570,-0.133419,0.909472,0.262516,0.099344,0.121399,-0.073277,0.919729,0.291323,0.358282,0.126035,-0.197350,0.776622,0.234008
0.236923,0.352576,-0.133610,0.909472,0.262516,0.099372,0.121311,-0.073776,0.920518,0.291641,0.358269,0.126026,-0.197352,0.777190,0.233988
0.236916,0.352578,-0.132643,0.908610,0.262403,0.099330,0.121389,-0.073577,0.920121,0.291482,0.358277,0.126026,-0.197325,0.777190,0.233988
0.234725,0.352797,-0.130994,0.909472,0.262516,0.096385,0.121186,-0.073785,0.921391,0.298340,0.353367,0.126419,-0.208743,0.783221,0.251938
0.214210,0.355892,-0.134892,0.905685,0.274596,0.071843,0.122929,-0.071474,0.921391,0.298340,0.325132,0.125852,-0.232502,0.783221,0.251938
0.181038,0.360612,-0.136211,0.911415,0.275136,0.037747,0.123453,-0.062129,0.925460,0.314841,0.289371,0.124440,-0.218830,0.790015,0.249749
0.152510,0.362133,-0.130200,0.921571,0.266869,0.012218,0.123449,-0.056044,0.942036,0.359102,0.262785,0.122929,-0.224129,0.790015,0.249749
0.121404,0.363125,-0.124544,0.926039,0.262999,-0.015663,0.123745,-0.050648,0.978927,0.374167,0.233744,0.122411,-0.222811,0.804569,0.256936
0.092379,0.365313,-0.122129,0.929902,0.283203,-0.043170,0.124289,-0.042338,0.021057,0.404881,0.204563,0.121389,-0.222873,0.816193,0.267768
0.062501,0.366557,-0.113809,0.946298,0.260779,-0.071445,0.124979,-0.045942,0.042375,0.385858,0.175375,0.119030,-0.222063,0.816193,0.267768
0.033401,0.365844,-0.116447,0.923452,0.331521,-0.098733,0.125124,-0.043369,0.069174,0.372496,0.147747,0.118111,-0.223675,0.835623,0.343728
0.008556,0.364576,-0.119912,0.952178,0.303382,-0.121953,0.124924,-0.039346,0.091242,0.340611,0.123740,0.117800,-0.222746,0.857043,0.326382
-0.011368,0.363426,-0.119821,0.973266,0.298084,-0.142281,0.124704,-0.033084,0.110646,0.358276,0.104770,0.116863,-0.227281,0.857043,0.326382
-0.030216,0.362637,-0.120354,0.985970,0.300312,-0.161586,0.125071,-0.030500,0.120953,0.358690,0.086641,0.117907,-0.223284,0.878711,0.337655
-0.046123,0.362385,-0.113325,0.000241,0.283060,-0.177106,0.125472,-0.035388,0.133325,0.359471,0.071765,0.117887,-0.226696,0.878711,0.337655
-0.059720,0.362410,-0.104220,0.993580,0.294742,-0.193144,0.125582,-0.027262,0.136114,0.372723,0.056517,0.118013,-0.223778,0.887595,0.390128
-0.073721,0.362640,-0.104778,0.987643,0.308004,-0.206016,0.125931,-0.028902,0.148640,0.367819,0.043189,0.117364,-0.222680,0.887595,0.390128
-0.084147,0.361739,-0.099225,0.003980,0.280396,-0.217530,0.125733,-0.026962,0.147659,0.377191,0.030976,0.118066,-0.220373,0.905943,0.394420
-0.094539,0.360643,-0.099147,0.995940,0.304171,-0.228833,0.125441,-0.032009,0.156969,0.352644,0.021434,0.118836,-0.217511,0.903212,0.411396
-0.105091,0.359858,-0.096709,0.007778,0.268307,-0.237606,0.125358,-0.025712,0.186867,0.339965,0.011310,0.120657,-0.219082,0.902258,0.418975
-0.111842,0.359160,-0.093277,0.020355,0.257895,-0.245067,0.125425,-0.022364,0.186555,0.352096,0.003666,0.121415,-0.218612,0.912386,0.426652
-0.118408,0.357720,-0.089601,0.024185,0.265117,-0.252259,0.124949,-0.026058,0.166899,0.357072,-0.003657,0.122089,-0.218217,0.919178,0.423738
-0.124846,0.356223,-0.083995,0.028423,0.260945,-0.260619,0.125188,-0.023549,0.161608,0.360566,-0.009801,0.123145,-0.214863,0.927073,0.420581
-0.130331,0.354364,-0.077998,0.027559,0.254840,-0.265877,0.124853,-0.020754,0.169586,0.336989,-0.015292,0.123919,-0.216152,0.944423,0.413657
-0.135863,0.353213,-0.075589,0.025917,0.261493,-0.272869,0.124897,-0.019513,0.155513,0.358510,-0.022728,0.124890,-0.215660,0.967673,0.402071
-0.137583,0.352557,-0.074279,0.025917,0.261493,-0.274863,0.124803,-0.017939,0.155513,0.358510,-0.025059,0.125009,-0.216524,0.967673,0.402071
-0.141242,0.351128,-0.068587,0.025740,0.268592,-0.278619,0.124499,-0.018554,0.154895,0.355754,-0.029509,0.125472,-0.216261,0.976404,0.390473
-0.144843,0.349852,-0.063422,0.025740,0.268592,-0.281781,0.124156,-0.017817,0.154521,0.353609,-0.032830,0.124892,-0.207372,0.979626,0.387002
-0.148234,0.349374,-0.055664,0.025740,0.268592,-0.285348,0.124033,-0.010811,0.155005,0.350682,-0.036394,0.126022,-0.207486,0.991030,0.385941
-0.153388,0.348767,-0.050695,0.035762,0.257990,-0.288706,0.124068,-0.016469,0.153576,0.350323,-0.039328,0.126640,-0.209132,0.004781,0.371440
-0.155447,0.348804,-0.054256,0.040905,0.260788,-0.291458,0.124214,-0.014077,0.151999,0.349979,-0.041195,0.127231,-0.214558,0.010382,0.371379
-0.155690,0.348775,-0.053922,0.044179,0.264172,-0.293400,0.124043,-0.013877,0.151719,0.347999,-0.042927,0.126998,-0.215001,0.010395,0.369609
-0.155747,0.348748,-0.053368,0.044083,0.264203,-0.295303,0.124184,-0.016275,0.152881,0.350380,-0.044902,0.127179,-0.216270,0.014252,0.361880
-0.155808,0.348628,-0.052974,0.044083,0.264203,-0.296006,0.123630,-0.013081,0.153055,0.352986,-0.045456,0.127699,-0.218547,0.019412,0.355850
-0.156049,0.348564,-0.050821,0.043067,0.263452,-0.296598,0.123425,-0.010926,0.153892,0.354127,-0.045429,0.127745,-0.218731,0.021393,0.354257
-0.156056,0.348540,-0.051387,0.044083,0.264203,-0.296644,0.123261,-0.010085,0.154023,0.353140,-0.045446,0.127690,-0.218396,0.023378,0.353962
-0.156087,0.348619,-0.050593,0.043659,0.264214,-0.297450,0.123756,-0.009138,0.154567,0.353202,-0.045158,0.127043,-0.215726,0.022520,0.353386
-0.156068,0.348464,-0.052391,0.043659,0.264214,-0.298241,0.123997,-0.013744,0.155213,0.353549,-0.045428,0.127707,-0.218863,0.022520,0.353386
-0.156078,0.348531,-0.051710,0.043232,0.264226,-0.298332,0.123954,-0.010877,0.155761,0.353640,-0.045394,0.127732,-0.219097,0.022582,0.353885
-0.156068,0.348588,-0.051117,0.043067,0.263452,-0.298373,0.123937,-0.010422,0.155337,0.353254,-0.045489,0.127761,-0.218892,0.020623,0.354178
-0.156044,0.348488,-0.052873,0.043977,0.263572,-0.298335,0.123916,-0.010970,0.154923,0.353452,-0.045381,0.127658,-0.219032,0.019988,0.355105
-0.156073,0.348565,-0.051158,0.043977,0.263572,-0.298358,0.123974,-0.010649,0.155337,0.353254,-0.045442,0.127758,-0.218995,0.021526,0.354618
-0.157785,0.344074,-0.044103,0.043550,0.263583,-0.300122,0.117838,-0.001807,0.155602,0.353378,-0.045706,0.124617,-0.193557,0.020795,0.355689
-0.163076,0.322387,-0.014748,0.033045,0.258726,-0.302268,0.090610,0.015942,0.154394,0.347769,-0.042572,0.104297,-0.140022,0.028999,0.353224
-0.168002,0.293592,-0.016635,0.044186,0.254584,-0.302972,0.058372,0.006407,0.170665,0.331465,-0.041418,0.075089,-0.148875,0.069468,0.361811
-0.173420,0.264214,-0.019143,0.040296,0.252621,-0.304163,0.030008,0.007040,0.195743,0.316749,-0.041110,0.046367,-0.156351,0.091986,0.388262
-0.177282,0.234257,-0.024770,0.049325,0.271637,-0.304027,0.001980,0.003715,0.201752,0.310736,-0.042228,0.013697,-0.159404,0.152881,0.454557
-0.181519,0.204584,-0.023445,0.063317,0.266303,-0.304350,-0.026004,0.003907,0.219599,0.296213,-0.042518,-0.018696,-0.160062,0.199436,0.549355
-0.184238,0.176672,-0.026768,0.076814,0.280119,-0.304885,-0.052100,0.004120,0.228945,0.293749,-0.043804,-0.047079,-0.162789,0.290107,0.479478
-0.187049,0.152152,-0.021113,0.095999,0.292285,-0.307018,-0.074667,0.003126,0.238099,0.288496,-0.045360,-0.072228,-0.164745,0.409551,0.409924
-0.189649,0.131672,-0.029950,0.109466,0.309806,-0.308152,-0.094360,-0.001956,0.241014,0.277831,-0.046967,-0.094380,-0.170496,0.427632,0.393706
-0.191267,0.113037,-0.032316,0.120701,0.318958,-0.309852,-0.112422,-0.004721,0.247688,0.275763,-0.049489,-0.113282,-0.167655,0.446395,0.372935
-0.194220,0.097069,-0.027398,0.140756,0.322422,-0.311589,-0.127842,0.001967,0.257317,0.288722,-0.050161,-0.130407,-0.173549,0.456952,0.348417
-0.195709,0.083273,-0.041564,0.151339,0.329227,-0.312183,-0.143222,-0.001427,0.263380,0.284227,-0.051591,-0.145897,-0.180295,0.470175,0.334400
-0.197606,0.072165,-0.051099,0.145955,0.333954,-0.314052,-0.155126,-0.004014,0.267132,0.291792,-0.053609,-0.159806,-0.183699,0.471612,0.323698
-0.198237,0.061006,-0.061643,0.154803,0.328254,-0.316076,-0.165997,-0.003969,0.266998,0.286759,-0.055128,-0.171097,-0.186129,0.471183,0.323428
-0.199406,0.051589,-0.064197,0.158079,0.309921,-0.316669,-0.175755,-0.007253,0.275761,0.293500,-0.056102,-0.183073,-0.196485,0.476427,0.321309
-0.201338,0.042448,-0.064585,0.163677,0.308301,-0.316699,-0.185082,-0.013938,0.281818,0.291306,-0.057316,-0.192653,-0.196761,0.478346,0.313459
-0.201148,0.034356,-0.071362,0.164342,0.302095,-0.317772,-0.193560,-0.018866,0.285972,0.292030,-0.057996,-0.201345,-0.199724,0.477460,0.313977
-0.201552,0.028443,-0.080322,0.176881,0.279516,-0.318278,-0.203003,-0.001487,0.292214,0.302108,-0.059157,-0.209019,-0.206135,0.475951,0.314848
-0.202570,0.023044,-0.090933,0.175149,0.295119,-0.319017,-0.208664,-0.011371,0.299193,0.304120,-0.060211,-0.215353,-0.210857,0.481082,0.306035
-0.203554,0.017930,-0.115694,0.181212,0.295536,-0.320091,-0.213237,-0.013755,0.310425,0.290920,-0.061596,-0.220858,-0.213186,0.479350,0.301871
-0.203872,0.013421,-0.128401,0.185939,0.285157,-0.320763,-0.219505,-0.017460,0.308080,0.289541,-0.062431,-0.226117,-0.218927,0.478170,0.304546
-0.204386,0.011726,-0.140108,0.191768,0.277613,-0.321957,-0.223415,-0.014589,0.307074,0.288088,-0.064007,-0.229468,-0.227668,0.479105,0.306597
-0.204914,0.009944,-0.148468,0.192922,0.276332,-0.322324,-0.227215,-0.028009,0.309665,0.287982,-0.065136,-0.233420,-0.237519,0.479889,0.303958
-0.205571,0.007976,-0.155990,0.194378,0.278999,-0.324151,-0.231655,-0.025277,0.305215,0.289227,-0.065757,-0.235100,-0.243456,0.481340,0.302208
-0.206361,0.004769,-0.168975,0.198065,0.278498,-0.324639,-0.233503,-0.035843,0.305878,0.290520,-0.065938,-0.236689,-0.251239,0.482696,0.299622
-0.207132,0.002321,-0.178170,0.199049,0.278033,-0.325922,-0.235388,-0.038529,0.312077,0.286149,-0.066418,-0.238676,-0.261231,0.481913,0.301995
-0.207878,0.000290,-0.190529,0.199887,0.278156,-0.326699,-0.237229,-0.035351,0.316533,0.281591,-0.066781,-0.240021,-0.265530,0.481686,0.304391
-0.208383,-0.002750,-0.200515,0.204916,0.275506,-0.327079,-0.239430,-0.055069,0.316018,0.278494,-0.067308,-0.242219,-0.276175,0.481942,0.302568
-0.208341,-0.004177,-0.203696,0.213566,0.270467,-0.326865,-0.241746,-0.051990,0.316785,0.277009,-0.067002,-0.243822,-0.272521,0.481942,0.302568
-0.192491,-0.008002,-0.214961,0.212929,0.279677,-0.304416,-0.244162,-0.055483,0.318765,0.281060,-0.042804,-0.245417,-0.249524,0.485277,0.305520
-0.166045,-0.014782,-0.211328,0.216099,0.277682,-0.272254,-0.243293,-0.054243,0.332942,0.271675,-0.009181,-0.245698,-0.255236,0.501506,0.294534
-0.135652,-0.023214,-0.216004,0.224209,0.280461,-0.243716,-0.244420,-0.037960,0.352952,0.275990,0.019730,-0.247065,-0.250483,0.518671,0.289267
-0.105749,-0.030432,-0.220752,0.240369,0.308842,-0.216389,-0.245009,-0.036633,0.368763,0.271221,0.046738,-0.248983,-0.249213,0.543857,0.319789
-0.076886,-0.036217,-0.228969,0.257866,0.322819,-0.188264,-0.245729,-0.032417,0.383835,0.271909,0.075058,-0.250324,-0.247708,0.551447,0.307520
-0.048622,-0.040564,-0.231718,0.309891,0.378522,-0.161534,-0.246177,-0.025555,0.396043,0.269536,0.101550,-0.251045,-0.242796,0.550336,0.292415
-0.022882,-0.044384,-0.234533,0.386577,0.418027,-0.137280,-0.245535,-0.019937,0.409019,0.271182,0.124326,-0.251894,-0.245599,0.551959,0.269990
-0.000177,-0.048284,-0.233436,0.496063,0.525842,-0.116496,-0.245032,-0.012817,0.429925,0.276676,0.144272,-0.253979,-0.243039,0.560744,0.264793
0.019627,-0.050702,-0.232766,0.578248,0.516556,-0.098297,-0.246272,-0.001035,0.441843,0.283483,0.161830,-0.255444,-0.238967,0.558250,0.269233
0.037991,-0.052050,-0.230374,0.641326,0.458856,-0.081336,-0.245898,0.002782,0.449176,0.274890,0.178282,-0.256684,-0.230856,0.566626,0.267670
0.052282,-0.052933,-0.234778,0.674841,0.434683,-0.065847,-0.247549,0.007151,0.463071,0.292548,0.193247,-0.257748,-0.232889,0.569736,0.267830
0.065869,-0.054602,-0.236288,0.676807,0.438236,-0.053518,-0.248658,0.007052,0.472280,0.294127,0.206354,-0.260143,-0.232184,0.571608,0.265245
0.077392,-0.056119,-0.243335,0.681652,0.438257,-0.041165,-0.250433,0.005007,0.486705,0.299707,0.217166,-0.260656,-0.234991,0.569259,0.258458
0.087109,-0.056910,-0.250123,0.687383,0.430205,-0.030370,-0.250764,0.006517,0.497986,0.300935,0.226802,-0.262529,-0.236886,0.571081,0.256607
0.096450,-0.057671,-0.260331,0.687383,0.430205,-0.021856,-0.251172,0.014055,0.512855,0.301008,0.235672,-0.264398,-0.234594,0.572925,0.256975
0.104546,-0.059335,-0.261319,0.697519,0.395163,-0.012651,-0.251370,0.021365,0.525221,0.310488,0.243204,-0.264899,-0.237242,0.571427,0.248627
0.111676,-0.060961,-0.265489,0.701492,0.374323,-0.004615,-0.251101,0.023672,0.531656,0.313512,0.249134,-0.266125,-0.238187,0.571466,0.245736
0.118540,-0.061528,-0.274708,0.708149,0.366460,0.001640,-0.251058,0.028131,0.537346,0.314144,0.254735,-0.267245,-0.237488,0.568707,0.244996
0.122453,-0.061512,-0.280996,0.707869,0.356373,0.007055,-0.251655,0.035847,0.545919,0.316595,0.259844,-0.268201,-0.234573,0.566922,0.246146
0.125301,-0.061117,-0.289235,0.707869,0.356373,0.012082,-0.251782,0.042399,0.548212,0.316714,0.264923,-0.269168,-0.236425,0.572885,0.250695
0.127491,-0.061091,-0.294714,0.708607,0.352237,0.017383,-0.252500,0.053066,0.552333,0.317888,0.269400,-0.270188,-0.232033,0.572455,0.249877
0.129475,-0.060733,-0.302423,0.710765,0.350992,0.021881,-0.252791,0.055371,0.550465,0.315246,0.273711,-0.270817,-0.232297,0.571754,0.243389
0.131613,-0.060448,-0.312192,0.710760,0.351050,0.025286,-0.252977,0.059310,0.551990,0.309588,0.276646,-0.271099,-0.230611,0.569586,0.237300
0.133686,-0.060220,-0.322917,0.710760,0.351050,0.028369,-0.253218,0.063324,0.561398,0.302435,0.279221,-0.271864,-0.231517,0.570277,0.230598
0.135248,-0.060130,-0.330452,0.712140,0.345810,0.031079,-0.253144,0.066339,0.559575,0.302256,0.280308,-0.272658,-0.222069,0.569752,0.231487
0.136503,-0.060054,-0.336920,0.711950,0.342066,0.033497,-0.253342,0.070472,0.559993,0.299452,0.281518,-0.273577,-0.215658,0.571850,0.237696
0.138631,-0.059581,-0.346243,0.712881,0.338783,0.036097,-0.253392,0.080569,0.562311,0.294401,0.282682,-0.274295,-0.206950,0.571782,0.243482
0.140688,-0.059053,-0.361695,0.712881,0.338783,0.037650,-0.254022,0.087857,0.561477,0.293631,0.283763,-0.275290,-0.202018,0.573599,0.245595
0.141122,-0.058916,-0.365109,0.714654,0.325710,0.038917,-0.254651,0.097041,0.563064,0.293327,0.284853,-0.275919,-0.194282,0.572916,0.246309
0.141196,-0.058874,-0.363914,0.714654,0.325710,0.040786,-0.255551,0.107240,0.567223,0.291090,0.285257,-0.276223,-0.192428,0.573342,0.247192
0.141184,-0.058879,-0.364585,0.715087,0.324197,0.041972,-0.256526,0.113546,0.569194,0.286423,0.285222,-0.276240,-0.192283,0.574402,0.246580
0.141230,-0.058890,-0.364167,0.714299,0.321487,0.043007,-0.257153,0.118128,0.571673,0.283367,0.285270,-0.276179,-0.192925,0.574402,0.246580
0.141172,-0.058896,-0.364972,0.714299,0.321487,0.043692,-0.257491,0.122571,0.571673,0.283367,0.285238,-0.276238,-0.192201,0.573711,0.246812
0.140920,-0.055107,-0.387608,0.716645,0.318689,0.047261,-0.252040,0.098666,0.575043,0.278414,0.285101,-0.270084,-0.214571,0.573336,0.245801
0.144161,-0.038492,-0.438527,0.716645,0.318689,0.052119,-0.226431,0.084917,0.576007,0.301921,0.285623,-0.239572,-0.233312,0.575346,0.243236
0.150643,-0.013412,-0.447274,0.763183,0.301214,0.052577,-0.196455,0.084967,0.576007,0.301921,0.286708,-0.205857,-0.214657,0.577926,0.247683
0.156763,0.014504,-0.453599,0.763183,0.301214,0.053185,-0.168945,0.087134,0.586852,0.305204,0.286174,-0.177846,-0.212370,0.583403,0.246860
0.162068,0.042029,-0.446429,0.801205,0.323917,0.054442,-0.142078,0.103542,0.591704,0.326214,0.286789,-0.147408,-0.208320,0.595718,0.273068
0.167045,0.070345,-0.440479,0.801205,0.323917,0.054643,-0.114756,0.098685,0.600552,0.312635,0.287781,-0.116974,-0.205709,0.603703,0.269373
0.170547,0.098754,-0.443551,0.822243,0.308900,0.056004,-0.090651,0.101581,0.600552,0.312635,0.288877,-0.090078,-0.196038,0.611601,0.227875
0.174405,0.124510,-0.450250,0.843753,0.303710,0.057423,-0.068129,0.104941,0.636744,0.348927,0.290767,-0.066323,-0.191312,0.534844,0.253068
0.178219,0.147004,-0.438504,0.865933,0.302490,0.058337,-0.049332,0.104218,0.636744,0.348927,0.292151,-0.045710,-0.186778,0.660596,0.222238
0.182131,0.167182,-0.446050,0.875400,0.298139,0.060074,-0.030662,0.102308,0.673689,0.438295,0.294226,-0.027145,-0.179741,0.698598,0.234650
0.185471,0.184504,-0.440024,0.886944,0.295461,0.060756,-0.015564,0.105883,0.673689,0.438295,0.296400,-0.009685,-0.178819,0.722922,0.285751
0.187112,0.200446,-0.444111,0.896395,0.282406,0.062574,-0.001876,0.104378,0.723294,0.420992,0.298191,0.005311,-0.175198,0.729747,0.278665
0.188466,0.213735,-0.446665,0.904439,0.281975,0.063635,0.010384,0.108414,0.778643,0.406327,0.300362,0.019281,-0.169349,0.739971,0.269793
0.189247,0.225909,-0.449265,0.889228,0.306821,0.065118,0.021435,0.108513,0.826462,0.381392,0.301587,0.030109,-0.168932,0.748615,0.263715
0.190238,0.236107,-0.450191,0.899044,0.290188,0.066128,0.030672,0.113394,0.826462,0.381392,0.304014,0.040308,-0.162505,0.751529,0.265348
0.191372,0.244714,-0.447762,0.898035,0.290435,0.067090,0.039022,0.115446,0.846405,0.377581,0.305788,0.049642,-0.160191,0.754249,0.242987
0.191907,0.252521,-0.440414,0.915098,0.286608,0.069068,0.047744,0.112416,0.874001,0.370478,0.307083,0.057949,-0.159281,0.761185,0.242148
0.192194,0.259879,-0.445294,0.913000,0.302664,0.070202,0.054908,0.120512,0.874001,0.370478,0.308293,0.065463,-0.156386,0.765731,0.241867
0.191391,0.266172,-0.442456,0.915887,0.317494,0.069577,0.061022,0.121281,0.886838,0.368749,0.309346,0.071753,-0.156278,0.769460,0.245320
0.191697,0.271422,-0.438192,0.915419,0.282276,0.069833,0.067072,0.126055,0.886838,0.368749,0.310341,0.077107,-0.153756,0.773658,0.250890
0.192539,0.275746,-0.433294,0.911673,0.277615,0.071319,0.072620,0.125625,0.894576,0.361327,0.311363,0.081622,-0.146853,0.773885,0.252382
0.193122,0.278885,-0.427627,0.875526,0.299369,0.072725,0.076994,0.130438,0.894576,0.361327,0.312538,0.085319,-0.140414,0.775108,0.258583
0.194612,0.282561,-0.415317,0.902446,0.292152,0.073672,0.080803,0.132497,0.900558,0.355787,0.314186,0.089653,-0.128573,0.778720,0.266820
0.195268,0.285967,-0.408869,0.911316,0.271843,0.074005,0.084322,0.132052,0.900558,0.355787,0.314991,0.093035,-0.122777,0.776277,0.249283
0.195288,0.288118,-0.407736,0.911791,0.270151,0.075210,0.087871,0.137785,0.899508,0.357079,0.315650,0.095271,-0.117265,0.777167,0.247991
0.195507,0.290051,-0.405328,0.911076,0.271538,0.075382,0.091043,0.139698,0.903851,0.356869,0.316110,0.097594,-0.108123,0.778483,0.251151
0.195622,0.292050,-0.402821,0.910225,0.277496,0.075769,0.093734,0.148361,0.902788,0.347897,0.316023,0.099508,-0.099407,0.779158,0.250736
0.195715,0.294466,-0.397404,0.906763,0.287738,0.076131,0.096257,0.154963,0.905255,0.344871,0.315972,0.101018,-0.093121,0.779176,0.252453
0.196178,0.296967,-0.392640,0.906034,0.290620,0.075759,0.098404,0.157118,0.906169,0.345130,0.316005,0.102630,-0.087153,0.781403,0.255983
0.196796,0.298846,-0.385598,0.903390,0.292564,0.075600,0.099194,0.161592,0.909823,0.335145,0.315839,0.104091,-0.080433,0.782921,0.258262
0.197451,0.300117,-0.379916,0.904388,0.292365,0.076240,0.099474,0.174078,0.911123,0.334440,0.315664,0.105373,-0.073461,0.784802,0.258844
0.192310,0.301500,-0.374768,0.903000,0.293235,0.070866,0.099767,0.182955,0.911123,0.334440,0.313971,0.106845,-0.080715,0.785996,0.261990
0.169034,0.307189,-0.394723,0.903641,0.295953,0.044472,0.100098,0.206257,0.923081,0.359361,0.289016,0.110400,-0.096951,0.787401,0.273072
0.139263,0.314238,-0.399609,0.906816,0.309917,0.012876,0.100937,0.191909,0.923081,0.359361,0.255402,0.111917,-0.093202,0.796536,0.283557
0.108980,0.320042,-0.396475,0.922926,0.275587,-0.017047,0.103565,0.200615,0.944950,0.391003,0.225574,0.112623,-0.089975,0.803249,0.269762
0.079812,0.325634,-0.389845,0.934637,0.281521,-0.045208,0.104707,0.195603,0.998173,0.415221,0.196184,0.112872,-0.086658,0.816798,0.301606
0.050916,0.329660,-0.388518,0.946830,0.274314,-0.071919,0.105377,0.200360,0.058092,0.375803,0.166719,0.112789,-0.082967,0.895185,0.321646
0.024939,0.332420,-0.384560,0.954377,0.302710,-0.097041,0.105520,0.195051,0.080154,0.371475,0.140043,0.113522,-0.087802,0.840983,0.331700
0.002798,0.335888,-0.378172,0.961279,0.302435,-0.120940,0.107610,0.195662,0.097387,0.377211,0.117542,0.114150,-0.094291,0.853722,0.313944
-0.016346,0.339607,-0.374375,0.967532,0.321575,-0.140730,0.109157,0.193547,0.115647,0.371415,0.097400,0.114871,-0.093497,0.876360,0.327331
-0.032371,0.342227,-0.366259,0.992052,0.322464,-0.159865,0.109572,0.196365,0.134206,0.373979,0.081132,0.115375,-0.092924,0.879608,0.334132
-0.048591,0.344386,-0.362829,0.989680,0.317189,-0.176180,0.109433,0.195950,0.143894,0.364364,0.066295,0.115679,-0.092190,0.879257,0.376353
-0.063538,0.345602,-0.363063,0.997739,0.304154,-0.189665,0.111145,0.192800,0.151744,0.366787,0.051067,0.115958,-0.089580,0.882382,0.397006
-0.075665,0.345970,-0.353397,0.000603,0.297341,-0.203159,0.112222,0.192851,0.147555,0.382899,0.038971,0.116429,-0.093644,0.891117,0.408962
-0.085774,0.346382,-0.340851,0.002616,0.301815,-0.214451,0.112903,0.197627,0.149744,0.386450,0.027629,0.117127,-0.100742,0.918799,0.400914
-0.096256,0.347604,-0.333107,0.001904,0.311143,-0.225182,0.114844,0.185324,0.148972,0.380895,0.016866,0.117745,-0.102165,0.918477,0.423233
-0.104827,0.348404,-0.323416,0.016696,0.264776,-0.234456,0.116309,0.198334,0.152289,0.371580,0.008310,0.118326,-0.102394,0.908991,0.427815
-0.111767,0.348915,-0.315695,0.011002,0.270965,-0.243369,0.116919,0.190628,0.154900,0.380828,0.000708,0.119387,-0.108617,0.914500,0.424023
-0.118236,0.349344,-0.300808,0.025594,0.265971,-0.250605,0.117053,0.188446,0.157679,0.383956,-0.006445,0.119562,-0.110637,0.920375,0.419694
-0.124363,0.349567,-0.286169,0.033351,0.258275,-0.257498,0.117509,0.187789,0.157081,0.368429,-0.012701,0.119745,-0.112361,0.947269,0.418230
-0.129108,0.349685,-0.274874,0.033156,0.256063,-0.263206,0.118170,0.186522,0.173935,0.366492,-0.017497,0.119995,-0.114132,0.965142,0.411487
-0.132883,0.349575,-0.264667,0.032784,0.260764,-0.267845,0.118182,0.180633,0.155101,0.354577,-0.022272,0.120481,-0.117046,0.974580,0.410945
-0.135473,0.348834,-0.250625,0.029107,0.262416,-0.272213,0.117452,0.177604,0.155101,0.355328,-0.027012,0.120755,-0.113498,0.982683,0.390441
-0.138791,0.347931,-0.235089,0.029107,0.262416,-0.276689,0.117135,0.172184,0.158529,0.355108,-0.030909,0.121244,-0.119677,0.000943,0.374601
-0.141959,0.347574,-0.222162,0.029107,0.262416,-0.280180,0.116966,0.168417,0.159839,0.354073,-0.034510,0.121579,-0.121694,0.004250,0.374005
-0.146149,0.346997,-0.209036,0.029107,0.262416,-0.283613,0.116692,0.167998,0.159028,0.353647,-0.037136,0.122134,-0.124534,0.006101,0.371678
-0.149444,0.346718,-0.201620,0.029107,0.262416,-0.287152,0.116435,0.164035,0.157963,0.351425,-0.039326,0.122608,-0.129759,0.008814,0.370855
-0.152218,0.346308,-0.193432,0.029107,0.262416,-0.293901,0.122356,0.160917,0.155585,0.353821,-0.044896,0.117443,-0.123024,0.013516,0.372009
-0.155470,0.345460,-0.179810,0.029107,0.262416,-0.305714,0.138629,0.168692,0.152513,0.347861,-0.052879,0.110229,-0.083595,0.037513,0.386150
-0.159121,0.344983,-0.166303,0.029107,0.262416,-0.316546,0.149220,0.168434,0.153095,0.356902,-0.061072,0.104457,-0.070458,0.085759,0.354745
-0.164403,0.344419,-0.156354,0.036594,0.261199,-0.323218,0.159076,0.182122,0.150886,0.357718,-0.070402,0.092991,-0.079334,0.127074,0.363589
-0.167707,0.344131,-0.146889,0.038558,0.257062,-0.328760,0.168903,0.180896,0.153366,0.351427,-0.080730,0.083226,-0.077786,0.153915,0.358822
-0.170227,0.343421,-0.134952,0.040407,0.253062,-0.333175,0.176414,0.185178,0.158523,0.341075,-0.090758,0.074527,-0.075950,0.169024,0.396110
-0.165360,0.342938,-0.144429,0.042404,0.253915,-0.336878,0.183807,0.187749,0.147320,0.341685,-0.101047,0.065770,-0.079037,0.175284,0.411062
-0.154850,0.340854,-0.146305,0.040250,0.255600,-0.339575,0.191453,0.195474,0.157322,0.346369,-0.111563,0.059108,-0.078649,0.187151,0.433838
-0.146385,0.338327,-0.136748,0.037525,0.258971,-0.341805,0.198271,0.190675,0.153353,0.339328,-0.120755,0.054274,-0.076823,0.193058,0.419884
-0.139803,0.336101,-0.131241,0.029395,0.265397,-0.343223,0.204567,0.195412,0.151789,0.335557,-0.129300,0.051813,-0.076946,0.198657,0.415717
-0.132363,0.334936,-0.131988,0.029395,0.265397,-0.343790,0.211598,0.189186,0.153853,0.335535,-0.136298,0.049472,-0.078892,0.201284,0.404723
-0.125898,0.331453,-0.118037,0.024972,0.259248,-0.344184,0.216692,0.189711,0.140164,0.330499,-0.143092,0.047752,-0.078540,0.206885,0.392733
-0.121211,0.328793,-0.098245,0.032818,0.259756,-0.344010,0.219974,0.211135,0.137610,0.329825,-0.150114,0.047332,-0.074907,0.208427,0.387160
-0.117560,0.327013,-0.093263,0.032818,0.259756,-0.344182,0.224681,0.196342,0.138533,0.327605,-0.156158,0.047399,-0.071960,0.208179,0.385409
-0.113690,0.324933,-0.077268,0.036401,0.258795,-0.344308,0.228793,0.199888,0.135063,0.321010,-0.160570,0.047350,-0.071514,0.212283,0.377271
-0.110833,0.323308,-0.066277,0.036401,0.258795,-0.343563,0.231839,0.207472,0.133096,0.320325,-0.164147,0.047244,-0.069496,0.211660,0.373916
-0.108746,0.321031,-0.047207,0.036401,0.258795,-0.343008,0.235398,0.208251,0.133096,0.320325,-0.167092,0.046887,-0.073868,0.211286,0.372363
-0.106288,0.319342,-0.039722,0.026554,0.272721,-0.342085,0.238416,0.207865,0.133096,0.320325,-0.170211,0.047794,-0.080123,0.210591,0.370077
-0.104295,0.317932,-0.027036,0.026554,0.272721,-0.341383,0.241125,0.210950,0.133096,0.320325,-0.172720,0.047426,-0.081040,0.211563,0.369028
-0.103316,0.316700,-0.021162,0.026554,0.272721,-0.341031,0.244490,0.207324,0.133096,0.320325,-0.175100,0.047662,-0.084171,0.212812,0.364229
-0.102212,0.315853,-0.014307,0.020140,0.281028,-0.339800,0.247395,0.219831,0.132031,0.331279,-0.177408,0.048829,-0.090733,0.213846,0.361467
-0.101278,0.315275,-0.009767,0.016148,0.277971,-0.339588,0.249217,0.210854,0.117862,0.325009,-0.179274,0.048415,-0.091666,0.213370,0.363572
-0.099212,0.315014,-0.006814,0.015419,0.281073,-0.339576,0.249375,0.210452,0.116705,0.319530,-0.180939,0.049873,-0.100990,0.213581,0.367444
-0.099271,0.308604,0.004296,0.014210,0.282046,-0.339148,0.244963,0.213885,0.118182,0.320076,-0.182816,0.044465,-0.099241,0.213669,0.366617
-0.098736,0.286267,0.001437,0.009387,0.295665,-0.338932,0.224765,0.212549,0.118182,0.320076,-0.182872,0.019364,-0.096276,0.223430,0.354413
-0.096522,0.263472,-0.009829,0.013198,0.303061,-0.336310,0.206696,0.214921,0.118182,0.320076,-0.183655,-0.000271,-0.103776,0.234601,0.340319
-0.097458,0.243783,-0.000276,0.023954,0.324305,-0.335461,0.190495,0.206467,0.138160,0.334196,-0.185256,-0.013454,-0.111375,0.243438,0.338874
-0.097357,0.228520,-0.010412,0.046388,0.280665,-0.336355,0.179245,0.216007,0.147503,0.340681,-0.186415,-0.026549,-0.110612,0.250259,0.325296
-0.097330,0.216520,-0.015167,0.046704,0.274415,-0.335293,0.171177,0.209388,0.152363,0.342467,-0.186934,-0.037690,-0.111178,0.273830,0.312107
-0.095000,0.203936,-0.017506,0.045926,0.272965,-0.333633,0.161662,0.203492,0.152363,0.342467,-0.187036,-0.049924,-0.107368,0.282335,0.327770
-0.094366,0.193589,-0.023157,0.045635,0.280172,-0.333385,0.153180,0.197804,0.159076,0.351458,-0.187957,-0.058236,-0.114939,0.294005,0.316902
-0.092774,0.184336,-0.022863,0.039620,0.296432,-0.333369,0.145532,0.199421,0.169217,0.345695,-0.188289,-0.066062,-0.119586,0.308342,0.314582
-0.091598,0.175346,-0.028360,0.041225,0.291055,-0.333505,0.139171,0.199305,0.177220,0.346899,-0.188349,-0.073520,-0.122098,0.319332,0.314034
-0.090906,0.166816,-0.036326,0.044898,0.295797,-0.332372,0.132415,0.197724,0.167039,0.349562,-0.189610,-0.080792,-0.121807,0.325045,0.319050
-0.090256,0.160389,-0.037532,0.042855,0.296216,-0.331633,0.127318,0.195203,0.162607,0.349417,-0.190362,-0.086364,-0.121971,0.330845,0.313118
-0.089600,0.154573,-0.042092,0.047354,0.297970,-0.330958,0.122799,0.201714,0.163318,0.346257,-0.191066,-0.091456,-0.123939,0.327411,0.332104
-0.089529,0.148222,-0.043020,0.054051,0.292103,-0.330814,0.118575,0.202271,0.164895,0.342324,-0.191181,-0.096473,-0.126437,0.335749,0.329659
-0.089436,0.142347,-0.044451,0.059442,0.289989,-0.330509,0.114108,0.200550,0.166123,0.338282,-0.190910,-0.099189,-0.137228,0.335552,0.328679
-0.087901,0.138860,-0.044610,0.054926,0.290707,-0.331151,0.110756,0.195848,0.169261,0.333948,-0.191577,-0.101120,-0.140120,0.337047,0.329660
-0.087852,0.135935,-0.053936,0.054090,0.290601,-0.331532,0.107737,0.194687,0.171837,0.334271,-0.191729,-0.102500,-0.145841,0.336744,0.332129
-0.086810,0.132763,-0.055756,0.054090,0.290601,-0.331230,0.105007,0.178759,0.174865,0.332835,-0.192191,-0.104095,-0.154003,0.338750,0.332249
-0.086219,0.130077,-0.063507,0.054090,0.290601,-0.331188,0.102559,0.178238,0.172202,0.332987,-0.192671,-0.105612,-0.162281,0.341185,0.330721
-0.086220,0.127619,-0.071234,0.054090,0.290601,-0.331502,0.100897,0.176824,0.172904,0.333282,-0.192933,-0.108337,-0.171807,0.343003,0.330222
-0.086327,0.126164,-0.076875,0.054334,0.290735,-0.331536,0.099355,0.172553,0.175272,0.333868,-0.193046,-0.110500,-0.181634,0.343751,0.330626
-0.086414,0.125073,-0.082460,0.054334,0.290735,-0.331328,0.097967,0.164944,0.175272,0.333868,-0.193220,-0.112541,-0.187878,0.347575,0.332923
-0.086546,0.124367,-0.086173,0.054334,0.290735,-0.331197,0.096889,0.157821,0.175931,0.334775,-0.193505,-0.114297,-0.196071,0.351202,0.329946
-0.086634,0.123871,-0.087996,0.062828,0.296632,-0.331304,0.095707,0.150707,0.179137,0.336955,-0.193862,-0.116170,-0.204966,0.356117,0.325924
-0.086702,0.123517,-0.089740,0.062828,0.296632,-0.330892,0.094333,0.146197,0.180400,0.337655,-0.193911,-0.118163,-0.212741,0.349795,0.332690
-0.086827,0.123648,-0.089358,0.062828,0.296632,-0.330756,0.093423,0.142127,0.179972,0.336624,-0.194073,-0.118899,-0.218202,0.349479,0.335358
-0.086654,0.123480,-0.089007,0.062828,0.296632,-0.330459,0.092191,0.138191,0.181342,0.335025,-0.194018,-0.119061,-0.218707,0.350251,0.334880
-0.086549,0.123479,-0.089152,0.062828,0.296632,-0.330557,0.091840,0.137364,0.181910,0.334130,-0.193988,-0.119110,-0.219062,0.349842,0.334313
-0.086622,0.123482,-0.089485,0.062828,0.296632,-0.329519,0.091668,0.135568,0.181112,0.333701,-0.193988,-0.119504,-0.220124,0.349842,0.334313
-0.081869,0.122491,-0.088584,0.060748,0.303404,-0.309032,0.091896,0.112827,0.175136,0.330030,-0.181228,-0.121712,-0.194929,0.353587,0.331771
-0.059331,0.119676,-0.094543,0.060748,0.303404,-0.278284,0.090319,0.103106,0.164480,0.332627,-0.149803,-0.121722,-0.185529,0.353587,0.331771
-0.029683,0.115921,-0.101882,0.027211,0.361255,-0.246864,0.089997,0.111093,0.170497,0.348325,-0.116915,-0.121602,-0.189664,0.403086,0.317788
-0.002514,0.111406,-0.103749,0.994417,0.409797,-0.222187,0.089738,0.113800,0.163548,0.369068,-0.091444,-0.120987,-0.183379,0.418559,0.331980
0.029474,0.105191,-0.101502,0.937429,0.398199,-0.195209,0.088946,0.120054,0.159668,0.379552,-0.063081,-0.120428,-0.179684,0.431734,0.322484
0.063938,0.098810,-0.096235,0.908849,0.403086,-0.165304,0.088598,0.122540,0.156907,0.404524,-0.031422,-0.120700,-0.178274,0.470157,0.350286
0.092815,0.093685,-0.097335,0.900873,0.386939,-0.137090,0.087789,0.119432,0.153740,0.405197,-0.002061,-0.121320,-0.183201,0.517238,0.375068
0.119052,0.090703,-0.101382,0.901769,0.320049,-0.110857,0.086970,0.123047,0.138895,0.396365,0.025315,-0.122144,-0.183527,0.517238,0.375068
0.148571,0.087045,-0.114524,0.901769,0.320049,-0.082713,0.085788,0.120914,0.138895,0.396365,0.055895,-0.122587,-0.179647,0.554071,0.400121
0.177975,0.082300,-0.119709,0.858074,0.315535,-0.059129,0.083893,0.133770,0.092100,0.401428,0.084963,-0.122795,-0.177275,0.553972,0.328295
0.208308,0.078322,-0.121808,0.838913,0.297624,-0.033388,0.083081,0.131124,0.079750,0.387308,0.114016,-0.123399,-0.177182,0.577734,0.296217
0.238947,0.075398,-0.126693,0.810971,0.305132,-0.004682,0.082377,0.130558,0.032984,0.436731,0.144446,-0.124454,-0.177934,0.577734,0.296217
0.267660,0.072966,-0.134157,0.810971,0.305132,0.026069,0.081315,0.130226,0.968647,0.418354,0.175094,-0.125027,-0.177040,0.586848,0.283205
0.297838,0.070565,-0.142314,0.805055,0.289103,0.055578,0.079656,0.129776,0.941162,0.373933,0.202994,-0.125476,-0.173637,0.600398,0.276304
0.327803,0.068083,-0.145265,0.793871,0.274589,0.083274,0.078530,0.134151,0.912123,0.335541,0.232217,-0.125229,-0.174522,0.592665,0.271044
0.358344,0.066461,-0.143490,0.793871,0.274589,0.110233,0.077294,0.131353,0.888974,0.304450,0.262363,-0.124965,-0.174205,0.599101,0.248868
0.387190,0.065650,-0.146584,0.792719,0.282099,0.136732,0.076091,0.137944,0.822139,0.269227,0.290413,-0.124235,-0.170348,0.602796,0.250847
0.412096,0.066919,-0.139893,0.787195,0.269857,0.161025,0.074502,0.134055,0.845297,0.292530,0.314566,-0.124949,-0.173166,0.609546,0.237907
0.433391,0.066345,-0.143430,0.788897,0.281442,0.182296,0.073620,0.125877,0.835986,0.290611,0.335672,-0.127701,-0.168524,0.619396,0.255903
0.451846,0.066446,-0.151937,0.784108,0.269735,0.200757,0.071769,0.130428,0.829911,0.265448,0.353949,-0.129340,-0.172978,0.619396,0.255903
0.469777,0.064533,-0.148266,0.784460,0.259661,0.219832,0.072499,0.131517,0.826510,0.282591,0.371583,-0.130877,-0.173262,0.615740,0.248214
0.482698,0.065002,-0.156681,0.780355,0.266908,0.233155,0.071072,0.136434,0.824027,0.271044,0.385059,-0.132273,-0.177028,0.615740,0.248214
0.495654,0.064641,-0.154144,0.781027,0.264104,0.245948,0.069304,0.140438,0.821503,0.275022,0.397911,-0.133458,-0.178821,0.616076,0.246417
0.507781,0.064443,-0.155539,0.780804,0.275346,0.258000,0.068511,0.142438,0.818495,0.266990,0.409821,-0.134522,-0.179553,0.624332,0.249476
0.517929,0.065038,-0.160956,0.772481,0.234704,0.268750,0.067585,0.140821,0.817793,0.266212,0.420526,-0.135593,-0.180605,0.610736,0.233753
0.526461,0.066130,-0.161716,0.778513,0.266479,0.278381,0.066638,0.141574,0.818130,0.269269,0.429457,-0.136969,-0.176733,0.610736,0.233753
0.533610,0.067402,-0.167459,0.778599,0.281746,0.287035,0.066616,0.145298,0.816673,0.259876,0.437593,-0.138200,-0.177338,0.613784,0.223920
0.541168,0.068128,-0.163584,0.776605,0.270929,0.295211,0.067496,0.152958,0.816947,0.261414,0.444530,-0.138370,-0.179762,0.613784,0.223920
0.546801,0.068978,-0.156403,0.773410,0.241578,0.302290,0.068304,0.158444,0.816426,0.265065,0.450593,-0.139077,-0.180577,0.613039,0.222713
0.551234,0.069631,-0.163557,0.773248,0.236243,0.308613,0.067816,0.162461,0.814951,0.246145,0.456012,-0.139931,-0.174889,0.609510,0.223853
0.555942,0.069780,-0.172918,0.776284,0.237902,0.314406,0.068363,0.161826,0.814554,0.244195,0.461654,-0.141368,-0.174381,0.612323,0.216829
0.559539,0.070339,-0.185439,0.772587,0.240366,0.318200,0.068943,0.166301,0.813353,0.253599,0.465360,-0.142305,-0.172904,0.612323,0.216829
0.562371,0.070782,-0.190039,0.770933,0.226483,0.322937,0.069491,0.171686,0.813130,0.253264,0.469026,-0.142400,-0.173184,0.610728,0.208873
0.563857,0.071347,-0.200490,0.770538,0.224598,0.327548,0.069678,0.174509,0.811730,0.248291,0.472666,-0.142643,-0.172939,0.610728,0.208873
0.565843,0.071865,-0.207038,0.770145,0.224010,0.331988,0.069997,0.179323,0.811892,0.241731,0.474889,-0.142684,-0.173554,0.608923,0.208872
0.568142,0.072361,-0.215728,0.769725,0.224155,0.335632,0.070737,0.181275,0.810129,0.220340,0.476786,-0.143000,-0.170241,0.608947,0.213414
0.569380,0.072591,-0.225198,0.771971,0.234879,0.337296,0.071145,0.182049,0.810129,0.220340,0.477343,-0.143383,-0.167853,0.608947,0.213414
0.571306,0.073281,-0.232571,0.773392,0.242444,0.339425,0.071398,0.184692,0.813174,0.222746,0.477559,-0.143422,-0.166335,0.613047,0.217281
0.573139,0.073480,-0.242392,0.772074,0.245748,0.341902,0.071217,0.184979,0.813297,0.227656,0.478870,-0.144180,-0.159926,0.613110,0.219798
0.574768,0.073860,-0.248390,0.771156,0.248056,0.344096,0.071276,0.187648,0.813223,0.230644,0.479539,-0.144635,-0.156243,0.613110,0.219798
0.576279,0.074025,-0.252349,0.771614,0.252849,0.345635,0.071483,0.190432,0.813499,0.236620,0.479531,-0.144616,-0.156380,0.613967,0.219915
0.577401,0.074398,-0.263644,0.770964,0.253032,0.346251,0.071630,0.191432,0.813688,0.241173,0.479531,-0.144618,-0.156039,0.611933,0.219517
0.579919,0.075341,-0.272774,0.770528,0.248290,0.347144,0.071459,0.194091,0.813781,0.243999,0.479521,-0.144629,-0.156138,0.612562,0.218764
0.581796,0.075830,-0.278876,0.765299,0.212612,0.348189,0.071186,0.197944,0.813876,0.248527,0.479519,-0.144587,-0.156173,0.612562,0.218764
0.582310,0.076069,-0.284113,0.765371,0.210649,0.348212,0.071139,0.197795,0.814039,0.250206,0.479528,-0.144575,-0.156146,0.612562,0.218764
0.583178,0.076283,-0.286220,0.765752,0.212953,0.348105,0.071191,0.198567,0.813892,0.250680,0.479514,-0.144577,-0.156212,0.614388,0.219558
0.583953,0.076449,-0.291817,0.766196,0.213793,0.348133,0.071177,0.198331,0.814093,0.251674,0.479542,-0.144609,-0.155923,0.614388,0.219558
0.585000,0.076590,-0.294728,0.766591,0.214765,0.348096,0.071195,0.198586,0.813383,0.253494,0.479505,-0.144577,-0.156067,0.612562,0.218764
0.585392,0.076678,-0.295726,0.766193,0.213125,0.348141,0.071121,0.199354,0.813654,0.254254,0.479536,-0.144626,-0.156248,0.612562,0.218764
0.585658,0.076765,-0.295915,0.766583,0.215028,0.348138,0.071166,0.198447,0.813657,0.253113,0.480360,-0.145192,-0.152129,0.612586,0.219584
0.586005,0.076713,-0.298800,0.766540,0.215855,0.348129,0.071194,0.198431,0.813613,0.254970,0.480749,-0.145455,-0.149630,0.612586,0.219584
0.586009,0.076772,-0.299226,0.767266,0.218561,0.348121,0.071197,0.198780,0.813369,0.255221,0.480744,-0.145471,-0.149746,0.611554,0.220704
0.586020,0.076763,-0.298064,0.767282,0.218260,0.348128,0.071173,0.198251,0.813369,0.255221,0.480750,-0.145463,-0.149404,0.611554,0.220704
0.586037,0.076743,-0.298934,0.767694,0.219413,0.348086,0.071142,0.198781,0.813227,0.255707,0.480784,-0.145495,-0.149553,0.611554,0.220704
0.586029,0.076750,-0.299118,0.767281,0.218659,0.348135,0.071198,0.198377,0.813889,0.254594,0.481149,-0.145756,-0.147289,0.613994,0.220746
0.586011,0.076680,-0.298900,0.766862,0.217510,0.348051,0.071249,0.198347,0.813889,0.254594,0.481082,-0.145630,-0.147868,0.613994,0.220746
0.586040,0.076739,-0.298311,0.767295,0.218361,0.348116,0.071157,0.198241,0.813640,0.254844,0.481078,-0.145668,-0.147822,0.613136,0.220627
0.584993,0.076808,-0.297922,0.766894,0.216921,0.346978,0.071028,0.204298,0.813640,0.254844,0.479770,-0.145744,-0.153397,0.613136,0.220627
0.565817,0.079280,-0.310758,0.767566,0.221484,0.324758,0.070108,0.222348,0.813779,0.255498,0.457814,-0.144018,-0.178199,0.614653,0.226217
0.537747,0.082412,-0.314501,0.778890,0.294349,0.294717,0.068687,0.223086,0.813779,0.255498,0.424072,-0.144771,-0.173744,0.613439,0.215849
0.507381,0.083082,-0.314721,0.778068,0.247019,0.264256,0.068065,0.216144,0.818207,0.244909,0.392540,-0.147614,-0.176145,0.617101,0.264928
0.478234,0.084324,-0.313077,0.775395,0.224524,0.235403,0.067037,0.216205,0.818207,0.244909,0.362188,-0.149562,-0.180402,0.622353,0.279989
0.449598,0.086899,-0.309961,0.779552,0.237626,0.206118,0.066388,0.211452,0.820209,0.265384,0.332074,-0.150127,-0.178920,0.609414,0.246506
0.420368,0.088513,-0.307739,0.789120,0.278470,0.177427,0.065912,0.217660,0.823656,0.287955,0.301620,-0.151548,-0.181632,0.597091,0.236755
0.391457,0.088966,-0.303805,0.791771,0.271715,0.148080,0.064653,0.214744,0.839987,0.294196,0.271181,-0.153027,-0.179644,0.596669,0.271787
0.362576,0.090200,-0.293528,0.798421,0.301496,0.117614,0.064720,0.212596,0.839987,0.294196,0.240297,-0.153665,-0.180511,0.596826,0.280750
0.333941,0.091465,-0.294486,0.803458,0.305697,0.088138,0.064022,0.210366,0.868994,0.267412,0.209567,-0.153542,-0.180822,0.588736,0.261364
0.305016,0.092447,-0.294573,0.807620,0.296105,0.058394,0.063457,0.209054,0.882741,0.299189,0.179604,-0.154758,-0.183080,0.582165,0.260921
0.275723,0.093317,-0.290073,0.808879,0.300696,0.028675,0.063606,0.204734,0.896493,0.373719,0.148790,-0.156222,-0.184895,0.578409,0.256412
0.246645,0.094420,-0.289049,0.815935,0.292874,-0.001608,0.063715,0.208134,0.920088,0.425562,0.117645,-0.156881,-0.189633,0.574358,0.275214
0.218041,0.093608,-0.284341,0.819861,0.303234,-0.031553,0.062893,0.208974,0.973170,0.466940,0.086312,-0.156274,-0.192365,0.566198,0.276837
0.188472,0.093355,-0.281904,0.830232,0.305321,-0.061360,0.061644,0.207653,0.056697,0.460550,0.055787,-0.157176,-0.193994,0.562736,0.295974
0.159822,0.094141,-0.280269,0.836085,0.326989,-0.090716,0.062916,0.213376,0.109896,0.431091,0.025553,-0.157786,-0.191156,0.557177,0.308049
0.130158,0.094022,-0.282179,0.861835,0.329495,-0.120737,0.063185,0.200494,0.131630,0.422847,-0.004854,-0.158097,-0.191942,0.556814,0.355265
0.101542,0.094075,-0.281396,0.898404,0.328539,-0.150786,0.062931,0.207594,0.164627,0.444634,-0.035842,-0.157846,-0.194160,0.536565,0.353968
0.073211,0.094288,-0.282233,0.897732,0.370906,-0.180463,0.061349,0.202177,0.178168,0.402991,-0.066297,-0.158836,-0.196275,0.497371,0.340459
0.042660,0.095097,-0.274092,0.911407,0.389384,-0.210567,0.062272,0.210759,0.169063,0.390009,-0.095072,-0.160350,-0.197967,0.452813,0.314729
0.011973,0.095141,-0.268286,0.932033,0.416808,-0.239763,0.063588,0.207719,0.170103,0.363950,-0.120918,-0.160796,-0.186100,0.438693,0.313723
-0.018253,0.096062,-0.263775,0.985490,0.432490,-0.269697,0.063251,0.197425,0.176574,0.354207,-0.147042,-0.161688,-0.182264,0.424281,0.315989
-0.046702,0.097249,-0.263025,0.017914,0.392189,-0.299040,0.061453,0.195173,0.180709,0.335613,-0.174516,-0.161644,-0.176797,0.413019,0.309938
-0.074535,0.097001,-0.265843,0.017914,0.392189,-0.328649,0.060841,0.198403,0.181450,0.321822,-0.204363,-0.161382,-0.174181,0.395064,0.319404
-0.101823,0.096997,-0.260461,0.081850,0.322291,-0.357877,0.061175,0.193164,0.191993,0.317035,-0.235777,-0.161250,-0.169548,0.384103,0.304471
-0.130707,0.096930,-0.251978,0.104080,0.341366,-0.385744,0.061332,0.195977,0.186857,0.303785,-0.265438,-0.160651,-0.166188,0.377961,0.307850
-0.157714,0.095742,-0.250850,0.127649,0.345800,-0.410776,0.061728,0.192783,0.179201,0.304624,-0.291609,-0.160127,-0.172866,0.350232,0.310493
-0.179608,0.094400,-0.254231,0.144136,0.342724,-0.432520,0.061283,0.194974,0.186052,0.296545,-0.312801,-0.159222,-0.167508,0.349460,0.293388
-0.199186,0.093934,-0.247917,0.140515,0.345829,-0.452617,0.061159,0.189392,0.192271,0.293294,-0.333004,-0.157757,-0.167032,0.350257,0.282317
-0.216282,0.094750,-0.242360,0.149293,0.316991,-0.470921,0.062578,0.195183,0.196348,0.291707,-0.350578,-0.157079,-0.162733,0.344051,0.270659
-0.232276,0.093239,-0.245119,0.152277,0.293179,-0.486456,0.062362,0.194220,0.181676,0.306556,-0.365598,-0.156325,-0.161606,0.336370,0.282080
-0.246762,0.092873,-0.244543,0.156032,0.298556,-0.500764,0.062498,0.190480,0.183199,0.294337,-0.379290,-0.155399,-0.159998,0.330240,0.292078
-0.258461,0.092069,-0.250203,0.144657,0.306635,-0.513630,0.061926,0.190603,0.183111,0.295208,-0.391301,-0.154386,-0.161528,0.328362,0.285584
-0.268993,0.090916,-0.243653,0.145224,0.303179,-0.524548,0.063025,0.192056,0.184845,0.293333,-0.401684,-0.153069,-0.160615,0.332583,0.266929
-0.278453,0.091438,-0.240768,0.145224,0.303179,-0.534702,0.062819,0.189140,0.190424,0.285712,-0.411643,-0.152510,-0.164522,0.327787,0.271576
-0.286521,0.091147,-0.234549,0.143156,0.283922,-0.543344,0.062759,0.189191,0.188221,0.292330,-0.420729,-0.151749,-0.157646,0.335776,0.253157
-0.292936,0.091917,-0.222206,0.145121,0.263575,-0.550696,0.063048,0.186281,0.184507,0.293000,-0.427609,-0.150632,-0.160534,0.320009,0.266022
-0.299323,0.097260,-0.218279,0.159600,0.269629,-0.558382,0.069718,0.178371,0.192236,0.290348,-0.436305,-0.141435,-0.174699,0.315834,0.270683
-0.304986,0.121886,-0.221434,0.145791,0.270375,-0.563646,0.097294,0.158139,0.184693,0.287523,-0.446531,-0.109554,-0.182405,0.307745,0.276197
-0.311844,0.152644,-0.220519,0.138352,0.307884,-0.570251,0.128050,0.168264,0.176571,0.298430,-0.454865,-0.074629,-0.170063,0.306088,0.264580
-0.319186,0.182111,-0.225069,0.129520,0.304711,-0.577017,0.158231,0.165299,0.165857,0.308311,-0.461957,-0.044857,-0.165567,0.282209,0.272654
-0.325467,0.210563,-0.214232,0.116958,0.283329,-0.583763,0.186407,0.181119,0.169538,0.308259,-0.468044,-0.014106,-0.166384,0.256857,0.283736
-0.331330,0.237989,-0.210392,0.116958,0.283329,-0.589489,0.216792,0.176476,0.213058,0.467826,-0.473422,0.016929,-0.161282,0.252726,0.279656
-0.336943,0.265515,-0.197355,0.097820,0.269826,-0.594704,0.246059,0.169017,0.152421,0.296839,-0.478239,0.047762,-0.160308,0.241643,0.281023
-0.342010,0.292922,-0.193768,0.091170,0.265475,-0.597798,0.275328,0.180290,0.137672,0.312646,-0.482138,0.078312,-0.149147,0.239864,0.275497
-0.345126,0.321522,-0.199018,0.081395,0.266155,-0.601529,0.304641,0.180336,0.134897,0.306602,-0.486565,0.108386,-0.153742,0.225969,0.299158
-0.347707,0.349462,-0.201967,0.081395,0.266155,-0.604774,0.332234,0.173121,0.127287,0.301368,-0.488585,0.135512,-0.143089,0.217833,0.294826
-0.349686,0.373288,-0.207757,0.069026,0.252993,-0.606725,0.355664,0.180340,0.118565,0.287470,-0.491427,0.158541,-0.140044,0.213794,0.306838
-0.350462,0.393568,-0.212012,0.060959,0.251591,-0.609964,0.376657,0.181723,0.116051,0.293335,-0.493600,0.179089,-0.134125,0.209936,0.315985
-0.352765,0.411568,-0.210046,0.159728,0.215303,-0.613314,0.395022,0.183834,0.109884,0.286768,-0.495488,0.197419,-0.128970,0.208281,0.316870
-0.355426,0.427240,-0.215082,0.051281,0.248978,-0.615137,0.411566,0.186019,0.102392,0.287779,-0.497170,0.214079,-0.119082,0.201197,0.302282
-0.358041,0.441905,-0.216301,0.053538,0.247565,-0.616860,0.427411,0.187216,0.102035,0.289038,-0.498728,0.228306,-0.114683,0.191492,0.283312
-0.359819,0.453973,-0.205860,0.047086,0.245959,-0.618445,0.440015,0.188121,0.096472,0.286703,-0.499572,0.240899,-0.115844,0.194375,0.283504
-0.361627,0.464610,-0.208360,0.043127,0.243303,-0.619847,0.452504,0.192751,0.100024,0.294071,-0.500202,0.251228,-0.112202,0.186525,0.310926
-0.363774,0.474492,-0.203426,0.043127,0.243303,-0.620857,0.463258,0.188775,0.087156,0.278972,-0.500669,0.261970,-0.102579,0.196720,0.314996
-0.365706,0.482050,-0.201415,0.044392,0.241789,-0.622347,0.473161,0.188182,0.145622,0.283480,-0.500456,0.271911,-0.096171,0.189529,0.310615
-0.366834,0.488327,-0.197376,0.044392,0.241789,-0.623315,0.481833,0.189848,0.086107,0.277809,-0.500144,0.280460,-0.100723,0.190936,0.263188
-0.367967,0.495443,-0.193745,0.039298,0.238123,-0.622925,0.488877,0.194285,0.088284,0.275068,-0.500314,0.287389,-0.093655,0.188149,0.256978
-0.369475,0.501651,-0.187243,0.039298,0.238123,-0.623850,0.495189,0.192472,0.123855,0.277431,-0.500679,0.293855,-0.094438,0.185783,0.257511
-0.371139,0.506370,-0.185307,0.047492,0.233370,-0.624068,0.501504,0.192361,0.077514,0.274828,-0.501217,0.300212,-0.090813,0.182960,0.263208
-0.372003,0.509812,-0.186604,0.047492,0.233370,-0.624792,0.507245,0.197481,0.073394,0.272664,-0.500819,0.304843,-0.083909,0.184050,0.256248
-0.372158,0.513410,-0.178062,0.045326,0.235770,-0.624970,0.511679,0.197060,0.075811,0.274671,-0.500586,0.308029,-0.076968,0.183420,0.256654
-0.372767,0.516529,-0.175711,0.045326,0.235770,-0.625541,0.516204,0.200838,0.075023,0.275855,-0.500135,0.311928,-0.073334,0.184186,0.278199
-0.372335,0.520526,-0.164252,0.041982,0.239344,-0.624487,0.520863,0.204177,0.072702,0.275530,-0.500377,0.315183,-0.064270,0.182899,0.283747
-0.372153,0.522159,-0.160670,0.041982,0.239344,-0.623452,0.523458,0.201027,0.069962,0.276062,-0.498805,0.317722,-0.057566,0.182899,0.283747
-0.357115,0.524096,-0.141117,0.044922,0.233997,-0.599917,0.528729,0.177937,0.068485,0.278711,-0.473006,0.323720,-0.032970,0.183888,0.282752
-0.331427,0.526383,-0.138608,0.034417,0.240173,-0.568978,0.533658,0.183244,0.070531,0.283190,-0.438289,0.328662,-0.033957,0.181638,0.293900
-0.300897,0.529352,-0.141956,0.033386,0.242741,-0.540238,0.538724,0.190247,0.066976,0.280012,-0.406810,0.334253,-0.035264,0.144266,0.267264
-0.269580,0.531886,-0.143671,0.025764,0.238651,-0.512819,0.542982,0.188873,0.066976,0.280012,-0.377112,0.338440,-0.032592,0.173900,0.302604
-0.239393,0.534228,-0.138419,0.027186,0.246821,-0.484367,0.545425,0.193077,0.060246,0.277541,-0.347214,0.341297,-0.030900,0.171140,0.287728
-0.210083,0.535974,-0.148757,0.015749,0.243558,-0.456431,0.548795,0.190835,0.057838,0.278074,-0.316751,0.343757,-0.027390,0.162872,0.296353
-0.180142,0.538365,-0.153313,0.012631,0.259645,-0.427287,0.550975,0.191169,0.059429,0.275395,-0.285785,0.346917,-0.032190,0.157326,0.303331
-0.153133,0.540320,-0.151747,0.008126,0.257714,-0.398431,0.552312,0.198048,0.067666,0.281451,-0.254760,0.349376,-0.031944,0.149465,0.288495
-0.128622,0.541822,-0.148712,0.002295,0.261999,-0.370944,0.554355,0.195923,0.056596,0.276479,-0.224814,0.350136,-0.023197,0.118211,0.285827
-0.100466,0.543007,-0.156153,0.006051,0.263723,-0.341143,0.554812,0.200076,0.051691,0.291769,-0.195119,0.351155,-0.030523,0.100823,0.282018
-0.081442,0.545045,-0.154200,0.007710,0.264799,-0.323691,0.554929,0.199487,0.041653,0.295413,-0.176990,0.352554,-0.029673,0.076911,0.287648
-0.060506,0.548303,-0.155222,0.990267,0.293286,-0.304286,0.555911,0.198635,0.042612,0.281683,-0.157186,0.353547,-0.031690,0.068351,0.287113
-0.042408,0.550763,-0.156796,0.970431,0.321925,-0.287422,0.556402,0.198929,0.043444,0.277593,-0.139527,0.354033,-0.026426,0.051928,0.281564
-0.027117,0.552505,-0.162196,0.965289,0.305425,-0.271121,0.558176,0.193839,0.040581,0.289689,-0.123672,0.354578,-0.026511,0.017641,0.290209
-0.013853,0.553926,-0.174334,0.958606,0.302208,-0.257865,0.557874,0.199465,0.046716,0.267404,-0.110025,0.355450,-0.021956,0.011039,0.285081
-0.001724,0.554973,-0.182726,0.947725,0.314171,-0.246308,0.558747,0.202467,0.034821,0.297972,-0.097854,0.354646,-0.019041,0.991299,0.293085
0.010286,0.555737,-0.184016,0.941847,0.313555,-0.235370,0.559324,0.203039,0.033915,0.299702,-0.086558,0.355644,-0.022394,0.979516,0.293418
0.020520,0.556537,-0.183581,0.949676,0.284618,-0.225895,0.559768,0.205633,0.030665,0.283455,-0.077436,0.356309,-0.014911,0.967245,0.297595
0.029699,0.558297,-0.193422,0.936738,0.311859,-0.216841,0.560231,0.206136,0.030665,0.283455,-0.068911,0.355851,-0.013202,0.946295,0.321505
0.037875,0.559378,-0.194263,0.941069,0.298872,-0.208368,0.559887,0.213394,0.031795,0.290851,-0.060653,0.356444,-0.010151,0.940651,0.336322
0.043991,0.560574,-0.196666,0.943428,0.291714,-0.200103,0.560307,0.214009,0.031795,0.290851,-0.053469,0.356432,-0.009083,0.931556,0.344012
0.049559,0.560845,-0.201803,0.936559,0.298078,-0.192779,0.561375,0.210653,0.031795,0.290851,-0.047656,0.356281,-0.007673,0.941594,0.326267
0.055520,0.560588,-0.206425,0.936247,0.297626,-0.186817,0.562192,0.219873,0.026740,0.287191,-0.042693,0.356897,-0.006402,0.933553,0.334313
0.060903,0.560672,-0.215639,0.946941,0.270346,-0.180954,0.563442,0.237755,0.026740,0.287191,-0.037757,0.357034,0.000246,0.936781,0.336604
0.064128,0.560300,-0.218112,0.950564,0.256584,-0.175141,0.563952,0.236558,0.023092,0.281899,-0.033381,0.357316,-0.001772,0.941529,0.332768
0.065690,0.559731,-0.221562,0.950411,0.257199,-0.171305,0.564372,0.236118,0.025311,0.275744,-0.029445,0.357557,0.000493,0.946591,0.326128
0.067405,0.559867,-0.227422,0.945842,0.264202,-0.168675,0.565024,0.239918,0.022715,0.278948,-0.025827,0.357634,0.003677,0.953659,0.315332
0.069739,0.560659,-0.235499,0.941933,0.270756,-0.165696,0.565602,0.242785,0.022715,0.278948,-0.023019,0.357671,0.003172,0.952788,0.312138
0.072424,0.561153,-0.247584,0.941417,0.275080,-0.162770,0.566160,0.247201,0.024394,0.289477,-0.020551,0.357089,0.012627,0.944945,0.317815
0.074645,0.559234,-0.249831,0.942087,0.272963,-0.159936,0.564191,0.250038,0.024427,0.287319,-0.017684,0.352968,0.035943,0.944754,0.325984
0.078445,0.538974,-0.244226,0.939559,0.278816,-0.158063,0.539635,0.279796,0.027320,0.285507,-0.011170,0.325052,0.059807,0.950360,0.335355
0.083185,0.509792,-0.249012,0.929453,0.300528,-0.153674,0.510286,0.284012,0.035876,0.280791,-0.006056,0.290324,0.046591,0.942354,0.339517
0.085964,0.479991,-0.251085,0.930238,0.300307,-0.149852,0.479985,0.277309,0.033395,0.286137,-0.002743,0.258636,0.044295,0.927016,0.370476
0.088314,0.451002,-0.250619,0.911821,0.326117,-0.147112,0.450915,0.278157,0.034379,0.290299,0.001139,0.228033,0.042554,0.909442,0.361360
0.090133,0.422690,-0.239996,0.937319,0.292617,-0.143631,0.421935,0.279145,0.036420,0.280635,0.004524,0.197882,0.039513,0.914019,0.390892
0.093068,0.394589,-0.247298,0.943684,0.265299,-0.141790,0.392677,0.280870,0.036140,0.292719,0.008247,0.166936,0.039273,0.914479,0.403236
0.095328,0.365682,-0.250366,0.946867,0.258787,-0.139540,0.363140,0.278441,0.037920,0.289451,0.010323,0.137489,0.036129,0.955715,0.408343
0.097612,0.337956,-0.258827,0.936576,0.279127,-0.138211,0.333867,0.275015,0.046931,0.289290,0.013150,0.106164,0.030186,0.915222,0.422042
0.100022,0.310639,-0.265162,0.927658,0.307236,-0.136266,0.304790,0.267561,0.050701,0.291760,0.014559,0.076905,0.022699,0.915685,0.448010
0.102274,0.281975,-0.265552,0.929697,0.292993,-0.135609,0.275726,0.262044,0.052491,0.316316,0.016224,0.045811,0.023977,0.910786,0.499652
0.103686,0.252913,-0.260703,0.926742,0.299209,-0.134107,0.245724,0.263825,0.060682,0.348200,0.016942,0.016229,0.023794,0.927427,0.611155
0.103292,0.224378,-0.260268,0.913944,0.328351,-0.132694,0.217292,0.256585,0.071398,0.304765,0.017941,-0.013646,0.019189,0.885979,0.872861
0.104555,0.182624,-0.264220,0.926766,0.288836,-0.132053,0.173922,0.252064,0.075663,0.308396,0.020577,-0.058763,0.014435,0.562794,0.480691
0.104405,0.168206,-0.264070,0.922979,0.299171,-0.132449,0.158963,0.250497,0.085204,0.327002,0.020912,-0.073314,0.007363,0.562794,0.480691
0.105324,0.140629,-0.269134,0.918616,0.314338,-0.129564,0.128882,0.252424,0.103487,0.341015,0.022746,-0.103835,-0.000189,0.558674,0.432507
0.106441,0.112577,-0.273395,0.913260,0.328150,-0.128839,0.100584,0.248628,0.124795,0.365962,0.023358,-0.133053,-0.003611,0.555732,0.396576
0.106757,0.083412,-0.270270,0.912481,0.334891,-0.128302,0.072655,0.247535,0.140049,0.394702,0.023564,-0.163488,-0.005894,0.555820,0.376320
0.106431,0.055049,-0.265412,0.899608,0.335356,-0.127190,0.043598,0.251739,0.163441,0.430745,0.023134,-0.193352,-0.008157,0.552269,0.359232
0.106194,0.028386,-0.269922,0.846287,0.351029,-0.125706,0.013996,0.246696,0.179646,0.416346,0.023063,-0.223365,-0.006261,0.553221,0.346174
0.106016,0.000321,-0.267978,0.805141,0.372403,-0.125023,-0.015527,0.247484,0.223338,0.388585,0.022822,-0.252944,-0.012533,0.538884,0.301981
0.107435,-0.029062,-0.274457,0.779508,0.378167,-0.124356,-0.043621,0.251092,0.243837,0.371968,0.021695,-0.281838,-0.013083,0.544802,0.320987
0.109270,-0.058872,-0.270656,0.727568,0.362985,-0.123679,-0.072252,0.246887,0.270658,0.380367,0.022007,-0.311982,-0.027120,0.587415,0.334477
0.108764,-0.094563,-0.268174,0.695145,0.381210,-0.123435,-0.107143,0.242773,0.314800,0.363735,0.021981,-0.346472,-0.029445,0.530717,0.291304
0.106774,-0.117175,-0.269320,0.686435,0.335761,-0.123519,-0.130443,0.243641,0.361973,0.315513,0.022876,-0.370049,-0.027054,0.538093,0.302455
0.098439,-0.136195,-0.278751,0.677786,0.313436,-0.128833,-0.163898,0.243802,0.398839,0.297787,0.041245,-0.393232,-0.023638,0.539426,0.304005
0.090126,-0.151988,-0.277311,0.667377,0.306677,-0.136258,-0.198063,0.260494,0.395093,0.288757,0.057954,-0.414977,-0.016127,0.541588,0.300504
0.083851,-0.167970,-0.275249,0.658893,0.288025,-0.141229,-0.232033,0.256099,0.409070,0.279479,0.068971,-0.433176,-0.024964,0.541134,0.298932
0.079125,-0.181332,-0.277284,0.655787,0.284332,-0.144139,-0.261588,0.275701,0.418715,0.272643,0.077086,-0.444893,-0.022369,0.543714,0.289121
0.073671,-0.196974,-0.272085,0.637090,0.319293,-0.150528,-0.286208,0.311509,0.418715,0.272643,0.086648,-0.459660,-0.025938,0.539874,0.289761
0.068273,-0.209697,-0.264569,0.620903,0.334330,-0.153289,-0.312167,0.309605,0.423022,0.251021,0.093454,-0.471000,-0.031032,0.542033,0.294216
0.064190,-0.221847,-0.270099,0.619903,0.317145,-0.158467,-0.332056,0.358000,0.430803,0.265103,0.099649,-0.479714,-0.026880,0.542514,0.297514
0.060591,-0.231757,-0.269386,0.617941,0.299874,-0.160429,-0.348995,0.380666,0.432858,0.256321,0.104673,-0.487573,-0.029195,0.541062,0.285630
0.056102,-0.241632,-0.270916,0.618417,0.298814,-0.159847,-0.370612,0.375707,0.433689,0.258972,0.108871,-0.495637,-0.037339,0.542033,0.285295
0.051157,-0.250239,-0.274691,0.612393,0.287703,-0.158503,-0.391608,0.372731,0.439742,0.260756,0.113006,-0.502884,-0.044622,0.547406,0.287365
0.046101,-0.256536,-0.278095,0.608943,0.287076,-0.156634,-0.410574,0.378430,0.439585,0.257486,0.116556,-0.509002,-0.045985,0.544466,0.288784
0.042053,-0.263038,-0.281795,0.606525,0.293314,-0.153255,-0.427353,0.381081,0.439585,0.257486,0.118832,-0.514359,-0.049509,0.539880,0.283432
0.040004,-0.269130,-0.289057,0.597116,0.300121,-0.152502,-0.440195,0.378283,0.444412,0.256260,0.120560,-0.518314,-0.055803,0.543082,0.279979
0.037181,-0.275308,-0.294937,0.596938,0.296284,-0.150036,-0.454349,0.371896,0.444412,0.256260,0.122503,-0.523138,-0.060687,0.543750,0.281861
0.034995,-0.279572,-0.293452,0.595193,0.309560,-0.147807,-0.464563,0.371610,0.451793,0.246451,0.123882,-0.526615,-0.067471,0.544179,0.289034
0.031822,-0.285149,-0.295865,0.591156,0.318650,-0.146917,-0.476803,0.373282,0.451793,0.246451,0.125555,-0.530514,-0.076866,0.544425,0.285594
0.029173,-0.289827,-0.299129,0.582964,0.340860,-0.144811,-0.485655,0.369362,0.452253,0.248051,0.126779,-0.533796,-0.083097,0.544003,0.283413
0.026420,-0.294266,-0.298645,0.586457,0.323221,-0.142719,-0.492779,0.363970,0.452253,0.248051,0.127446,-0.536308,-0.087905,0.544326,0.280825
0.024222,-0.297863,-0.299319,0.575624,0.327491,-0.140375,-0.501701,0.388137,0.456810,0.258431,0.127644,-0.538209,-0.096496,0.545458,0.279016
0.022996,-0.299944,-0.292709,0.574657,0.307739,-0.139317,-0.506551,0.362441,0.456810,0.258431,0.127405,-0.539763,-0.101571,0.544912,0.280561
0.022339,-0.301329,-0.302533,0.570902,0.319192,-0.137996,-0.513369,0.364120,0.455631,0.252517,0.127503,-0.541522,-0.109450,0.545258,0.282052
0.021161,-0.303478,-0.307721,0.568866,0.326427,-0.137300,-0.517781,0.367972,0.455803,0.249751,0.127390,-0.543203,-0.117854,0.545417,0.284966
0.020257,-0.305509,-0.318595,0.572196,0.318796,-0.135939,-0.522828,0.363413,0.455803,0.249751,0.127286,-0.544866,-0.125922,0.543186,0.285733
0.019127,-0.309010,-0.319615,0.581587,0.307045,-0.134739,-0.527695,0.366211,0.455445,0.251451,0.127151,-0.546251,-0.130718,0.543757,0.287055
0.017783,-0.311551,-0.328849,0.577035,0.302114,-0.134226,-0.531654,0.360951,0.455445,0.251451,0.127017,-0.547257,-0.135459,0.543124,0.287273
0.016887,-0.313275,-0.334704,0.578024,0.303758,-0.133638,-0.534832,0.348394,0.459923,0.253447,0.126889,-0.548747,-0.142162,0.544733,0.287383
0.016354,-0.314646,-0.342902,0.578077,0.306269,-0.133437,-0.537182,0.349530,0.459923,0.253447,0.126810,-0.550329,-0.149161,0.543931,0.287488
0.015939,-0.315810,-0.348733,0.577184,0.308636,-0.133568,-0.540137,0.344845,0.460650,0.254671,0.126874,-0.551632,-0.155521,0.543195,0.287383
0.015441,-0.317190,-0.352764,0.575849,0.313216,-0.133510,-0.541898,0.340948,0.460650,0.254671,0.126765,-0.552072,-0.155787,0.542859,0.286332
0.015235,-0.317567,-0.354984,0.577250,0.316474,-0.133119,-0.542967,0.335666,0.462635,0.254761,0.126713,-0.552306,-0.155473,0.541966,0.286491
0.015295,-0.317702,-0.354767,0.575417,0.316601,-0.132523,-0.545749,0.330245,0.463727,0.253546,0.126807,-0.552162,-0.155824,0.541075,0.286637
0.015054,-0.317861,-0.355336,0.576777,0.316445,-0.132043,-0.545125,0.322319,0.463727,0.253546,0.126766,-0.552078,-0.155791,0.541304,0.287060
0.015043,-0.317799,-0.357016,0.575417,0.316601,-0.131387,-0.547077,0.311742,0.462207,0.253757,0.126787,-0.552128,-0.156008,0.541710,0.285742
0.015014,-0.317910,-0.355948,0.577237,0.316166,-0.130932,-0.548277,0.304427,0.462207,0.253757,0.126760,-0.552091,-0.156069,0.541710,0.285742
0.015010,-0.317828,-0.357416,0.575887,0.316055,-0.130847,-0.549079,0.299855,0.461691,0.254748,0.126741,-0.552088,-0.156216,0.542218,0.285396
0.015122,-0.317851,-0.355430,0.575887,0.316055,-0.130646,-0.550807,0.301877,0.461691,0.254748,0.126781,-0.552107,-0.156383,0.540708,0.286101
0.015118,-0.317886,-0.355320,0.575887,0.316055,-0.130017,-0.552661,0.297852,0.464498,0.254588,0.126762,-0.552170,-0.155973,0.540916,0.286859
0.015065,-0.317862,-0.356279,0.575887,0.316055,-0.129425,-0.552918,0.279956,0.463894,0.255680,0.126778,-0.552100,-0.156451,0.540916,0.286859
0.015011,-0.317888,-0.356328,0.578618,0.316279,-0.128996,-0.554612,0.286273,0.463894,0.255680,0.126733,-0.552057,-0.156025,0.540916,0.286859
0.015091,-0.317928,-0.356107,0.575887,0.316055,-0.128828,-0.554184,0.275879,0.463036,0.257632,0.126721,-0.552307,-0.156412,0.541427,0.286511
0.015111,-0.317807,-0.355445,0.577237,0.316166,-0.128819,-0.554207,0.279004,0.463036,0.257632,0.126654,-0.553249,-0.162511,0.542058,0.285615
0.015001,-0.317862,-0.357485,0.575887,0.316055,-0.128711,-0.554662,0.274755,0.463081,0.257474,0.126666,-0.553709,-0.165297,0.537357,0.287878
0.015060,-0.317860,-0.355831,0.575887,0.316055,-0.128684,-0.554260,0.276946,0.463154,0.257541,0.126566,-0.554015,-0.166562,0.540966,0.285637
0.015073,-0.317894,-0.356393,0.575887,0.316055,-0.128559,-0.554873,0.273167,0.466207,0.256256,0.126610,-0.554061,-0.166539,0.541484,0.285289
0.015083,-0.317849,-0.355924,0.575887,0.316055,-0.128679,-0.554824,0.275473,0.463339,0.257269,0.126590,-0.553996,-0.166397,0.540374,0.284694
0.015089,-0.317757,-0.356599,0.575887,0.316055,-0.128504,-0.554863,0.271820,0.463689,0.256753,0.126578,-0.554334,-0.168435,0.541484,0.285289
0.015112,-0.317851,-0.355520,0.575887,0.316055,-0.128679,-0.554812,0.275257,0.464562,0.257203,0.126444,-0.554922,-0.171210,0.541017,0.285886
0.015087,-0.317876,-0.356336,0.575887,0.316055,-0.128637,-0.554898,0.275127,0.465786,0.256928,0.126610,-0.555031,-0.169696,0.540902,0.284932
0.014991,-0.317812,-0.355747,0.575887,0.316055,-0.128800,-0.554220,0.277287,0.463689,0.256753,0.126542,-0.555004,-0.168956,0.539910,0.285304
0.015063,-0.317810,-0.355425,0.575887,0.316055,-0.128654,-0.554752,0.275124,0.465786,0.256928,0.126548,-0.554984,-0.169408,0.540498,0.284726
0.015112,-0.317856,-0.355395,0.575887,0.316055,-0.128695,-0.554842,0.274930,0.465786,0.256928,0.126578,-0.555007,-0.170020,0.541027,0.284377
0.015071,-0.317929,-0.356718,0.575887,0.316055,-0.128530,-0.554320,0.276565,0.464919,0.256687,0.126518,-0.555115,-0.170660,0.541551,0.284029
0.015101,-0.317751,-0.355902,0.575887,0.316055,-0.128575,-0.554212,0.277209,0.464919,0.256687,0.126511,-0.555062,-0.170881,0.541027,0.284377
0.015103,-0.317919,-0.355927,0.577237,0.316166,-0.128599,-0.554849,0.272357,0.463689,0.256753,0.126558,-0.555143,-0.170249,0.541027,0.284377
0.015086,-0.317894,-0.355848,0.575887,0.316055,-0.128668,-0.554818,0.275655,0.466151,0.256414,0.126562,-0.555017,-0.169550,0.540035,0.284748
0.015011,-0.317960,-0.356069,0.575887,0.316055,-0.128675,-0.554900,0.274566,0.463710,0.256961,0.126585,-0.555065,-0.169855,0.540748,0.285121
0.015102,-0.317829,-0.355233,0.575887,0.316055,-0.128692,-0.554811,0.275324,0.464919,0.256687,0.126483,-0.555048,-0.170461,0.540748,0.285121
0.015136,-0.317884,-0.355870,0.575887,0.316055,-0.128634,-0.554853,0.275210,0.464919,0.256687,0.126595,-0.555007,-0.170357,0.540748,0.285121
0.015095,-0.317901,-0.356157,0.577237,0.316166,-0.128568,-0.554302,0.276170,0.463296,0.257422,0.126514,-0.555115,-0.169519,0.540748,0.285121
0.015156,-0.317773,-0.354637,0.575887,0.316055,-0.128590,-0.554121,0.273135,0.464499,0.257149,0.126526,-0.555063,-0.170759,0.540748,0.285121
0.015077,-0.317878,-0.357040,0.577237,0.316166,-0.128658,-0.554908,0.274553,0.463997,0.256394,0.126516,-0.555236,-0.170418,0.541269,0.284772
0.015168,-0.317751,-0.354698,0.577237,0.316166,-0.128494,-0.554136,0.275270,0.466097,0.256570,0.126489,-0.555023,-0.170708,0.541154,0.283823
0.015059,-0.317773,-0.356607,0.575887,0.316055,-0.128647,-0.554919,0.274985,0.463296,0.257422,0.126614,-0.555088,-0.169773,0.541154,0.283823
0.015107,-0.317810,-0.354786,0.575887,0.316055,-0.128617,-0.554779,0.273512,0.464499,0.257149,0.126560,-0.555000,-0.169667,0.541154,0.283823
0.015032,-0.317939,-0.356102,0.575887,0.316055,-0.128682,-0.554882,0.275011,0.463296,0.257422,0.126593,-0.555040,-0.170258,0.540467,0.284355
0.015025,-0.317800,-0.356476,0.577237,0.316166,-0.128689,-0.554792,0.275103,0.464513,0.257354,0.126505,-0.555056,-0.169826,0.540999,0.284006
0.015114,-0.317808,-0.355236,0.575887,0.316055,-0.128673,-0.554826,0.275366,0.464513,0.257354,0.126485,-0.555063,-0.171063,0.540161,0.284193
0.015069,-0.317866,-0.355920,0.575887,0.316055,-0.128718,-0.554765,0.274145,0.465279,0.256172,0.126520,-0.555055,-0.169872,0.541154,0.283823
0.015137,-0.317689,-0.355256,0.577237,0.316166,-0.128579,-0.554305,0.275582,0.462458,0.257179,0.126431,-0.554987,-0.170967,0.540344,0.284912
0.015142,-0.317797,-0.355524,0.577237,0.316166,-0.128552,-0.555001,0.273432,0.465733,0.257083,0.126575,-0.555096,-0.169795,0.539630,0.284543
0.015068,-0.317880,-0.355916,0.577237,0.316166,-0.128622,-0.554771,0.273654,0.465279,0.256172,0.126447,-0.555073,-0.170544,0.540344,0.284912
0.015102,-0.317907,-0.356272,0.577237,0.316166,-0.128541,-0.555027,0.273447,0.465279,0.256172,0.126538,-0.555181,-0.170601,0.540344,0.284912
0.015132,-0.317743,-0.354524,0.577237,0.316166,-0.128715,-0.554783,0.275357,0.463645,0.256907,0.126453,-0.555016,-0.170838,0.540344,0.284912
0.014403,-0.321665,-0.361218,0.577237,0.316166,-0.128143,-0.560962,0.266327,0.465733,0.257083,0.127937,-0.561149,-0.181407,0.540344,0.284912
0.012231,-0.333207,-0.370508,0.578437,0.297191,-0.127487,-0.573725,0.276986,0.463754,0.258094,0.130540,-0.574628,-0.182977,0.542738,0.280725
0.010299,-0.345437,-0.380685,0.578437,0.297191,-0.126406,-0.583741,0.265744,0.467488,0.254106,0.131573,-0.585347,-0.185193,0.542738,0.280725
0.009841,-0.354385,-0.388589,0.579378,0.295836,-0.126114,-0.591123,0.279344,0.465931,0.248955,0.131484,-0.592426,-0.189631,0.539905,0.280276
0.009392,-0.361969,-0.392493,0.579378,0.295836,-0.126097,-0.598068,0.277759,0.464313,0.249363,0.131784,-0.599968,-0.193056,0.539905,0.280276
0.009463,-0.368750,-0.400404,0.574535,0.297233,-0.126481,-0.605251,0.271688,0.462954,0.248063,0.132516,-0.607124,-0.196500,0.539951,0.282281
0.008801,-0.373491,-0.408185,0.566438,0.311323,-0.126688,-0.610917,0.262694,0.462973,0.247064,0.132757,-0.612942,-0.197108,0.539914,0.277549
0.008418,-0.377503,-0.413535,0.570977,0.307875,-0.127766,-0.616032,0.262321,0.465508,0.245942,0.132875,-0.618514,-0.198978,0.539914,0.277549
0.007693,-0.381169,-0.422909,0.577873,0.294222,-0.128659,-0.620324,0.257700,0.462773,0.245334,0.132500,-0.623311,-0.210156,0.537004,0.277857
0.007335,-0.385628,-0.427050,0.580444,0.288168,-0.129233,-0.624643,0.254959,0.462604,0.244825,0.133731,-0.626858,-0.207464,0.537004,0.277857
0.007153,-0.389221,-0.429681,0.581291,0.287581,-0.129429,-0.627416,0.245733,0.461101,0.244770,0.134340,-0.628271,-0.206296,0.535226,0.273656
0.006740,-0.393945,-0.435221,0.578281,0.287703,-0.129766,-0.631733,0.243703,0.461838,0.243804,0.133755,-0.631938,-0.225789,0.535226,0.273656
0.006223,-0.398486,-0.441547,0.579563,0.289822,-0.129966,-0.634550,0.231828,0.460295,0.243925,0.133423,-0.634664,-0.239162,0.532620,0.266016
0.006386,-0.401734,-0.440633,0.575301,0.298081,-0.129702,-0.637688,0.226943,0.459455,0.245556,0.133306,-0.636987,-0.238290,0.532620,0.266016
0.006732,-0.404089,-0.437029,0.578785,0.298952,-0.129541,-0.639440,0.222516,0.460311,0.245287,0.133527,-0.639523,-0.244656,0.531757,0.262133
0.006633,-0.405791,-0.439496,0.580384,0.301163,-0.129578,-0.640638,0.212550,0.462531,0.244172,0.133230,-0.641364,-0.252534,0.531542,0.265379
0.006353,-0.407546,-0.441594,0.574946,0.300282,-0.129357,-0.642332,0.204664,0.458818,0.246547,0.132868,-0.642812,-0.255917,0.531542,0.265379
0.005958,-0.409475,-0.444697,0.576201,0.298044,-0.129257,-0.644010,0.207406,0.461151,0.246131,0.132516,-0.644340,-0.261048,0.532130,0.267870
0.005657,-0.411469,-0.451850,0.575620,0.295578,-0.129116,-0.644855,0.201713,0.461384,0.245051,0.132286,-0.645941,-0.271620,0.533248,0.272214
0.004876,-0.412533,-0.456159,0.573182,0.294846,-0.128929,-0.645669,0.198563,0.461270,0.244707,0.132230,-0.647444,-0.277357,0.533248,0.272214
0.004210,-0.413426,-0.456829,0.571208,0.292725,-0.128596,-0.646775,0.195014,0.460375,0.244308,0.131797,-0.648961,-0.281694,0.532361,0.271437
0.003627,-0.414664,-0.464041,0.571973,0.290444,-0.128476,-0.646845,0.183930,0.459695,0.245066,0.131262,-0.650062,-0.284707,0.531244,0.266937
0.002779,-0.416225,-0.470379,0.569151,0.290487,-0.128462,-0.647657,0.183735,0.459376,0.245334,0.131202,-0.651908,-0.293767,0.531539,0.264250
0.002070,-0.417631,-0.476992,0.567445,0.296801,-0.128332,-0.647963,0.181987,0.461028,0.244550,0.130932,-0.653210,-0.301078,0.528570,0.253170
0.001634,-0.418643,-0.482809,0.566690,0.302125,-0.128432,-0.647940,0.181209,0.459376,0.245334,0.130776,-0.654448,-0.303744,0.528570,0.253170
0.001464,-0.418944,-0.483578,0.566041,0.305196,-0.128450,-0.647894,0.179557,0.460663,0.245032,0.130422,-0.655289,-0.310947,0.526964,0.249586
0.001230,-0.419445,-0.486495,0.567881,0.303941,-0.128457,-0.647931,0.179648,0.458460,0.245153,0.130331,-0.656068,-0.314163,0.526081,0.249090
0.001248,-0.419506,-0.487562,0.568295,0.304457,-0.128395,-0.647915,0.182080,0.459732,0.244851,0.130388,-0.656020,-0.311659,0.525674,0.248338
0.001206,-0.419497,-0.487500,0.569709,0.304573,-0.128404,-0.647948,0.179795,0.459732,0.244851,0.130404,-0.656265,-0.317705,0.524962,0.248814
0.001277,-0.419671,-0.489204,0.567881,0.303941,-0.128448,-0.647875,0.181777,0.459732,0.244851,0.130448,-0.656067,-0.311780,0.524962,0.248814
0.001140,-0.419821,-0.490588,0.562002,0.304801,-0.128417,-0.647957,0.179370,0.461101,0.244770,0.130417,-0.656270,-0.317694,0.526228,0.248660
0.001157,-0.419823,-0.489929,0.567785,0.303422,-0.128457,-0.647879,0.181288,0.458082,0.245851,0.130349,-0.655962,-0.311760,0.525380,0.249172
0.001206,-0.419797,-0.490777,0.567785,0.303422,-0.128417,-0.647927,0.179745,0.461101,0.244770,0.130423,-0.656268,-0.317511,0.525380,0.249172
-0.004365,-0.421286,-0.496327,0.566913,0.304277,-0.131472,-0.651087,0.211730,0.461395,0.244069,0.126607,-0.656766,-0.342337,0.525987,0.249024
-0.027705,-0.421790,-0.521484,0.570338,0.289941,-0.155814,-0.655454,0.214814,0.454590,0.238530,0.098721,-0.657748,-0.376697,0.526178,0.248826
-0.058221,-0.423062,-0.518895,0.555354,0.285987,-0.188076,-0.657843,0.212405,0.442576,0.242339,0.066222,-0.661276,-0.370795,0.522085,0.258476
-0.088889,-0.424667,-0.506560,0.538792,0.277133,-0.217482,-0.660074,0.205469,0.430271,0.241718,0.034164,-0.666009,-0.372186,0.516428,0.263274
-0.118352,-0.426080,-0.503394,0.530723,0.272048,-0.246265,-0.661466,0.200322,0.427574,0.252845,0.003393,-0.668996,-0.380853,0.515810,0.265656
-0.147731,-0.427890,-0.492115,0.518550,0.271201,-0.274972,-0.664284,0.208166,0.416192,0.239686,-0.027288,-0.671168,-0.377014,0.498094,0.245906
-0.176723,-0.428860,-0.491223,0.501043,0.264472,-0.302648,-0.665710,0.195663,0.405519,0.227842,-0.058319,-0.673609,-0.376465,0.492402,0.256669
-0.206685,-0.429218,-0.491284,0.488638,0.267578,-0.331820,-0.668265,0.214755,0.386020,0.236208,-0.088631,-0.677437,-0.375804,0.487579,0.257538
-0.236678,-0.428357,-0.491562,0.484789,0.252056,-0.361263,-0.668186,0.218196,0.384955,0.250698,-0.119240,-0.678777,-0.378508,0.478719,0.248162
-0.266766,-0.427981,-0.512603,0.459258,0.243846,-0.390291,-0.668842,0.205515,0.370826,0.247566,-0.150028,-0.679782,-0.379102,0.470960,0.255911
-0.296403,-0.428343,-0.502011,0.442904,0.239364,-0.419475,-0.670425,0.204322,0.356713,0.242340,-0.180522,-0.681546,-0.389073,0.464625,0.259702
-0.325695,-0.429546,-0.502569,0.427861,0.246985,-0.448619,-0.672233,0.202043,0.349850,0.249993,-0.210703,-0.682020,-0.386882,0.459212,0.262370
-0.354323,-0.430506,-0.495707,0.414755,0.233727,-0.477122,-0.673229,0.198536,0.333115,0.249029,-0.239783,-0.683062,-0.398239,0.464748,0.255547
-0.379420,-0.432944,-0.490179,0.405184,0.253085,-0.504244,-0.674325,0.198837,0.313919,0.259957,-0.264516,-0.683866,-0.389108,0.454074,0.248738
-0.401609,-0.433415,-0.487663,0.396074,0.239482,-0.527208,-0.675996,0.208786,0.307681,0.265442,-0.286033,-0.684200,-0.388341,0.441856,0.245135
-0.420000,-0.434496,-0.479884,0.382293,0.216583,-0.545905,-0.676947,0.206058,0.299391,0.277165,-0.304929,-0.684487,-0.387676,0.434363,0.257988
-0.436891,-0.434607,-0.470263,0.370353,0.221971,-0.564335,-0.676722,0.203285,0.298396,0.267891,-0.323243,-0.683928,-0.392594,0.433902,0.251445
-0.452418,-0.435513,-0.474522,0.372541,0.227706,-0.579848,-0.676269,0.195778,0.292391,0.257239,-0.337781,-0.684646,-0.393760,0.431826,0.248789
-0.467108,-0.437232,-0.473798,0.357430,0.223061,-0.594627,-0.677498,0.203261,0.277292,0.250083,-0.351726,-0.683692,-0.394811,0.430923,0.255450
-0.479211,-0.436775,-0.468532,0.350314,0.219000,-0.607686,-0.676415,0.197133,0.268923,0.252843,-0.364542,-0.684078,-0.395430,0.425987,0.251845
-0.489699,-0.436760,-0.461358,0.352083,0.231509,-0.619247,-0.676938,0.193575,0.270142,0.249639,-0.375610,-0.683039,-0.392786,0.417773,0.245638
-0.497556,-0.437558,-0.458319,0.347856,0.223968,-0.628950,-0.676436,0.190167,0.263722,0.245415,-0.384581,-0.682533,-0.395109,0.412024,0.256923
-0.505621,-0.438158,-0.448709,0.347633,0.223242,-0.638679,-0.676014,0.194777,0.263523,0.247860,-0.392497,-0.681704,-0.397244,0.410258,0.252939
-0.514295,-0.439379,-0.445174,0.347019,0.220005,-0.647041,-0.677461,0.203471,0.264897,0.244240,-0.400252,-0.681311,-0.396353,0.408757,0.253472
-0.521172,-0.440969,-0.433783,0.344621,0.221439,-0.653700,-0.678532,0.210846,0.260226,0.240269,-0.407041,-0.679857,-0.388742,0.403872,0.258838
-0.525431,-0.442232,-0.414477,0.344693,0.220205,-0.659832,-0.678222,0.194794,0.260089,0.243122,-0.412675,-0.679905,-0.392693,0.404665,0.264744
-0.530290,-0.439987,-0.434313,0.329673,0.220908,-0.665029,-0.679204,0.208539,0.255852,0.241711,-0.417934,-0.679337,-0.395464,0.403837,0.262803
-0.535682,-0.441976,-0.430633,0.327170,0.212593,-0.669472,-0.678358,0.180390,0.246034,0.246135,-0.422466,-0.679059,-0.394195,0.400348,0.261888
-0.539321,-0.441461,-0.416768,0.328868,0.212238,-0.673660,-0.678566,0.169665,0.244496,0.246625,-0.426070,-0.677902,-0.386990,0.399362,0.262337
-0.541857,-0.441513,-0.401475,0.328765,0.212579,-0.678043,-0.680164,0.186953,0.245482,0.240629,-0.430049,-0.677455,-0.379251,0.400758,0.258176
-0.542958,-0.441025,-0.394188,0.329680,0.208682,-0.679205,-0.667465,-0.151844,0.250499,0.244949,-0.433811,-0.676281,-0.388299,0.403545,0.257356
-0.546424,-0.441768,-0.378829,0.330834,0.207943,-0.684517,-0.680437,0.167987,0.252686,0.245143,-0.436045,-0.674614,-0.390555,0.399728,0.260227
-0.548637,-0.441890,-0.370770,0.331543,0.211312,-0.686854,-0.681268,0.167172,0.254448,0.248208,-0.437879,-0.674883,-0.387969,0.399265,0.260684
-0.551251,-0.442404,-0.363911,0.328093,0.212217,-0.689074,-0.680785,0.177564,0.254240,0.250040,-0.440028,-0.674223,-0.387507,0.400973,0.258923
-0.553984,-0.443448,-0.353566,0.323765,0.210703,-0.690366,-0.682832,0.211521,0.255228,0.250267,-0.442401,-0.673703,-0.388462,0.398207,0.260116
-0.555660,-0.443173,-0.343864,0.321094,0.210869,-0.691199,-0.679321,0.153095,0.256745,0.251328,-0.443780,-0.673784,-0.382181,0.395309,0.259608
-0.558171,-0.443149,-0.324117,0.318379,0.214144,-0.692302,-0.678638,0.142162,0.256129,0.252673,-0.444237,-0.673695,-0.382113,0.392808,0.258304
-0.560351,-0.442764,-0.314355,0.318470,0.214523,-0.693933,-0.681511,0.195015,0.255822,0.253367,-0.444200,-0.674304,-0.380864,0.392329,0.258858
-0.560992,-0.443417,-0.314716,0.317177,0.214451,-0.695077,-0.681286,0.192722,0.254844,0.254291,-0.444124,-0.673801,-0.382041,0.392378,0.259280
-0.561541,-0.444333,-0.313553,0.317427,0.213268,-0.691128,-0.661027,-0.307412,0.253767,0.253274,-0.444083,-0.673840,-0.381576,0.393114,0.258878
-0.562248,-0.444418,-0.309451,0.316591,0.212819,-0.696903,-0.677005,0.115714,0.253759,0.253767,-0.444855,-0.673947,-0.377927,0.392378,0.259280
-0.561216,-0.446337,-0.278136,0.316895,0.213311,-0.697950,-0.679118,0.136528,0.251982,0.251818,-0.445824,-0.674099,-0.374210,0.391546,0.259093
-0.562474,-0.444608,-0.310339,0.316371,0.212991,-0.697985,-0.679153,0.137853,0.252200,0.251470,-0.445968,-0.674158,-0.374206,0.391258,0.259039
-0.562338,-0.444680,-0.306840,0.317251,0.213500,-0.698458,-0.679561,0.139999,0.252683,0.252165,-0.445967,-0.674109,-0.374057,0.390810,0.259755
-0.562494,-0.444605,-0.311553,0.318349,0.212840,-0.698200,-0.679373,0.139595,0.252237,0.252299,-0.446104,-0.674182,-0.372685,0.390810,0.259755
-0.562483,-0.444624,-0.310824,0.317618,0.213461,-0.698430,-0.679606,0.140541,0.252372,0.251352,-0.445960,-0.674121,-0.374340,0.390400,0.258595
-0.562266,-0.444449,-0.305922,0.317618,0.213461,-0.698493,-0.679592,0.140172,0.251928,0.251481,-0.445957,-0.674178,-0.374068,0.391561,0.259354
-0.562461,-0.444607,-0.309801,0.317979,0.213656,-0.698661,-0.678997,0.128392,0.251897,0.251555,-0.446067,-0.674058,-0.372134,0.391561,0.259354
-0.562511,-0.444619,-0.310955,0.317839,0.213298,-0.698535,-0.679511,0.140033,0.251897,0.251555,-0.446006,-0.674140,-0.374101,0.390400,0.258595
-0.562504,-0.444508,-0.308191,0.316614,0.213602,-0.697999,-0.680881,0.157554,0.251590,0.250729,-0.445931,-0.674137,-0.374177,0.389996,0.259735
-0.562512,-0.444538,-0.310746,0.316614,0.213602,-0.698589,-0.679481,0.139634,0.251590,0.250729,-0.446008,-0.674125,-0.374333,0.390759,0.259334
-0.562215,-0.444508,-0.307722,0.317481,0.214123,-0.698718,-0.679078,0.130949,0.251611,0.251129,-0.445898,-0.674087,-0.373462,0.390759,0.259334
-0.562218,-0.444517,-0.307846,0.317706,0.213737,-0.698491,-0.679560,0.140726,0.252126,0.251745,-0.445978,-0.674130,-0.374225,0.389996,0.259735
-0.561785,-0.445241,-0.295893,0.317706,0.213737,-0.698462,-0.679618,0.140530,0.252097,0.251811,-0.445980,-0.674140,-0.373972,0.390759,0.259334
-0.562454,-0.444645,-0.310659,0.317567,0.213618,-0.698437,-0.679560,0.139945,0.251794,0.250969,-0.446068,-0.674115,-0.372806,0.390759,0.259334
-0.562442,-0.444581,-0.310085,0.317924,0.213591,-0.698657,-0.679034,0.128668,0.251355,0.251082,-0.445931,-0.674174,-0.374047,0.391511,0.258933
-0.561196,-0.446322,-0.277979,0.317924,0.213591,-0.698531,-0.679502,0.140099,0.251816,0.251364,-0.445986,-0.674113,-0.374360,0.390759,0.259334
-0.561184,-0.446324,-0.278320,0.317427,0.213268,-0.698702,-0.679022,0.128521,0.251816,0.251364,-0.445961,-0.674187,-0.374165,0.390759,0.259334
-0.562514,-0.444605,-0.310677,0.317427,0.213268,-0.698499,-0.679500,0.140150,0.251519,0.250512,-0.445931,-0.674092,-0.373399,0.390759,0.259334
-0.562461,-0.444560,-0.311154,0.317427,0.213268,-0.698428,-0.679627,0.140710,0.251519,0.250512,-0.446084,-0.674113,-0.372722,0.391117,0.260076
-0.562490,-0.444506,-0.309406,0.317924,0.213591,-0.698514,-0.679512,0.139772,0.251345,0.251536,-0.445980,-0.674119,-0.374272,0.392241,0.258272
-0.562310,-0.444379,-0.305093,0.317924,0.213591,-0.698797,-0.679075,0.131163,0.251049,0.250677,-0.446091,-0.674195,-0.374929,0.390382,0.260741
-0.562459,-0.444622,-0.309748,0.316857,0.214248,-0.698471,-0.679525,0.140490,0.251049,0.250677,-0.445965,-0.674122,-0.374143,0.391511,0.258933
-0.562271,-0.444380,-0.306416,0.317567,0.213618,-0.698443,-0.679560,0.140379,0.251073,0.251063,-0.446054,-0.674114,-0.374720,0.389944,0.259315
-0.561774,-0.445265,-0.296257,0.317567,0.213618,-0.698376,-0.679661,0.141144,0.251073,0.251063,-0.445916,-0.674172,-0.373906,0.391117,0.260076
-0.562273,-0.444476,-0.307930,0.317567,0.213618,-0.698634,-0.679405,0.139348,0.250756,0.249814,-0.445984,-0.674134,-0.374324,0.391137,0.260339
-0.561183,-0.446331,-0.278477,0.316994,0.214601,-0.698654,-0.679157,0.131159,0.251274,0.250425,-0.446147,-0.674217,-0.374395,0.390708,0.258914
-0.562293,-0.444384,-0.308175,0.317203,0.213415,-0.698584,-0.679188,0.136340,0.251242,0.250477,-0.445997,-0.674101,-0.374299,0.391117,0.260076
-0.562191,-0.444605,-0.308413,0.318199,0.214295,-0.698792,-0.680368,0.156878,0.251242,0.250477,-0.446090,-0.674208,-0.374110,0.390708,0.258914
-0.562651,-0.444455,-0.311317,0.316831,0.213445,-0.698641,-0.679405,0.139400,0.250807,0.250577,-0.446023,-0.674092,-0.374311,0.390708,0.258914
-0.562216,-0.444541,-0.308369,0.317842,0.214091,-0.698652,-0.679000,0.128030,0.250318,0.250349,-0.446051,-0.674151,-0.372919,0.391117,0.260076
-0.562251,-0.444486,-0.307940,0.316973,0.213799,-0.698690,-0.679526,0.140398,0.250318,0.250349,-0.446014,-0.674127,-0.374330,0.390382,0.260741
-0.561188,-0.446337,-0.278117,0.317194,0.212621,-0.697991,-0.680818,0.156730,0.250521,0.249702,-0.445949,-0.674123,-0.374305,0.389944,0.259315
-0.562460,-0.444566,-0.311268,0.317699,0.212942,-0.698478,-0.679564,0.140606,0.250521,0.249702,-0.446091,-0.674140,-0.372532,0.390708,0.258914
-0.562499,-0.444478,-0.311001,0.316614,0.213602,-0.698543,-0.679470,0.139755,0.250033,0.249472,-0.445989,-0.674091,-0.374049,0.390331,0.260319
-0.562524,-0.444417,-0.307673,0.317839,0.213298,-0.698506,-0.679554,0.140382,0.250033,0.249472,-0.445965,-0.674169,-0.374049,0.390708,0.258914
-0.562526,-0.444563,-0.309945,0.316755,0.213959,-0.698533,-0.679515,0.140094,0.251005,0.250360,-0.445952,-0.674066,-0.373666,0.390708,0.258914
-0.562197,-0.444467,-0.308287,0.316755,0.213959,-0.698381,-0.679635,0.140391,0.250060,0.249846,-0.446067,-0.674138,-0.372755,0.390331,0.260319
-0.562524,-0.444559,-0.309995,0.316967,0.212782,-0.698543,-0.679462,0.140020,0.250512,0.250127,-0.445948,-0.674043,-0.373476,0.390331,0.260319
-0.562196,-0.444587,-0.308489,0.317979,0.213656,-0.695397,-0.667565,-0.176340,0.250512,0.250127,-0.446100,-0.674237,-0.373440,0.390708,0.258914
-0.562503,-0.444560,-0.310456,0.317109,0.213140,-0.698543,-0.679549,0.140718,0.250087,0.250220,-0.445960,-0.673984,-0.373458,0.389944,0.259315
-0.562235,-0.444577,-0.308308,0.318349,0.212840,-0.699089,-0.680393,0.144942,0.250105,0.251013,-0.446035,-0.674162,-0.373212,0.390708,0.258914
-0.561276,-0.446209,-0.278701,0.317251,0.213500,-0.699273,-0.679981,0.142902,0.250105,0.251013,-0.445981,-0.674042,-0.373859,0.389564,0.260721
-0.562245,-0.444539,-0.308013,0.317757,0.213822,-0.699421,-0.680628,0.148442,0.249825,0.250115,-0.446088,-0.674167,-0.372874,0.390331,0.260319
-0.561895,-0.445056,-0.296009,0.317977,0.212648,-0.699432,-0.680275,0.145209,0.249609,0.249946,-0.445982,-0.674012,-0.373448,0.391085,0.259917
-0.562278,-0.444535,-0.308123,0.317977,0.212648,-0.699501,-0.680617,0.147688,0.249340,0.249037,-0.446128,-0.674112,-0.373051,0.391461,0.258514
-0.562475,-0.444559,-0.311291,0.317617,0.212689,-0.699467,-0.680351,0.145090,0.249299,0.249076,-0.445974,-0.674117,-0.374125,0.390331,0.260319
-0.562231,-0.444517,-0.308338,0.317617,0.212689,-0.699415,-0.680512,0.147154,0.249819,0.249681,-0.445963,-0.674140,-0.374386,0.391066,0.259655
-0.561234,-0.446271,-0.278862,0.317252,0.212733,-0.699293,-0.680421,0.147469,0.248490,0.249240,-0.445936,-0.674034,-0.373620,0.390331,0.260319
-0.562473,-0.444507,-0.310817,0.317252,0.212733,-0.699477,-0.680473,0.146117,0.249362,0.249799,-0.445996,-0.674107,-0.374276,0.390708,0.258914
-0.562288,-0.444707,-0.307208,0.318258,0.213374,-0.699360,-0.680626,0.147835,0.248952,0.249881,-0.446052,-0.674061,-0.372431,0.390331,0.260319
-0.562531,-0.444583,-0.310786,0.316659,0.213719,-0.699614,-0.680372,0.146061,0.249096,0.248883,-0.445992,-0.674130,-0.374241,0.390331,0.260319
-0.562247,-0.444533,-0.307963,0.316659,0.213719,-0.699364,-0.680528,0.148267,0.248180,0.248365,-0.446088,-0.674116,-0.372841,0.390331,0.260319
-0.562267,-0.444452,-0.305627,0.316877,0.212549,-0.699347,-0.680532,0.148650,0.249129,0.249242,-0.446068,-0.674144,-0.373199,0.390331,0.260319
-0.562521,-0.444402,-0.307845,0.316877,0.212549,-0.699239,-0.680305,0.145048,0.249129,0.249242,-0.446069,-0.674129,-0.372920,0.390708,0.258914
-0.562451,-0.444529,-0.310448,0.317904,0.213419,-0.699374,-0.680580,0.148323,0.248646,0.249000,-0.446053,-0.674121,-0.372897,0.390708,0.258914
-0.562324,-0.444391,-0.305589,0.318399,0.213741,-0.699754,-0.680310,0.143751,0.248868,0.248323,-0.445987,-0.674052,-0.373855,0.390708,0.258914
-0.562247,-0.444445,-0.305954,0.318399,0.213741,-0.699297,-0.680588,0.148918,0.248868,0.248323,-0.446128,-0.674176,-0.374051,0.390331,0.260319
-0.561214,-0.446295,-0.278886,0.316499,0.212596,-0.699361,-0.680508,0.148917,0.248385,0.248081,-0.445944,-0.674149,-0.374210,0.390331,0.260319
-0.562486,-0.444456,-0.309609,0.317757,0.213822,-0.699421,-0.679866,0.145741,0.248385,0.248081,-0.446208,-0.673885,-0.376199,0.390331,0.260319
-0.564875,-0.428962,-0.308755,0.317757,0.213822,-0.701302,-0.658452,0.106726,0.249085,0.249749,-0.452490,-0.650844,-0.376903,0.396656,0.248928
-0.568368,-0.400773,-0.315772,0.320676,0.213423,-0.703298,-0.629115,0.132282,0.245913,0.246130,-0.459022,-0.615344,-0.366153,0.394421,0.251284
-0.570966,-0.369266,-0.318559,0.312403,0.208700,-0.706979,-0.598655,0.120245,0.247027,0.243315,-0.463872,-0.583018,-0.362706,0.397763,0.252492
-0.573325,-0.341206,-0.307348,0.291271,0.205251,-0.708030,-0.568968,0.110606,0.244418,0.244774,-0.467450,-0.553151,-0.357136,0.399299,0.253739
-0.575393,-0.310267,-0.319604,0.290644,0.201444,-0.704098,-0.514967,-0.586026,0.245456,0.256889,-0.471230,-0.522397,-0.354210,0.400536,0.260519
-0.577236,-0.281831,-0.315280,0.290655,0.200285,-0.716781,-0.512967,0.114485,0.244256,0.239547,-0.474214,-0.492192,-0.354727,0.396149,0.266518
-0.579957,-0.253751,-0.309900,0.273951,0.201207,-0.733250,-0.497486,0.134202,0.245499,0.240872,-0.478048,-0.461228,-0.342230,0.387362,0.272232
-0.581341,-0.225698,-0.306106,0.262792,0.204647,-0.724342,-0.459257,-0.093621,0.244148,0.250961,-0.480111,-0.431861,-0.339701,0.382240,0.272205
-0.583536,-0.197722,-0.310446,0.262173,0.202219,-0.725017,-0.436953,0.123103,0.237110,0.260002,-0.482011,-0.401138,-0.324870,0.384755,0.268681
-0.584879,-0.168183,-0.311141,0.251260,0.200860,-0.731494,-0.409085,0.122661,0.234114,0.259008,-0.484203,-0.370054,-0.314446,0.387924,0.270148
-0.585098,-0.139060,-0.309446,0.240828,0.208315,-0.729157,-0.379942,0.135852,0.234816,0.250990,-0.485629,-0.341207,-0.314705,0.381271,0.271911
-0.584958,-0.109566,-0.319820,0.240236,0.203969,-0.720566,-0.322016,-0.644119,0.232177,0.269144,-0.487298,-0.310948,-0.307258,0.362784,0.261449
-0.585093,-0.080620,-0.316093,0.229519,0.205067,-0.733663,-0.324724,0.134635,0.239230,0.250555,-0.488961,-0.281065,-0.292262,0.347133,0.276086
-0.585749,-0.051754,-0.319323,0.220366,0.209066,-0.749575,-0.311209,0.158134,0.243818,0.241884,-0.489962,-0.250377,-0.291699,0.352906,0.259820
-0.587168,-0.023640,-0.315697,0.207725,0.207803,-0.743026,-0.279636,0.133178,0.232770,0.242012,-0.489591,-0.221393,-0.286958,0.336690,0.272804
-0.588387,0.004574,-0.316510,0.204926,0.212119,-0.736718,-0.249140,0.148414,0.229706,0.259555,-0.489147,-0.192889,-0.279823,0.324430,0.270348
-0.589066,0.033078,-0.311909,0.185656,0.218913,-0.734257,-0.217632,0.151505,0.234395,0.253831,-0.488684,-0.163565,-0.277195,0.316550,0.271237
-0.588229,0.061297,-0.315561,0.183808,0.222973,-0.732884,-0.187804,0.154831,0.232661,0.257874,-0.487975,-0.133424,-0.272886,0.314163,0.262546
-0.587812,0.089447,-0.328205,0.259718,0.227821,-0.730516,-0.156558,0.150659,0.220729,0.262319,-0.487493,-0.105222,-0.265725,0.303579,0.260760
-0.588166,0.118663,-0.319365,0.257336,0.235361,-0.728269,-0.125595,0.156510,0.217471,0.262050,-0.488147,-0.075206,-0.266843,0.293248,0.263696
-0.590264,0.148174,-0.324131,0.160527,0.243510,-0.726886,-0.095518,0.165864,0.211173,0.261512,-0.487447,-0.045636,-0.264232,0.274222,0.268880
-0.590741,0.177077,-0.323419,0.147887,0.257723,-0.726184,-0.065136,0.165264,0.200489,0.270313,-0.487775,-0.015707,-0.257877,0.258647,0.278957
-0.591075,0.205314,-0.323595,0.134251,0.252413,-0.724694,-0.034730,0.176176,0.191282,0.272298,-0.488214,0.013654,-0.251882,0.247901,0.286368
-0.591365,0.230395,-0.314537,0.134757,0.264014,-0.724264,-0.006532,0.168317,0.189195,0.280912,-0.488945,0.039460,-0.235415,0.236679,0.282686
-0.591631,0.262170,-0.316451,0.126416,0.263295,-0.724187,0.026400,0.167444,0.182351,0.279480,-0.489786,0.071741,-0.234792,0.234032,0.284403
-0.591917,0.291726,-0.320986,0.107489,0.217235,-0.724252,0.056777,0.169685,0.168085,0.292738,-0.490223,0.102055,-0.225488,0.227383,0.291197
-0.591561,0.320830,-0.315503,0.110197,0.252838,-0.723508,0.087165,0.173856,0.165105,0.281773,-0.490339,0.129705,-0.222203,0.216785,0.290666
-0.590937,0.349360,-0.319292,0.099913,0.236696,-0.724667,0.117286,0.161905,0.161760,0.308396,-0.491030,0.160592,-0.217501,0.211989,0.306193
-0.590632,0.379287,-0.315562,0.100955,0.232061,-0.724840,0.146289,0.182192,0.152251,0.301916,-0.490025,0.188549,-0.215584,0.209395,0.314545
-0.591985,0.408297,-0.317253,0.084662,0.245292,-0.723145,0.175945,0.181499,0.152111,0.306595,-0.489965,0.218876,-0.202281,0.202500,0.322903
-0.593027,0.436065,-0.308630,0.075844,0.239568,-0.722084,0.206936,0.181962,0.160256,0.326026,-0.489803,0.248472,-0.199222,0.193927,0.282507
-0.593865,0.465331,-0.312839,0.072145,0.238642,-0.722466,0.236129,0.188361,0.141923,0.312734,-0.489505,0.277850,-0.196837,0.184979,0.314869
-0.593724,0.494405,-0.310405,0.061866,0.242953,-0.721280,0.265816,0.192671,0.129319,0.312438,-0.489048,0.306843,-0.193427,0.211416,0.338979
-0.592855,0.520297,-0.317693,0.051085,0.236707,-0.720209,0.291387,0.200636,0.129188,0.288591,-0.488190,0.331883,-0.187797,0.183130,0.282866
-0.592757,0.543138,-0.315678,0.054550,0.236440,-0.721204,0.313346,0.210099,0.122826,0.290131,-0.488611,0.353389,-0.186694,0.180652,0.286125
-0.593468,0.561142,-0.325873,0.042138,0.236833,-0.720494,0.332487,0.197006,0.123435,0.283677,-0.488188,0.370351,-0.181792,0.174914,0.280913
-0.593998,0.580613,-0.324430,0.048008,0.237515,-0.718907,0.351850,0.200581,0.123914,0.263189,-0.487419,0.388926,-0.176352,0.169249,0.281986
-0.594366,0.595889,-0.321547,0.043213,0.236941,-0.719992,0.369379,0.205244,0.110568,0.283573,-0.487267,0.404750,-0.171153,0.169345,0.278184
-0.594823,0.608976,-0.316947,0.036957,0.239330,-0.719258,0.384088,0.209003,0.103959,0.283493,-0.486989,0.416897,-0.165920,0.171188,0.276191
-0.594790,0.620053,-0.313062,0.038752,0.241523,-0.718777,0.397763,0.215118,0.103224,0.284986,-0.485734,0.428994,-0.158879,0.164236,0.274429
-0.595466,0.628849,-0.306158,0.028423,0.239266,-0.717436,0.408527,0.203725,0.105369,0.282474,-0.484260,0.438545,-0.159119,0.166431,0.274914
-0.597492,0.638397,-0.297762,0.019977,0.245140,-0.718820,0.420694,0.211213,0.104466,0.283115,-0.483770,0.449281,-0.151147,0.159636,0.272045
-0.597412,0.647332,-0.297801,0.019977,0.245140,-0.718738,0.431143,0.208266,0.095900,0.281272,-0.483238,0.458137,-0.144479,0.159150,0.275262
-0.598080,0.652978,-0.291612,0.022410,0.237762,-0.719550,0.439092,0.210957,0.091629,0.279512,-0.482834,0.465207,-0.148769,0.151081,0.263286
-0.598656,0.658439,-0.283937,0.017913,0.238195,-0.718970,0.446312,0.206326,0.085429,0.274051,-0.483277,0.470695,-0.138294,0.149184,0.266981
-0.598786,0.664340,-0.281064,0.017008,0.238554,-0.719532,0.454334,0.209382,0.083398,0.272401,-0.482766,0.474157,-0.133006,0.149237,0.272426
-0.599541,0.669846,-0.270911,0.011882,0.247740,-0.719353,0.460096,0.215559,0.083838,0.272072,-0.482820,0.479775,-0.123257,0.149237,0.272426
-0.599766,0.675021,-0.271559,0.017174,0.241071,-0.718276,0.465314,0.217882,0.081022,0.272457,-0.481731,0.484290,-0.121678,0.133979,0.272359
-0.600966,0.678618,-0.273261,0.022350,0.238661,-0.718441,0.470570,0.223182,0.075391,0.273229,-0.480510,0.487597,-0.119704,0.139053,0.273017
-0.601429,0.681411,-0.273574,0.024568,0.238164,-0.718313,0.474958,0.219456,0.078669,0.273787,-0.480257,0.490896,-0.101207,0.140546,0.274315
-0.601758,0.683530,-0.273640,0.020336,0.237740,-0.718932,0.479406,0.223102,0.079453,0.276006,-0.480088,0.492921,-0.094054,0.132011,0.273546
-0.602061,0.685373,-0.268517,0.014869,0.238401,-0.718850,0.482857,0.233967,0.076074,0.273015,-0.480246,0.495017,-0.090536,0.132011,0.273546
-0.601316,0.687857,-0.259509,0.013077,0.239597,-0.717936,0.485991,0.230510,0.077156,0.272407,-0.480383,0.497939,-0.071867,0.125465,0.275721
-0.601208,0.689566,-0.257877,0.013188,0.240101,-0.718013,0.489296,0.236460,0.077156,0.272407,-0.480295,0.499939,-0.067665,0.125465,0.275721
-0.601008,0.690247,-0.254393,0.012017,0.240030,-0.718744,0.491097,0.244095,0.073785,0.268690,-0.480898,0.502517,-0.052688,0.118866,0.274671
-0.600783,0.691100,-0.254997,0.010543,0.240449,-0.719183,0.492745,0.252766,0.073499,0.269237,-0.480526,0.504118,-0.048000,0.122656,0.272013
-0.601077,0.692454,-0.244713,0.011224,0.241157,-0.719928,0.494460,0.258799,0.074697,0.269233,-0.480310,0.505333,-0.040927,0.125203,0.271963
-0.600518,0.693554,-0.241127,0.009332,0.240694,-0.719355,0.496715,0.259250,0.075520,0.270379,-0.480207,0.506048,-0.043160,0.129384,0.272320
-0.599978,0.695049,-0.234593,0.009607,0.241035,-0.719425,0.498144,0.256397,0.074201,0.271659,-0.480217,0.507776,-0.034555,0.129861,0.271568
-0.599268,0.696288,-0.229932,0.012936,0.239020,-0.718573,0.497846,0.250894,0.073411,0.271414,-0.480144,0.508531,-0.028709,0.129656,0.272419
-0.598892,0.697603,-0.222753,0.016541,0.238058,-0.718411,0.498782,0.252650,0.073618,0.270673,-0.480647,0.509482,-0.022963,0.127870,0.272623
-0.598823,0.698008,-0.220716,0.017496,0.238313,-0.718366,0.498722,0.250953,0.072877,0.270522,-0.480644,0.509406,-0.023994,0.127927,0.272061
-0.598683,0.698648,-0.215517,0.017030,0.238290,-0.718412,0.498818,0.252582,0.072665,0.271279,-0.479859,0.509493,-0.028195,0.129327,0.272056
-0.598892,0.698645,-0.216096,0.016924,0.238329,-0.718509,0.498827,0.253901,0.072165,0.270430,-0.480675,0.509395,-0.024084,0.128975,0.272977
-0.598894,0.698653,-0.216007,0.017702,0.238255,-0.718478,0.498796,0.253007,0.072165,0.270430,-0.480672,0.509389,-0.024034,0.128975,0.272977
-0.598673,0.698652,-0.217021,0.017134,0.238273,-0.718497,0.498820,0.253688,0.073837,0.271499,-0.480679,0.509464,-0.022726,0.125741,0.272706
-0.598863,0.698637,-0.216326,0.017593,0.238705,-0.718455,0.498830,0.253628,0.073837,0.271499,-0.480664,0.509391,-0.023902,0.128204,0.272147
-0.598929,0.698579,-0.216919,0.017452,0.238179,-0.718398,0.498772,0.252032,0.073966,0.271719,-0.480639,0.509394,-0.023836,0.128204,0.272147
-0.598879,0.698650,-0.216344,0.018017,0.238176,-0.718481,0.498818,0.253886,0.073345,0.270651,-0.480686,0.509467,-0.022790,0.128204,0.272147
-0.598938,0.698638,-0.215967,0.017095,0.238132,-0.718467,0.498770,0.251939,0.072078,0.271412,-0.480662,0.509384,-0.023994,0.127444,0.272786
-0.598917,0.698612,-0.216144,0.018123,0.238152,-0.718529,0.498815,0.253795,0.073256,0.271640,-0.480705,0.509442,-0.022788,0.127721,0.272872
-0.598913,0.698616,-0.215892,0.018576,0.238592,-0.718455,0.498795,0.252548,0.072203,0.271636,-0.480637,0.509381,-0.024125,0.127721,0.272872
-0.598903,0.698669,-0.216100,0.017775,0.238106,-0.718415,0.498862,0.253896,0.073608,0.271098,-0.480637,0.509388,-0.024036,0.126920,0.272042
-0.598698,0.698608,-0.217131,0.018684,0.238569,-0.718512,0.498801,0.253315,0.072330,0.271863,-0.480705,0.509451,-0.023036,0.124715,0.272686
-0.598938,0.698615,-0.216044,0.017884,0.238083,-0.718393,0.498966,0.253357,0.073743,0.271326,-0.479825,0.509386,-0.029358,0.125767,0.272132
-0.598919,0.698633,-0.216001,0.018793,0.238546,-0.718502,0.498731,0.251611,0.073386,0.271868,-0.480706,0.509467,-0.022822,0.127198,0.272126
-0.598909,0.698640,-0.215890,0.017994,0.238061,-0.718311,0.498803,0.252752,0.073880,0.271558,-0.480646,0.509408,-0.023981,0.124997,0.272770
-0.598892,0.698655,-0.216299,0.018653,0.238023,-0.718524,0.498760,0.252593,0.071965,0.271253,-0.480736,0.509407,-0.024028,0.126049,0.272216
-0.598870,0.698637,-0.216589,0.018445,0.238504,-0.718397,0.498725,0.251110,0.074104,0.271264,-0.480646,0.509368,-0.023959,0.125600,0.271935
-0.598914,0.698682,-0.216049,0.019217,0.238022,-0.718470,0.498771,0.252683,0.073168,0.271494,-0.480683,0.509463,-0.022918,0.126713,0.272849
-0.598902,0.698614,-0.216153,0.018303,0.237981,-0.718405,0.498774,0.251829,0.074245,0.271500,-0.480642,0.509385,-0.024222,0.124430,0.272024
-0.598919,0.698604,-0.215958,0.018215,0.238018,-0.718407,0.498753,0.252494,0.075327,0.271506,-0.479856,0.509354,-0.029838,0.125561,0.272939
-0.598951,0.698659,-0.215836,0.018415,0.237960,-0.718455,0.498867,0.253942,0.072232,0.271726,-0.480671,0.509468,-0.022871,0.125111,0.272657
-0.598935,0.698672,-0.216159,0.018669,0.238462,-0.718384,0.498821,0.252990,0.074388,0.271739,-0.480661,0.509411,-0.024006,0.126160,0.272102
-0.598712,0.698643,-0.216769,0.018983,0.237959,-0.718477,0.498752,0.251766,0.073448,0.271974,-0.479899,0.509389,-0.029110,0.123940,0.272746
-0.598860,0.698643,-0.216059,0.018527,0.237939,-0.718393,0.498765,0.252051,0.074533,0.271981,-0.480650,0.509408,-0.023650,0.124996,0.272192
-0.598864,0.698657,-0.216136,0.019094,0.237939,-0.718419,0.498776,0.252222,0.072966,0.271141,-0.480658,0.509411,-0.023857,0.124996,0.272192
-0.598727,0.698594,-0.216595,0.018639,0.237919,-0.718473,0.498779,0.252751,0.073591,0.272219,-0.480725,0.509359,-0.024729,0.123058,0.271916
-0.598879,0.698632,-0.216328,0.019289,0.237885,-0.718410,0.498762,0.252126,0.072738,0.271926,-0.480647,0.509382,-0.023873,0.124223,0.272831
-0.591703,0.698238,-0.204162,0.019206,0.237918,-0.710768,0.502240,0.245050,0.072489,0.270434,-0.470995,0.509707,-0.032122,0.121091,0.272986
-0.570203,0.699953,-0.185539,0.999059,0.263385,-0.686093,0.506672,0.234927,0.077659,0.285579,-0.441767,0.511295,-0.023079,0.117125,0.274505
-0.540601,0.703753,-0.182812,0.003408,0.263112,-0.654583,0.509224,0.235036,0.076838,0.281910,-0.407298,0.517004,-0.018425,0.104873,0.269448
-0.510621,0.707052,-0.192683,0.003530,0.252151,-0.625724,0.511462,0.242563,0.072988,0.274784,-0.378172,0.520187,-0.026136,0.088812,0.267481
-0.481356,0.710003,-0.201140,0.982234,0.282750,-0.598767,0.515299,0.240946,0.072685,0.278732,-0.349301,0.521922,-0.025940,0.033801,0.272478
-0.451609,0.712040,-0.205762,0.982234,0.282750,-0.570121,0.517261,0.230252,0.073429,0.289159,-0.318906,0.522849,-0.023591,0.006817,0.286480
-0.422085,0.714290,-0.194980,0.818887,0.256874,-0.541629,0.519189,0.237312,0.076474,0.296254,-0.288126,0.524763,-0.028216,0.046711,0.312533
-0.392576,0.715994,-0.199233,0.989482,0.274057,-0.513691,0.521142,0.241657,0.076474,0.296254,-0.258629,0.526868,-0.032053,0.046711,0.312533
-0.363222,0.717357,-0.198489,0.986075,0.287099,-0.484225,0.522136,0.236951,0.066567,0.278060,-0.228962,0.527970,-0.030726,0.009831,0.272809
-0.333372,0.719287,-0.199753,0.990327,0.270289,-0.455579,0.524852,0.237934,0.066567,0.278060,-0.198934,0.529073,-0.033352,0.992495,0.278798
-0.304577,0.720259,-0.204957,0.985730,0.278162,-0.426408,0.525878,0.239586,0.060817,0.279037,-0.168688,0.530064,-0.029398,0.992495,0.278798
-0.275509,0.719896,-0.215854,0.976620,0.303032,-0.398039,0.528013,0.240207,0.057532,0.279385,-0.139683,0.531245,-0.031248,0.963110,0.289689
-0.242809,0.719362,-0.212916,0.971338,0.298773,-0.366929,0.529319,0.240083,0.059530,0.270808,-0.111042,0.532057,-0.026730,0.956624,0.285582
-0.215760,0.719607,-0.209671,0.902778,0.332088,-0.340668,0.529714,0.235469,0.053743,0.276972,-0.086179,0.532555,-0.024026,0.952458,0.301037
-0.187979,0.720622,-0.214509,0.981498,0.290348,-0.312047,0.530217,0.241441,0.053743,0.276972,-0.055092,0.534001,-0.020700,0.952458,0.301037
-0.162048,0.720982,-0.222713,0.981498,0.290348,-0.284038,0.531105,0.240636,0.046008,0.274912,-0.024134,0.535784,-0.019379,0.885020,0.353232
-0.135618,0.721602,-0.229863,0.970206,0.263850,-0.254925,0.532121,0.234759,0.044754,0.278717,0.006171,0.537274,-0.018493,0.897112,0.339287
-0.107991,0.722024,-0.233295,0.973314,0.259229,-0.225909,0.531982,0.230315,0.042881,0.280130,0.035439,0.538981,-0.019600,0.895552,0.316044
-0.079779,0.722530,-0.235169,0.968482,0.256317,-0.197110,0.532475,0.247016,0.007064,0.252056,0.064740,0.539985,-0.009323,0.883546,0.332342
-0.050093,0.722878,-0.239960,0.940916,0.280883,-0.168441,0.533230,0.246026,0.007064,0.252056,0.094439,0.541093,-0.004627,0.883546,0.332342
-0.020245,0.723644,-0.238385,0.939899,0.276229,-0.140330,0.533613,0.248164,0.024411,0.290623,0.124260,0.542650,-0.000224,0.877354,0.307238
0.009953,0.724664,-0.238730,0.945867,0.255933,-0.112202,0.533768,0.247719,0.024411,0.290623,0.153463,0.544195,0.013412,0.879435,0.289814
0.039240,0.725243,-0.243248,0.927952,0.280600,-0.082854,0.535072,0.238982,0.021335,0.302764,0.183213,0.544647,0.012427,0.879435,0.289814
0.068750,0.724749,-0.245917,0.927952,0.280600,-0.052855,0.534293,0.231782,0.013132,0.325835,0.214134,0.544690,0.013075,0.883965,0.266606
0.099296,0.724246,-0.240626,0.918336,0.284065,-0.024324,0.534932,0.240546,0.982856,0.333997,0.244010,0.544899,0.018023,0.877976,0.257099
0.129765,0.723827,-0.247215,0.915152,0.278453,0.005071,0.535716,0.244043,0.957046,0.322881,0.273141,0.546253,0.023261,0.862374,0.272133
0.158808,0.723400,-0.253838,0.910727,0.279812,0.034069,0.536201,0.237021,0.954592,0.321098,0.303233,0.546268,0.016995,0.862374,0.272133
0.188268,0.723565,-0.259924,0.913095,0.264059,0.063705,0.535916,0.246125,0.955128,0.314014,0.332582,0.545507,0.031089,0.847079,0.302423
0.218585,0.723920,-0.261147,0.913095,0.264059,0.092861,0.536696,0.243874,0.935645,0.310584,0.362387,0.545558,0.035236,0.847079,0.302423
0.247663,0.724236,-0.262672,0.907146,0.270426,0.121312,0.537259,0.243071,0.933766,0.304709,0.391792,0.546249,0.033366,0.840760,0.311372
0.277175,0.723516,-0.266147,0.899050,0.265179,0.151031,0.536841,0.246145,0.934331,0.293894,0.421544,0.547547,0.039978,0.827917,0.247290
0.307824,0.723321,-0.261882,0.899050,0.265179,0.180243,0.536825,0.248692,0.937608,0.282443,0.452197,0.547663,0.040781,0.827917,0.247290
0.336517,0.724673,-0.266474,0.890391,0.262041,0.210419,0.537080,0.248450,0.921641,0.286903,0.481500,0.546462,0.045547,0.824425,0.262680
0.363708,0.725005,-0.270784,0.883476,0.268502,0.238461,0.536514,0.234440,0.923189,0.274621,0.508290,0.545776,0.048850,0.816717,0.255369
0.389114,0.726332,-0.267616,0.872493,0.263370,0.262622,0.536575,0.249781,0.926497,0.248006,0.531457,0.545891,0.050788,0.816717,0.255369
0.410544,0.726714,-0.267971,0.872493,0.263370,0.283996,0.537137,0.247647,0.899981,0.279822,0.552515,0.545627,0.051227,0.814255,0.261977
0.428994,0.727146,-0.275367,0.872303,0.261310,0.302182,0.536271,0.251366,0.898463,0.274956,0.570881,0.545665,0.051176,0.801119,0.257562
0.444562,0.726066,-0.270132,0.871549,0.253190,0.319023,0.535615,0.246768,0.882806,0.293676,0.587015,0.544236,0.058300,0.801119,0.257562
0.459886,0.727026,-0.277331,0.860222,0.249915,0.335241,0.535627,0.247636,0.889869,0.278719,0.601221,0.544087,0.056617,0.795652,0.264322
0.472849,0.727703,-0.276004,0.860222,0.249915,0.349120,0.534007,0.247174,0.881681,0.284092,0.613857,0.542542,0.063660,0.795652,0.264322
0.484792,0.728201,-0.279894,0.853619,0.268874,0.360776,0.535000,0.252334,0.890442,0.263164,0.625245,0.541573,0.063759,0.792197,0.249018
0.494606,0.727841,-0.290277,0.854646,0.251800,0.371389,0.535201,0.251192,0.889290,0.258443,0.635521,0.540885,0.070855,0.787698,0.256462
0.503310,0.728256,-0.304684,0.854646,0.251800,0.381179,0.534780,0.253830,0.891900,0.252882,0.644072,0.540297,0.071430,0.787698,0.256462
0.510706,0.729459,-0.319189,0.851496,0.255384,0.389772,0.534459,0.254662,0.883776,0.254009,0.651922,0.538960,0.073796,0.784027,0.248289
0.516288,0.730240,-0.331520,0.852220,0.249598,0.397691,0.534190,0.256623,0.881845,0.258614,0.658653,0.537739,0.075864,0.784027,0.248289
0.519904,0.730785,-0.345925,0.845698,0.255543,0.404893,0.534346,0.264030,0.878062,0.254588,0.664665,0.536319,0.078655,0.775776,0.250223
0.523492,0.731237,-0.365323,0.842699,0.257014,0.409746,0.535661,0.257063,0.884134,0.240727,0.670004,0.534876,0.081091,0.775776,0.250223
0.528302,0.732442,-0.385587,0.843073,0.260861,0.414587,0.536338,0.267112,0.887310,0.232473,0.674229,0.534210,0.085941,0.774483,0.238287
0.531738,0.732890,-0.403356,0.842920,0.243443,0.418939,0.536688,0.276396,0.887310,0.232473,0.677949,0.533383,0.090795,0.774868,0.236337
0.533273,0.732997,-0.410110,0.840930,0.239288,0.422509,0.537191,0.277765,0.887310,0.232473,0.681504,0.533332,0.095442,0.774868,0.236337
0.534711,0.732749,-0.417599,0.837830,0.244122,0.426400,0.536944,0.292939,0.887310,0.232473,0.684154,0.532649,0.108366,0.773071,0.234281
0.537447,0.732816,-0.428102,0.835763,0.250710,0.429411,0.537257,0.298830,0.887310,0.232473,0.686064,0.532301,0.115469,0.773071,0.234281
0.540325,0.733036,-0.442773,0.835222,0.256054,0.432617,0.537663,0.305702,0.887310,0.232473,0.688170,0.531580,0.126348,0.772115,0.234684
0.542711,0.733172,-0.453426,0.835400,0.256856,0.435482,0.538407,0.306273,0.887310,0.232473,0.689979,0.530843,0.135130,0.769049,0.232110
0.544210,0.733433,-0.461037,0.835430,0.257354,0.437649,0.538444,0.313877,0.887310,0.232473,0.691464,0.530248,0.142466,0.766851,0.225431
0.547368,0.733782,-0.474412,0.834928,0.257312,0.440355,0.538623,0.313211,0.887310,0.232473,0.692526,0.529869,0.147711,0.765528,0.223329
0.549806,0.733863,-0.484950,0.834003,0.248617,0.442430,0.538853,0.318265,0.887310,0.232473,0.693980,0.529666,0.156102,0.765250,0.221570
0.551188,0.734102,-0.494758,0.832886,0.243837,0.444124,0.538684,0.332229,0.886735,0.234429,0.694929,0.529360,0.159676,0.764518,0.221289
0.553376,0.734000,-0.503507,0.834257,0.241413,0.445268,0.538599,0.338270,0.886735,0.234429,0.694822,0.529428,0.159603,0.765686,0.224213
0.553440,0.734107,-0.503853,0.824792,0.253947,0.446438,0.538035,0.340943,0.886735,0.234429,0.694844,0.529392,0.160003,0.765686,0.224213
0.554680,0.733731,-0.507128,0.834249,0.248550,0.448468,0.537408,0.353150,0.886735,0.234429,0.694857,0.529376,0.159804,0.763848,0.223846
0.555840,0.733956,-0.514408,0.834320,0.253836,0.449451,0.537110,0.359011,0.886735,0.234429,0.694731,0.529375,0.159105,0.764470,0.223096
0.557661,0.733777,-0.523357,0.833554,0.257088,0.449927,0.537078,0.358902,0.886735,0.234429,0.694877,0.529377,0.159579,0.764330,0.223947
0.559145,0.733710,-0.527636,0.833951,0.257059,0.449907,0.537112,0.360023,0.886735,0.234429,0.694823,0.529400,0.160113,0.764936,0.223945
0.560369,0.733503,-0.531209,0.832192,0.256099,0.449919,0.537029,0.357957,0.886735,0.234429,0.694843,0.529352,0.159915,0.765454,0.224421
0.560864,0.733627,-0.533143,0.830450,0.256952,0.449891,0.537062,0.359317,0.886735,0.234429,0.694861,0.529390,0.159663,0.764330,0.223947
0.561474,0.733604,-0.536605,0.829727,0.257289,0.449760,0.537126,0.358897,0.886735,0.234429,0.694845,0.529351,0.159812,0.764963,0.223195
0.562411,0.733584,-0.545607,0.829711,0.256632,0.449917,0.537001,0.359729,0.886735,0.234429,0.694894,0.529417,0.159696,0.764846,0.224423
0.563757,0.733528,-0.548974,0.828910,0.256992,0.449870,0.537080,0.359158,0.886735,0.234429,0.694833,0.529395,0.159646,0.765454,0.224421
0.565103,0.733556,-0.557207,0.829176,0.251932,0.449895,0.537062,0.359429,0.880446,0.244045,0.694873,0.529342,0.159774,0.764330,0.223947
0.567320,0.733509,-0.565724,0.827973,0.246230,0.449880,0.537075,0.359355,0.887787,0.232282,0.694834,0.529340,0.159840,0.765454,0.224421
0.568010,0.733508,-0.569059,0.826417,0.239605,0.449798,0.536979,0.358375,0.887114,0.231551,0.694853,0.529381,0.159868,0.765454,0.224421
0.568438,0.733593,-0.574250,0.826308,0.239550,0.449882,0.537097,0.359153,0.886909,0.231711,0.694903,0.529402,0.159732,0.765454,0.224421
0.568862,0.733560,-0.576288,0.826446,0.239020,0.449942,0.537055,0.359165,0.887170,0.232767,0.694969,0.529367,0.159638,0.765454,0.224421
0.569653,0.733540,-0.578349,0.826999,0.238402,0.449910,0.537104,0.359659,0.886223,0.232864,0.696059,0.529239,0.166893,0.764846,0.224423
0.569968,0.733387,-0.578550,0.827052,0.238949,0.449922,0.537097,0.360445,0.886965,0.232932,0.697323,0.529109,0.173044,0.765593,0.227850
0.570428,0.733400,-0.581173,0.825375,0.238855,0.449839,0.537065,0.358556,0.886018,0.233030,0.698226,0.528940,0.176770,0.766659,0.231523
0.570585,0.733415,-0.581331,0.826808,0.237904,0.449920,0.537063,0.359046,0.887656,0.232505,0.699679,0.528711,0.182022,0.766242,0.232364
0.571084,0.733327,-0.583828,0.826808,0.237904,0.449787,0.537078,0.359784,0.887656,0.232505,0.700054,0.528556,0.183879,0.767126,0.233390
0.570931,0.733385,-0.582427,0.826951,0.238592,0.449930,0.537001,0.357997,0.887177,0.233500,0.700120,0.528473,0.184627,0.766943,0.234773
0.570992,0.733385,-0.583740,0.827154,0.237369,0.449889,0.537135,0.358469,0.887451,0.232672,0.699896,0.528457,0.182561,0.767665,0.234774
0.571086,0.733376,-0.583435,0.826353,0.238102,0.449936,0.537042,0.359293,0.886972,0.233670,0.700143,0.528485,0.184307,0.766951,0.234413
0.570985,0.733445,-0.582592,0.827270,0.237193,0.449959,0.537117,0.361302,0.888189,0.232740,0.700045,0.528533,0.184247,0.767529,0.234947
0.571325,0.733432,-0.584227,0.826466,0.237925,0.449935,0.537076,0.358597,0.886351,0.233437,0.700132,0.528516,0.184141,0.766812,0.234586
0.571643,0.733359,-0.585753,0.826256,0.237986,0.449901,0.537058,0.357975,0.887247,0.232841,0.700071,0.528535,0.183785,0.768119,0.235122
0.572163,0.733367,-0.586971,0.826580,0.237749,0.449919,0.537060,0.359071,0.887247,0.232841,0.700101,0.528524,0.184431,0.766663,0.235120
0.572152,0.733331,-0.586717,0.826458,0.236769,0.449918,0.537087,0.357671,0.886351,0.233437,0.701386,0.528252,0.183086,0.767983,0.235299
0.572079,0.733366,-0.586151,0.826580,0.237749,0.449919,0.537056,0.358941,0.886146,0.233608,0.702271,0.528116,0.189897,0.768155,0.236380
0.572160,0.733318,-0.586836,0.826781,0.236535,0.449932,0.537074,0.359008,0.886146,0.233608,0.702280,0.528106,0.190011,0.766379,0.236750
0.572077,0.733362,-0.586326,0.825977,0.237262,0.449926,0.537020,0.358946,0.886146,0.233608,0.702677,0.527963,0.192409,0.767127,0.236750
0.572157,0.733293,-0.586859,0.826573,0.236597,0.449832,0.536978,0.357926,0.886564,0.234015,0.702975,0.527926,0.192923,0.766689,0.237319
0.572084,0.733366,-0.586311,0.825977,0.237262,0.449901,0.537042,0.359319,0.887042,0.233011,0.703048,0.527925,0.193560,0.767590,0.237128
0.572071,0.733370,-0.586337,0.825777,0.237326,0.449872,0.537053,0.359279,0.887042,0.233011,0.703060,0.527932,0.193642,0.768201,0.237320
0.572052,0.733381,-0.586345,0.825777,0.237326,0.449910,0.537047,0.359223,0.886838,0.233183,0.703057,0.527939,0.193586,0.768201,0.237320
0.572154,0.733311,-0.586824,0.826484,0.237637,0.449928,0.537041,0.358965,0.886564,0.234015,0.702944,0.527946,0.193516,0.766082,0.237127
0.572127,0.733315,-0.586999,0.826895,0.236364,0.449928,0.537031,0.357852,0.885942,0.233781,0.703015,0.527946,0.193195,0.767446,0.237319
0.572070,0.733385,-0.586205,0.826484,0.237637,0.449912,0.537044,0.358889,0.886359,0.234190,0.703038,0.527941,0.193535,0.766689,0.237319
0.572088,0.733358,-0.586270,0.825777,0.237326,0.449930,0.537051,0.358810,0.886685,0.233850,0.702974,0.527940,0.193260,0.767300,0.237512
0.572142,0.733325,-0.586709,0.826687,0.236427,0.449921,0.537051,0.359069,0.886838,0.233183,0.703025,0.527928,0.193413,0.768058,0.237513
0.572035,0.733372,-0.586370,0.826089,0.237090,0.449914,0.537064,0.358684,0.885737,0.233956,0.703001,0.527954,0.193879,0.767300,0.237512
0.572218,0.733249,-0.587332,0.826895,0.236364,0.449851,0.536974,0.357891,0.886838,0.233183,0.702970,0.527937,0.192970,0.767300,0.237512
0.572065,0.733386,-0.586104,0.826895,0.236364,0.449794,0.537051,0.359443,0.886359,0.234190,0.702989,0.527973,0.193841,0.766540,0.237511
0.572149,0.733320,-0.586814,0.826089,0.237090,0.449818,0.537012,0.358055,0.887991,0.233661,0.702970,0.527972,0.193250,0.766540,0.237511
0.572013,0.733389,-0.586351,0.826089,0.237090,0.449912,0.537030,0.358032,0.886481,0.234024,0.703020,0.527949,0.193435,0.767300,0.237512
0.572067,0.733392,-0.586292,0.826687,0.236427,0.449907,0.537103,0.360441,0.886359,0.234190,0.703033,0.527960,0.193795,0.767153,0.237707
0.571791,0.733438,-0.586965,0.826089,0.237090,0.449901,0.537034,0.358234,0.887099,0.234259,0.702583,0.528029,0.197940,0.767153,0.237707
0.572075,0.733386,-0.586253,0.826089,0.237090,0.449994,0.537018,0.358921,0.886155,0.234366,0.703025,0.527972,0.193824,0.766390,0.237706
0.572159,0.733315,-0.586820,0.826089,0.237090,0.449929,0.537054,0.358844,0.886481,0.234024,0.702968,0.527950,0.193458,0.767153,0.237707
0.572069,0.733391,-0.586238,0.826089,0.237090,0.449932,0.537076,0.359043,0.886634,0.233356,0.703028,0.527960,0.193716,0.767153,0.237707
0.572143,0.733328,-0.586842,0.826089,0.237090,0.449871,0.537139,0.359496,0.886895,0.234435,0.702940,0.527969,0.193166,0.767769,0.237903
0.572066,0.733397,-0.586108,0.826089,0.237090,0.449930,0.537082,0.358973,0.886634,0.233356,0.703045,0.527950,0.193522,0.767005,0.237903
0.572069,0.733366,-0.586260,0.825889,0.237154,0.449913,0.537067,0.359002,0.886895,0.234435,0.702992,0.527964,0.193708,0.766390,0.237706
0.572173,0.733315,-0.586756,0.826286,0.235882,0.449876,0.536950,0.356462,0.886155,0.234366,0.702631,0.527988,0.198105,0.767005,0.237903
0.575148,0.733584,-0.597816,0.826142,0.238162,0.449921,0.538441,0.362843,0.886895,0.234435,0.701818,0.522863,0.192731,0.766239,0.237902
0.588931,0.736452,-0.631418,0.826789,0.262680,0.446097,0.552040,0.369839,0.876439,0.249885,0.697471,0.506322,0.196174,0.767058,0.233047
0.603008,0.739346,-0.645408,0.820006,0.250702,0.442496,0.562472,0.367647,0.871715,0.257904,0.694183,0.492954,0.190787,0.765952,0.235659
0.613956,0.741041,-0.670531,0.817541,0.250581,0.440867,0.571696,0.369673,0.870273,0.261687,0.686845,0.484504,0.200202,0.765220,0.229298
0.623734,0.741764,-0.693044,0.808114,0.227198,0.440099,0.580148,0.368369,0.875850,0.248595,0.679506,0.477015,0.197669,0.767022,0.232254
0.631878,0.739283,-0.697272,0.810708,0.240540,0.440453,0.587862,0.374443,0.869020,0.262369,0.674009,0.470544,0.186316,0.767321,0.227375
0.640438,0.736035,-0.706981,0.812614,0.250701,0.441426,0.595707,0.376537,0.870274,0.258838,0.666966,0.465445,0.192043,0.772972,0.234938
0.648830,0.732246,-0.715426,0.802742,0.232528,0.441738,0.603335,0.379910,0.881990,0.236524,0.661427,0.461420,0.188219,0.773293,0.230450
0.655268,0.728718,-0.717622,0.802808,0.231484,0.442268,0.608966,0.380681,0.884351,0.232995,0.656790,0.458918,0.183486,0.774057,0.237205
0.661354,0.726281,-0.733964,0.802622,0.233698,0.442542,0.613769,0.374053,0.881953,0.238233,0.651599,0.457343,0.187180,0.776577,0.244671
0.667078,0.725249,-0.757341,0.794538,0.223196,0.443819,0.619041,0.368141,0.876963,0.243657,0.647360,0.455737,0.186574,0.778874,0.254961
0.671168,0.724238,-0.771720,0.794538,0.223196,0.444398,0.623723,0.370455,0.875829,0.244386,0.642575,0.454636,0.183165,0.780611,0.259015
0.674625,0.723011,-0.781128,0.794538,0.223196,0.445105,0.627909,0.359326,0.879450,0.242804,0.639060,0.453641,0.180691,0.781262,0.247548
0.680749,0.721902,-0.794174,0.794538,0.223196,0.446116,0.631102,0.353227,0.877069,0.239510,0.636244,0.452999,0.182308,0.779945,0.246119
0.685420,0.720147,-0.809042,0.794538,0.223196,0.447416,0.634997,0.355315,0.881951,0.229937,0.633231,0.452500,0.180097,0.779610,0.246061
0.689329,0.717333,-0.814810,0.794538,0.223196,0.448141,0.637610,0.350197,0.883491,0.226048,0.630984,0.452181,0.176948,0.780693,0.244805
0.691359,0.715968,-0.824422,0.794538,0.223196,0.448907,0.640108,0.347533,0.882645,0.225948,0.629538,0.452270,0.170807,0.781443,0.249179
0.694305,0.714151,-0.833781,0.797042,0.240045,0.450071,0.641954,0.339079,0.882042,0.227092,0.627869,0.452322,0.167234,0.781577,0.250708
0.696507,0.712205,-0.838804,0.796979,0.242894,0.451027,0.643374,0.333362,0.880705,0.230208,0.626502,0.452532,0.161336,0.783426,0.253000
0.696739,0.711296,-0.835651,0.797058,0.244910,0.451568,0.645553,0.328769,0.879940,0.232517,0.625692,0.452891,0.157798,0.783750,0.251857
0.698237,0.710198,-0.836431,0.796904,0.247918,0.452237,0.647553,0.323691,0.879182,0.232456,0.624426,0.453023,0.153675,0.785300,0.252545
0.699898,0.709347,-0.841727,0.798615,0.251721,0.453068,0.648941,0.317980,0.880943,0.228556,0.624472,0.453174,0.152433,0.784738,0.251316
0.701107,0.708995,-0.849338,0.798532,0.252209,0.453709,0.650271,0.311573,0.883615,0.224216,0.624493,0.453185,0.152645,0.785179,0.252789
0.701898,0.708718,-0.854028,0.796940,0.247671,0.453917,0.651184,0.309233,0.886546,0.219352,0.623077,0.453273,0.146068,0.784526,0.252201
0.702691,0.708733,-0.860619,0.796720,0.244544,0.454311,0.651901,0.303181,0.886848,0.218987,0.622527,0.453347,0.143606,0.784119,0.251134
0.705093,0.707990,-0.869225,0.794228,0.237000,0.455221,0.652938,0.293676,0.887041,0.218125,0.622008,0.453685,0.142089,0.783496,0.250685
0.705591,0.707772,-0.870918,0.792491,0.232168,0.455584,0.653442,0.290453,0.887021,0.217354,0.621445,0.453872,0.139159,0.784359,0.250660
0.705627,0.707689,-0.871323,0.792247,0.231155,0.456075,0.653759,0.293952,0.885377,0.217481,0.621476,0.453855,0.139377,0.783214,0.249409
0.705410,0.707793,-0.872101,0.792373,0.232087,0.456110,0.653961,0.292443,0.886795,0.217020,0.621451,0.453842,0.138924,0.782481,0.249203
0.705656,0.707641,-0.871148,0.792276,0.230694,0.456706,0.654496,0.288543,0.885065,0.217386,0.621466,0.453873,0.139627,0.783332,0.249180
0.705591,0.707723,-0.871259,0.792290,0.230467,0.456780,0.654487,0.288051,0.884404,0.217139,0.621440,0.453836,0.138991,0.784182,0.249156
0.705440,0.707805,-0.871734,0.792081,0.230355,0.456684,0.654459,0.288387,0.884620,0.217090,0.621475,0.453852,0.139372,0.783449,0.248952
0.705548,0.707744,-0.871573,0.792081,0.230355,0.456780,0.654525,0.289086,0.883836,0.217036,0.621452,0.453869,0.139139,0.783449,0.248952
0.705645,0.707645,-0.871029,0.791923,0.230982,0.456706,0.654407,0.287447,0.883836,0.217036,0.621465,0.453818,0.139210,0.783449,0.248952
0.705632,0.707696,-0.871050,0.791923,0.230982,0.456773,0.654525,0.288628,0.884342,0.217863,0.621445,0.453849,0.139103,0.782601,0.248975
0.705577,0.707639,-0.872133,0.792303,0.230242,0.456705,0.654393,0.287494,0.884836,0.217041,0.621472,0.453811,0.139522,0.783449,0.248952
0.705477,0.707725,-0.872451,0.791594,0.229711,0.456867,0.654467,0.287350,0.882894,0.217563,0.621441,0.453845,0.139014,0.784297,0.248929
0.705690,0.707606,-0.871439,0.791809,0.229825,0.456769,0.654413,0.287945,0.884052,0.216988,0.621433,0.453802,0.139264,0.783249,0.249842
0.705700,0.707619,-0.871282,0.791809,0.229825,0.456777,0.654479,0.288114,0.884052,0.216988,0.621488,0.453840,0.139147,0.783249,0.249842
0.705641,0.707657,-0.871458,0.791809,0.229825,0.456792,0.654435,0.288139,0.884052,0.216988,0.621444,0.453812,0.139148,0.784087,0.249820
0.705675,0.707616,-0.871331,0.791809,0.229825,0.456809,0.654480,0.288883,0.884052,0.216988,0.621491,0.453830,0.139657,0.783565,0.248727
0.705590,0.707724,-0.871257,0.791809,0.229825,0.456765,0.654461,0.288114,0.884052,0.216988,0.621417,0.453847,0.138961,0.782719,0.248750
0.705440,0.707726,-0.872436,0.792014,0.229939,0.456800,0.654443,0.287730,0.883898,0.217567,0.621502,0.453832,0.139584,0.783565,0.248727
0.705622,0.707697,-0.871495,0.792014,0.229939,0.456788,0.654467,0.288116,0.883110,0.217514,0.621443,0.453830,0.139099,0.783565,0.248727
0.705585,0.707636,-0.872171,0.792014,0.229939,0.456775,0.654428,0.287741,0.883110,0.217514,0.621496,0.453796,0.139458,0.783565,0.248727
0.705442,0.707778,-0.873102,0.791923,0.230982,0.456704,0.654407,0.287280,0.883326,0.217465,0.621475,0.453841,0.139278,0.782719,0.248750
0.704349,0.701003,-0.886703,0.791923,0.230982,0.456308,0.647832,0.298493,0.886718,0.215547,0.620551,0.446910,0.166354,0.783565,0.248727
0.703724,0.676581,-0.912648,0.794152,0.239054,0.457073,0.620536,0.323247,0.870568,0.246018,0.620689,0.415728,0.182193,0.785125,0.272247
0.704327,0.647390,-0.919849,0.794152,0.239054,0.459423,0.590552,0.306955,0.884755,0.226524,0.621689,0.381912,0.172934,0.774748,0.232415
0.704919,0.617958,-0.920726,0.785816,0.219626,0.459898,0.562487,0.296258,0.880258,0.229508,0.620774,0.352850,0.167047,0.773251,0.227476
0.705900,0.589041,-0.941398,0.785816,0.219626,0.461279,0.535849,0.292883,0.882717,0.226158,0.620523,0.323494,0.162465,0.774397,0.242731
0.706688,0.560839,-0.940940,0.799704,0.262714,0.462237,0.508736,0.288328,0.886260,0.220950,0.621636,0.293795,0.156362,0.772201,0.263458
0.708404,0.532948,-0.952411,0.799704,0.262714,0.463359,0.482853,0.287460,0.889201,0.211108,0.621302,0.266838,0.148724,0.764677,0.242310
0.709396,0.510065,-0.955831,0.790394,0.229101,0.464364,0.460655,0.282424,0.883543,0.207632,0.619540,0.244727,0.142966,0.777939,0.247641
0.710772,0.489581,-0.962858,0.798533,0.260632,0.465367,0.441675,0.276658,0.883539,0.205100,0.618052,0.225761,0.143723,0.761646,0.239200
0.711165,0.471063,-0.971102,0.798315,0.266174,0.465697,0.423890,0.274943,0.882178,0.214358,0.617299,0.207024,0.141190,0.757082,0.250111
0.711592,0.454790,-0.963812,0.789651,0.240553,0.466742,0.407903,0.272721,0.878886,0.213524,0.616768,0.190567,0.137818,0.754627,0.239064
0.712758,0.440954,-0.972947,0.795570,0.267115,0.466409,0.395247,0.269928,0.874762,0.211311,0.617047,0.177178,0.134653,0.749556,0.234652
0.713564,0.423433,-0.973901,0.793661,0.253802,0.467334,0.379309,0.256329,0.878544,0.205794,0.615066,0.161928,0.129711,0.747902,0.226369
0.714003,0.415002,-0.979305,0.793661,0.253802,0.467054,0.370937,0.263669,0.873688,0.206337,0.614510,0.154006,0.126081,0.741121,0.217511
0.714474,0.405483,-0.971718,0.796157,0.242661,0.467157,0.361910,0.253304,0.873688,0.206337,0.613524,0.145360,0.121463,0.744650,0.225192
0.715100,0.396428,-0.968515,0.788321,0.249189,0.468382,0.352935,0.250595,0.872361,0.207020,0.612124,0.136785,0.110233,0.743900,0.226205
0.716018,0.388259,-0.972787,0.786524,0.243077,0.468459,0.345317,0.247900,0.872361,0.207020,0.611023,0.128810,0.103920,0.738988,0.211620
0.716879,0.381203,-0.977484,0.791173,0.259521,0.468002,0.339288,0.245523,0.862408,0.204171,0.609012,0.123051,0.100571,0.736295,0.204950
0.717635,0.373321,-0.976467,0.790572,0.256029,0.467782,0.333431,0.242362,0.863826,0.205374,0.607611,0.117384,0.092035,0.733694,0.209338
0.718006,0.365361,-0.976889,0.786987,0.248417,0.467362,0.327688,0.236142,0.863826,0.205374,0.606558,0.111961,0.084924,0.736299,0.215551
0.717817,0.360064,-0.976103,0.780420,0.225987,0.466680,0.323368,0.236511,0.861140,0.205972,0.605839,0.106512,0.076351,0.736818,0.225234
0.717883,0.356114,-0.971416,0.781083,0.231543,0.466553,0.319491,0.228364,0.861140,0.205972,0.605322,0.102707,0.070132,0.736471,0.218270
0.718049,0.351124,-0.964896,0.784347,0.239009,0.465732,0.315945,0.222326,0.862303,0.205066,0.604649,0.099532,0.063086,0.735549,0.219868
0.718297,0.346368,-0.957798,0.786592,0.245292,0.466042,0.312722,0.219406,0.862303,0.205066,0.604428,0.096468,0.056283,0.737196,0.228968
0.718096,0.339888,-0.951956,0.785071,0.242868,0.466344,0.309420,0.214161,0.861001,0.206637,0.604301,0.093930,0.047844,0.736153,0.234485
0.718641,0.335833,-0.952239,0.782609,0.230875,0.466742,0.307733,0.207308,0.861001,0.206637,0.604537,0.091796,0.040403,0.735338,0.233227
0.718954,0.333283,-0.941298,0.785493,0.240181,0.467218,0.305677,0.197906,0.861306,0.209312,0.603996,0.089461,0.032523,0.734220,0.232479
0.719108,0.331076,-0.934349,0.786982,0.255174,0.468209,0.303579,0.185919,0.861695,0.211503,0.604525,0.087477,0.024034,0.735855,0.231944
0.719253,0.328642,-0.923394,0.787115,0.259842,0.468618,0.302300,0.179912,0.863626,0.208432,0.604560,0.085819,0.016321,0.734538,0.234255
0.719443,0.326998,-0.918308,0.788912,0.269181,0.468989,0.300730,0.170581,0.862395,0.209031,0.604861,0.083592,0.009610,0.733280,0.230541
0.719875,0.325388,-0.911674,0.790079,0.272537,0.469134,0.299621,0.164899,0.858963,0.210585,0.605199,0.082096,0.001751,0.729718,0.215761
0.719866,0.322607,-0.898558,0.790308,0.274420,0.469227,0.298333,0.160050,0.856780,0.209952,0.605471,0.080558,-0.005791,0.728511,0.211256
0.720180,0.320134,-0.892973,0.789337,0.268532,0.469453,0.297267,0.157192,0.855086,0.209581,0.605565,0.079449,-0.010712,0.727155,0.206741
0.720299,0.318570,-0.885407,0.787464,0.258715,0.469641,0.296234,0.151534,0.854902,0.208924,0.605742,0.078154,-0.013582,0.725429,0.204877
0.720435,0.317542,-0.881296,0.785303,0.257494,0.469730,0.295182,0.148723,0.854245,0.209394,0.605670,0.077726,-0.016881,0.725673,0.204769
0.720571,0.316739,-0.875964,0.784655,0.256824,0.469959,0.293902,0.143807,0.854315,0.208283,0.605781,0.077086,-0.018717,0.726366,0.205296
0.720713,0.316330,-0.876138,0.783592,0.256369,0.469987,0.293028,0.140268,0.854055,0.207818,0.605838,0.076995,-0.019797,0.725902,0.204637
0.720642,0.316341,-0.874426,0.783637,0.256077,0.470064,0.292455,0.134700,0.853920,0.207625,0.605698,0.077232,-0.019682,0.725497,0.203974
0.720743,0.316254,-0.874185,0.783215,0.255121,0.470014,0.292086,0.132886,0.853411,0.207536,0.605857,0.076964,-0.020801,0.725614,0.204787
0.720663,0.316281,-0.874667,0.783259,0.254831,0.470092,0.291964,0.133641,0.853083,0.207434,0.605781,0.077153,-0.020399,0.725203,0.204120
0.720649,0.316330,-0.874815,0.783303,0.254541,0.470023,0.292089,0.133409,0.853463,0.207248,0.605733,0.077227,-0.017228,0.724906,0.204266
0.720672,0.316286,-0.874402,0.783684,0.254618,0.470153,0.291999,0.133103,0.852768,0.207253,0.605707,0.077217,-0.019298,0.724208,0.204101
0.720666,0.316329,-0.874857,0.783454,0.255708,0.470079,0.292041,0.133368,0.854351,0.207149,0.605800,0.077095,-0.018919,0.725589,0.204431
0.720654,0.316293,-0.874633,0.783117,0.255338,0.470076,0.292034,0.131830,0.852957,0.207159,0.605808,0.076999,-0.019712,0.724814,0.205569
0.720630,0.316365,-0.874695,0.783117,0.255338,0.470056,0.292131,0.133021,0.854048,0.206230,0.605685,0.077279,-0.019394,0.725499,0.205737
0.720643,0.316339,-0.874838,0.783117,0.255338,0.470122,0.292061,0.132768,0.853194,0.206773,0.605802,0.077088,-0.018995,0.724380,0.204893
0.718294,0.315848,-0.872450,0.783117,0.255338,0.468248,0.290949,0.145819,0.853194,0.206773,0.605208,0.076716,-0.014775,0.726255,0.206243
0.697056,0.313828,-0.873660,0.786962,0.258955,0.445258,0.286389,0.150023,0.852566,0.213645,0.584307,0.072731,-0.000051,0.727772,0.234252
0.666470,0.311303,-0.863415,0.783074,0.228685,0.413652,0.282511,0.147869,0.853429,0.221817,0.549467,0.067783,-0.007574,0.738738,0.233814
0.635876,0.308583,-0.858775,0.789630,0.240280,0.384173,0.280882,0.148064,0.858785,0.228432,0.517322,0.064644,-0.004327,0.735874,0.209405
0.606312,0.306027,-0.853613,0.800478,0.268532,0.356586,0.279257,0.148144,0.878558,0.220409,0.487047,0.061880,-0.001865,0.743918,0.228808
0.577324,0.303186,-0.848920,0.805179,0.260622,0.327209,0.276703,0.146155,0.869359,0.248881,0.456264,0.060179,-0.006592,0.742127,0.224368
0.547813,0.300573,-0.847503,0.801775,0.239144,0.297850,0.274625,0.148269,0.862672,0.280833,0.425007,0.058351,-0.008406,0.746066,0.230143
0.521792,0.299347,-0.842051,0.807683,0.241900,0.271424,0.273075,0.151123,0.875962,0.270089,0.397446,0.056148,-0.012316,0.749805,0.238513
0.490618,0.298597,-0.830073,0.804587,0.225015,0.239572,0.271712,0.145868,0.801256,0.399612,0.364146,0.053464,-0.013875,0.751784,0.231833
0.464529,0.297339,-0.825767,0.825044,0.297762,0.213413,0.270009,0.140225,0.913117,0.228757,0.337187,0.051736,-0.013983,0.754040,0.240328
0.432385,0.296561,-0.824686,0.833896,0.271185,0.181025,0.269213,0.139201,0.892588,0.292568,0.303465,0.050592,-0.025335,0.757102,0.237111
0.403100,0.296986,-0.826118,0.836828,0.271552,0.151602,0.268375,0.151710,0.908386,0.292377,0.273195,0.049605,-0.030593,0.761815,0.240525
0.373955,0.297476,-0.825653,0.847258,0.309228,0.121817,0.267309,0.141157,0.930931,0.254819,0.242746,0.047980,-0.032544,0.768045,0.253181
0.344799,0.297711,-0.821955,0.854513,0.285670,0.092874,0.266724,0.146233,0.941140,0.302030,0.211927,0.046109,-0.032335,0.776362,0.286390
0.315286,0.297201,-0.815773,0.860813,0.300347,0.062792,0.265713,0.141570,0.958080,0.305021,0.181256,0.044935,-0.042017,0.781443,0.291156
0.286862,0.295842,-0.808573,0.864581,0.301349,0.033654,0.264547,0.142839,0.971935,0.322823,0.151233,0.044043,-0.043524,0.787801,0.289877
0.260963,0.295090,-0.803247,0.672720,0.276568,0.006740,0.263867,0.137826,0.976089,0.347994,0.126289,0.043219,-0.047739,0.797253,0.291456
0.228595,0.295091,-0.799497,0.902397,0.269828,-0.025697,0.263199,0.143856,0.995574,0.375119,0.096285,0.042049,-0.049788,0.816251,0.328193
0.198727,0.295878,-0.793412,0.898105,0.295443,-0.055954,0.263519,0.134685,0.015625,0.384324,0.065831,0.041512,-0.050850,0.839638,0.383445
0.169657,0.296401,-0.790510,0.901352,0.307252,-0.084610,0.263366,0.144679,0.026341,0.359817,0.034411,0.041379,-0.054942,0.876654,0.498768
0.141109,0.296195,-0.779834,0.914908,0.284020,-0.114518,0.262413,0.143682,0.043948,0.349459,0.003681,0.040716,-0.064933,0.916006,0.552216
0.113569,0.295103,-0.770238,0.925565,0.272777,-0.144615,0.262950,0.149213,0.051195,0.353715,-0.026522,0.040224,-0.063408,0.040967,0.500395
0.087222,0.293138,-0.764048,0.933215,0.284794,-0.171444,0.262646,0.138184,0.061539,0.332287,-0.053297,0.039141,-0.066585,0.163735,0.479252
0.057250,0.293150,-0.753003,0.929874,0.308532,-0.200998,0.262161,0.144343,0.066594,0.319543,-0.084355,0.038638,-0.064536,0.185065,0.478917
0.024443,0.293388,-0.749426,0.951233,0.322913,-0.233290,0.262398,0.140660,0.079090,0.330031,-0.117825,0.039150,-0.075278,0.197496,0.434551
-0.000981,0.294099,-0.740432,0.965658,0.305440,-0.259624,0.263171,0.143062,0.093627,0.344106,-0.144322,0.038554,-0.071216,0.208984,0.397696
-0.031531,0.293325,-0.737046,0.953178,0.326981,-0.290682,0.262375,0.137807,0.100787,0.327729,-0.174617,0.037514,-0.076203,0.215818,0.369966
-0.054240,0.292766,-0.733111,0.986891,0.318784,-0.313619,0.261825,0.140938,0.105671,0.330416,-0.197106,0.038549,-0.079133,0.220070,0.357176
-0.077051,0.292409,-0.730861,0.012751,0.277698,-0.335509,0.261304,0.136051,0.111029,0.318027,-0.219529,0.038789,-0.083469,0.226824,0.324701
-0.099178,0.292477,-0.730250,0.012522,0.297790,-0.356263,0.261953,0.135307,0.120553,0.321016,-0.240282,0.040076,-0.094287,0.226267,0.331067
-0.114251,0.292503,-0.732267,0.022469,0.270114,-0.372959,0.261457,0.138724,0.116529,0.319939,-0.255559,0.039633,-0.090663,0.226283,0.327355
-0.131239,0.291949,-0.722741,0.038204,0.264519,-0.389311,0.262571,0.135196,0.123144,0.321470,-0.271210,0.039979,-0.098094,0.228430,0.314772
-0.145210,0.290338,-0.716246,0.029010,0.272735,-0.403595,0.263395,0.128996,0.123708,0.327368,-0.284076,0.040689,-0.101111,0.231076,0.308212
-0.157186,0.289843,-0.708314,0.041173,0.265312,-0.415306,0.263399,0.132650,0.129748,0.334870,-0.295164,0.041456,-0.103885,0.229349,0.312601
-0.165565,0.289184,-0.703539,0.041671,0.272105,-0.424835,0.263446,0.133855,0.133046,0.348034,-0.304867,0.041712,-0.111650,0.231176,0.300528
-0.174226,0.288277,-0.691883,0.039594,0.265061,-0.435637,0.263137,0.127924,0.137218,0.332195,-0.313920,0.041968,-0.113822,0.232717,0.290915
-0.182493,0.287421,-0.680290,0.042084,0.253152,-0.444481,0.262847,0.130462,0.136925,0.303407,-0.322011,0.042614,-0.112594,0.232755,0.299596
-0.189682,0.285627,-0.674565,0.048656,0.260189,-0.453567,0.262175,0.119295,0.138643,0.316908,-0.329794,0.043062,-0.118466,0.231146,0.298400
-0.194831,0.284515,-0.668548,0.050113,0.265444,-0.459834,0.261608,0.119920,0.140376,0.322368,-0.335847,0.043702,-0.124052,0.231353,0.297535
-0.200388,0.283540,-0.660719,0.052829,0.269606,-0.465613,0.260902,0.112983,0.140686,0.329918,-0.341546,0.043909,-0.125102,0.231208,0.292846
-0.206124,0.283457,-0.645927,0.054104,0.258083,-0.471025,0.260594,0.113453,0.139567,0.335134,-0.345964,0.044469,-0.128342,0.231208,0.292846
-0.210270,0.282436,-0.637651,0.058382,0.262002,-0.477093,0.260658,0.104215,0.137157,0.335270,-0.350505,0.044634,-0.131480,0.231702,0.294798
-0.212883,0.282228,-0.636027,0.058542,0.268641,-0.481101,0.260704,0.098366,0.137853,0.338014,-0.354166,0.045081,-0.135054,0.231702,0.294798
-0.215552,0.281813,-0.629805,0.074816,0.272115,-0.485479,0.260469,0.097493,0.138093,0.337597,-0.357536,0.046272,-0.139537,0.230594,0.297777
-0.219071,0.280709,-0.626055,0.062243,0.279976,-0.489096,0.260389,0.090814,0.140271,0.338776,-0.360034,0.045679,-0.139824,0.229378,0.297991
-0.222640,0.280113,-0.620723,0.064444,0.274510,-0.491830,0.260160,0.093677,0.138888,0.337034,-0.363439,0.046756,-0.142786,0.230250,0.298275
-0.226817,0.279596,-0.611635,0.062575,0.266245,-0.494293,0.260384,0.088630,0.136992,0.336931,-0.366096,0.047026,-0.144627,0.230668,0.303968
-0.230097,0.278893,-0.606466,0.061765,0.258951,-0.496964,0.260434,0.083513,0.135586,0.338339,-0.367357,0.047551,-0.151844,0.230668,0.303968
-0.231973,0.278525,-0.602957,0.062849,0.258443,-0.498734,0.260245,0.086069,0.133657,0.336360,-0.367870,0.047762,-0.154388,0.231136,0.303397
-0.232812,0.277727,-0.607310,0.063139,0.257683,-0.500502,0.260245,0.086114,0.132387,0.332989,-0.368723,0.048263,-0.159602,0.231193,0.302199
-0.233168,0.277390,-0.609218,0.062800,0.258277,-0.502561,0.260448,0.079293,0.134829,0.331236,-0.369487,0.048753,-0.165549,0.230489,0.302112
-0.233743,0.277114,-0.609888,0.063410,0.258317,-0.504125,0.260307,0.084317,0.132673,0.330831,-0.369593,0.048723,-0.165696,0.230763,0.302564
-0.234565,0.276771,-0.607630,0.062224,0.259262,-0.505298,0.260397,0.082225,0.132553,0.329881,-0.369672,0.048788,-0.165414,0.231028,0.301673
-0.235620,0.276209,-0.607465,0.063648,0.259389,-0.505627,0.260336,0.080770,0.132980,0.329629,-0.369616,0.048663,-0.165000,0.231090,0.301996
-0.236494,0.275908,-0.605466,0.064474,0.258335,-0.506146,0.260464,0.083573,0.133124,0.330384,-0.369666,0.048822,-0.165534,0.231090,0.301996
-0.237342,0.275558,-0.603811,0.065229,0.257921,-0.506876,0.259693,0.085828,0.133962,0.328830,-0.369614,0.048670,-0.164735,0.231090,0.301996
-0.237636,0.275761,-0.601867,0.066579,0.258433,-0.506916,0.259905,0.089618,0.134235,0.328750,-0.369676,0.048844,-0.165934,0.230676,0.303089
-0.237635,0.275698,-0.602216,0.066683,0.258058,-0.506827,0.259872,0.085552,0.133921,0.327591,-0.369590,0.048759,-0.165601,0.231090,0.301996
-0.237656,0.275709,-0.602576,0.066683,0.258058,-0.506817,0.259765,0.088092,0.133569,0.328531,-0.369667,0.048827,-0.166217,0.231090,0.301996
-0.237619,0.275577,-0.601711,0.067371,0.258348,-0.506862,0.259757,0.084331,0.134140,0.328549,-0.369639,0.048646,-0.164861,0.231090,0.301996
-0.237726,0.275786,-0.602841,0.066562,0.258364,-0.507057,0.259938,0.083772,0.134959,0.327920,-0.369617,0.048820,-0.165891,0.231090,0.301996
-0.237581,0.275641,-0.601477,0.065758,0.258379,-0.506885,0.259797,0.083957,0.134959,0.327920,-0.369629,0.048713,-0.165711,0.230886,0.303213
-0.237655,0.275666,-0.602476,0.066665,0.257732,-0.506849,0.259847,0.083761,0.134390,0.327902,-0.369604,0.048781,-0.165911,0.230886,0.303213
-0.237616,0.275720,-0.602153,0.066545,0.258294,-0.506901,0.259883,0.084243,0.134390,0.327902,-0.369628,0.048774,-0.165492,0.231090,0.301996
-0.237681,0.275661,-0.602953,0.066545,0.258294,-0.506873,0.259745,0.085742,0.133819,0.327884,-0.369627,0.048782,-0.165475,0.231090,0.301996
-0.237617,0.275700,-0.602232,0.065744,0.258310,-0.506811,0.259818,0.085076,0.133476,0.328329,-0.369649,0.048739,-0.165712,0.231090,0.301996
-0.237672,0.275753,-0.601636,0.065744,0.258310,-0.506846,0.259884,0.084830,0.134043,0.328839,-0.369629,0.048807,-0.165672,0.231090,0.301996
-0.237640,0.275714,-0.601952,0.066647,0.257663,-0.506827,0.259923,0.084079,0.133476,0.328329,-0.369642,0.048810,-0.166218,0.230596,0.302036
-0.237730,0.275747,-0.602717,0.067333,0.258209,-0.506812,0.259809,0.084497,0.134606,0.328857,-0.369631,0.048780,-0.165752,0.230825,0.302890
-0.237725,0.275751,-0.602835,0.066530,0.258225,-0.506936,0.259924,0.086041,0.134296,0.327698,-0.369660,0.048819,-0.165445,0.230825,0.302890
-0.237692,0.275648,-0.602458,0.066630,0.257593,-0.506877,0.259706,0.086162,0.134043,0.328839,-0.369631,0.048798,-0.166184,0.230813,0.301550
-0.237723,0.275759,-0.602883,0.066630,0.257593,-0.506884,0.259713,0.085589,0.134296,0.327698,-0.369625,0.048770,-0.165946,0.230813,0.301550
-0.237673,0.275661,-0.602451,0.066516,0.258156,-0.506825,0.259872,0.087901,0.133726,0.327680,-0.369649,0.048757,-0.165534,0.230975,0.302687
-0.237721,0.275728,-0.602681,0.066516,0.258156,-0.506857,0.259861,0.085461,0.134296,0.327698,-0.369645,0.048739,-0.165721,0.230975,0.302687
-0.237706,0.275675,-0.602607,0.067198,0.258446,-0.506789,0.259701,0.087143,0.134296,0.327698,-0.369650,0.048744,-0.165929,0.230551,0.302441
-0.237672,0.275648,-0.602517,0.067198,0.258446,-0.506895,0.259694,0.085965,0.133726,0.327680,-0.369636,0.048728,-0.165901,0.230551,0.302441
-0.237695,0.275663,-0.603060,0.066615,0.257524,-0.506934,0.259872,0.086920,0.133726,0.327680,-0.369623,0.048784,-0.165567,0.230701,0.302235
-0.237645,0.275707,-0.601963,0.066503,0.258087,-0.506850,0.259683,0.085467,0.134296,0.327698,-0.369637,0.048672,-0.164750,0.230701,0.302235
-0.237708,0.275784,-0.602589,0.066503,0.258087,-0.506918,0.259908,0.084245,0.134296,0.327698,-0.369645,0.048778,-0.165959,0.230720,0.302960
-0.237670,0.275664,-0.602631,0.067183,0.258376,-0.506999,0.259789,0.087167,0.133726,0.327680,-0.369618,0.048778,-0.165692,0.230720,0.302960
-0.237660,0.275676,-0.602655,0.067183,0.258376,-0.506897,0.259720,0.086687,0.133384,0.328126,-0.369629,0.048757,-0.166405,0.231132,0.301866
-0.237708,0.275804,-0.602448,0.067183,0.258376,-0.506867,0.259741,0.086193,0.133726,0.327680,-0.369603,0.048767,-0.165120,0.230639,0.301903
-0.237677,0.275757,-0.602285,0.067183,0.258376,-0.506985,0.259769,0.086512,0.133726,0.327680,-0.369616,0.048715,-0.164429,0.230868,0.302748
-0.237709,0.275747,-0.602741,0.067183,0.258376,-0.506871,0.259877,0.085096,0.133953,0.328143,-0.369669,0.048770,-0.165884,0.230577,0.301567
-0.239430,0.271516,-0.611172,0.070038,0.260615,-0.509850,0.254339,0.097567,0.134104,0.326839,-0.370350,0.042807,-0.141976,0.230577,0.301567
-0.243458,0.250274,-0.611370,0.070038,0.260615,-0.511393,0.228926,0.117082,0.145387,0.317327,-0.369150,0.014654,-0.118070,0.226458,0.299129
-0.248130,0.220407,-0.607278,0.087554,0.271216,-0.512311,0.198005,0.111988,0.161927,0.328974,-0.369989,-0.019256,-0.128774,0.226458,0.299129
-0.252856,0.189779,-0.607720,0.087554,0.271216,-0.512567,0.169060,0.114038,0.164452,0.323011,-0.369718,-0.051546,-0.132326,0.270790,0.283307
-0.257232,0.159444,-0.603566,0.105563,0.289048,-0.513126,0.140061,0.110267,0.159705,0.326138,-0.369357,-0.080629,-0.136415,0.270790,0.283307
-0.261116,0.129589,-0.601862,0.122104,0.298156,-0.513482,0.111893,0.109218,0.162157,0.301326,-0.368849,-0.111096,-0.143762,0.289012,0.278224
-0.264823,0.099556,-0.592872,0.137890,0.304316,-0.513777,0.083217,0.106499,0.179450,0.309670,-0.368886,-0.141212,-0.146331,0.318834,0.265974
-0.268187,0.070500,-0.591144,0.143080,0.303757,-0.513705,0.053432,0.109456,0.185731,0.292345,-0.369313,-0.172600,-0.150264,0.318834,0.265974
-0.271501,0.041884,-0.586183,0.231305,0.294950,-0.513340,0.024471,0.114118,0.204518,0.288460,-0.370184,-0.203576,-0.147345,0.339512,0.287604
-0.274254,0.012661,-0.576873,0.168755,0.279299,-0.513488,-0.003613,0.109951,0.209857,0.281496,-0.370702,-0.233080,-0.146218,0.348225,0.272289
-0.277340,-0.019208,-0.575704,0.195209,0.249116,-0.514496,-0.035565,0.105656,0.212646,0.278259,-0.371836,-0.267227,-0.164316,0.361764,0.292305
-0.279905,-0.045162,-0.567426,0.222921,0.239416,-0.515086,-0.061507,0.101227,0.222478,0.269773,-0.373394,-0.294456,-0.167465,0.379526,0.283127
-0.282121,-0.074367,-0.559548,0.230514,0.227199,-0.515474,-0.090315,0.103095,0.225620,0.268150,-0.372919,-0.324142,-0.163666,0.373651,0.285358
-0.283733,-0.104680,-0.554315,0.254016,0.217952,-0.516693,-0.119621,0.095559,0.231052,0.260792,-0.372832,-0.352094,-0.163172,0.387643,0.281623
-0.285077,-0.138204,-0.548391,0.276511,0.221298,-0.516958,-0.151198,0.095584,0.233753,0.263353,-0.372925,-0.385224,-0.176205,0.404198,0.269552
-0.287032,-0.165153,-0.540064,0.294420,0.233516,-0.518194,-0.177321,0.093740,0.233753,0.263353,-0.373446,-0.410933,-0.182001,0.404198,0.269552
-0.288639,-0.191742,-0.532588,0.326022,0.237887,-0.516561,-0.202598,0.090742,0.241072,0.258261,-0.374557,-0.437044,-0.174326,0.410642,0.269927
-0.289387,-0.215827,-0.524184,0.345193,0.243016,-0.517300,-0.224220,0.090809,0.239605,0.256340,-0.375746,-0.458322,-0.191023,0.410642,0.269927
-0.289781,-0.236605,-0.518549,0.303261,0.258819,-0.517668,-0.244092,0.090232,0.262215,0.271183,-0.377853,-0.477981,-0.181778,0.414615,0.264217
-0.290514,-0.255334,-0.511918,0.366502,0.244585,-0.517739,-0.262478,0.090809,0.258998,0.263165,-0.379324,-0.497274,-0.190850,0.408443,0.265726
-0.290766,-0.272481,-0.513577,0.372309,0.224321,-0.518401,-0.278143,0.091555,0.254880,0.256015,-0.379977,-0.512268,-0.198297,0.406160,0.263067
-0.291356,-0.287001,-0.507480,0.381941,0.226709,-0.518072,-0.292423,0.093740,0.262990,0.269763,-0.381005,-0.525322,-0.188146,0.414187,0.255559
-0.291725,-0.298127,-0.504076,0.380430,0.225761,-0.518957,-0.305238,0.092129,0.262990,0.269763,-0.382889,-0.536917,-0.187122,0.413404,0.250382
-0.291882,-0.309379,-0.500632,0.384895,0.238405,-0.519238,-0.316997,0.100711,0.273287,0.258231,-0.383787,-0.548151,-0.194205,0.410875,0.252933
-0.291638,-0.318272,-0.493858,0.396815,0.243652,-0.519332,-0.328991,0.119987,0.273287,0.258231,-0.384488,-0.556965,-0.200595,0.405064,0.266683
-0.291635,-0.325731,-0.490511,0.400031,0.237336,-0.519953,-0.338280,0.123085,0.276937,0.264659,-0.384956,-0.565511,-0.197293,0.409631,0.254429
-0.291057,-0.332648,-0.482630,0.403873,0.238340,-0.520783,-0.344846,0.098906,0.276937,0.264659,-0.385142,-0.573524,-0.210331,0.410396,0.250438
-0.290758,-0.339739,-0.476309,0.405834,0.233226,-0.521586,-0.352660,0.100735,0.279251,0.265622,-0.386447,-0.579552,-0.205821,0.410362,0.252483
-0.290354,-0.346140,-0.471819,0.409670,0.232516,-0.522310,-0.359120,0.099727,0.279251,0.265622,-0.387724,-0.585882,-0.208368,0.413276,0.249903
-0.289736,-0.350584,-0.469519,0.412767,0.235232,-0.522572,-0.365514,0.116142,0.282233,0.272348,-0.388462,-0.591241,-0.209511,0.415446,0.253230
-0.288549,-0.355258,-0.461427,0.414470,0.234812,-0.522508,-0.370316,0.110991,0.282233,0.272348,-0.389093,-0.595766,-0.212856,0.415251,0.253290
-0.285691,-0.360524,-0.453216,0.415358,0.235041,-0.519335,-0.373576,0.088702,0.287895,0.274605,-0.386467,-0.599669,-0.193959,0.414695,0.251533
-0.265581,-0.368282,-0.429744,0.416855,0.234196,-0.493225,-0.376971,0.066439,0.287895,0.274605,-0.357291,-0.602436,-0.177300,0.415716,0.250339
-0.238096,-0.376282,-0.421067,0.435632,0.236517,-0.462807,-0.381020,0.068100,0.295619,0.275453,-0.324948,-0.605665,-0.179571,0.426556,0.260409
-0.208210,-0.383414,-0.432895,0.450088,0.243244,-0.434648,-0.384289,0.066061,0.321299,0.276773,-0.296957,-0.608833,-0.186604,0.437078,0.255208
-0.176858,-0.389275,-0.434223,0.469344,0.246778,-0.406534,-0.387048,0.060282,0.321299,0.276773,-0.269299,-0.610883,-0.188927,0.441390,0.250347
-0.146106,-0.395123,-0.433142,0.483835,0.259617,-0.378393,-0.394250,0.102922,0.350391,0.276261,-0.240690,-0.614404,-0.195661,0.445827,0.239457
-0.117233,-0.401073,-0.434205,0.501612,0.264604,-0.349616,-0.394626,0.072125,0.350391,0.276261,-0.212197,-0.617557,-0.195671,0.454366,0.250543
-0.087313,-0.405577,-0.432292,0.519390,0.266222,-0.322147,-0.397562,0.061610,0.372305,0.264429,-0.182913,-0.618166,-0.190203,0.462574,0.253529
-0.057866,-0.408806,-0.437308,0.534287,0.274538,-0.294167,-0.400846,0.073351,0.372305,0.264429,-0.153130,-0.618681,-0.190951,0.463226,0.252865
-0.029110,-0.411952,-0.443310,0.540013,0.284225,-0.267594,-0.402077,0.068935,0.397456,0.275797,-0.124521,-0.619351,-0.190630,0.470683,0.261769
-0.002838,-0.413350,-0.444245,0.557995,0.308108,-0.243259,-0.407342,0.096549,0.397456,0.275797,-0.100253,-0.620844,-0.187719,0.472786,0.257179
0.019284,-0.415596,-0.443266,0.571286,0.282020,-0.221670,-0.409975,0.076923,0.417978,0.264072,-0.078222,-0.622450,-0.186701,0.480388,0.255944
0.039251,-0.417296,-0.450901,0.578663,0.291610,-0.202568,-0.411152,0.075684,0.417978,0.264072,-0.058777,-0.624245,-0.187568,0.485529,0.251570
0.056712,-0.418962,-0.455311,0.589133,0.290783,-0.185319,-0.413322,0.078230,0.428570,0.249544,-0.041158,-0.626830,-0.189090,0.490165,0.263696
0.072585,-0.420802,-0.451492,0.593741,0.307514,-0.170402,-0.414070,0.073147,0.430453,0.252014,-0.026199,-0.628028,-0.194048,0.494337,0.259563
0.086568,-0.422129,-0.456019,0.601425,0.276898,-0.157177,-0.416381,0.077313,0.436467,0.253217,-0.012039,-0.629399,-0.200273,0.498083,0.259891
0.098230,-0.422689,-0.469474,0.606892,0.287691,-0.144805,-0.418781,0.085457,0.444487,0.254623,-0.000794,-0.630403,-0.197128,0.496656,0.247654
0.107819,-0.423832,-0.470030,0.781040,0.252802,-0.133462,-0.420254,0.089108,0.445853,0.250963,0.010510,-0.632368,-0.197048,0.501321,0.247233
0.117097,-0.425027,-0.479476,0.614809,0.292191,-0.123506,-0.421867,0.089326,0.455001,0.254943,0.020819,-0.632772,-0.201174,0.506661,0.255509
0.125482,-0.425882,-0.487910,0.620468,0.269985,-0.114841,-0.422049,0.081279,0.461080,0.264399,0.028788,-0.633974,-0.199527,0.503475,0.251483
0.132301,-0.426283,-0.493578,0.631866,0.265742,-0.107079,-0.424222,0.089424,0.463767,0.263341,0.035688,-0.635168,-0.196329,0.509200,0.255141
0.138772,-0.426583,-0.504381,0.626578,0.284787,-0.099153,-0.425035,0.081507,0.468326,0.265876,0.043160,-0.636207,-0.194808,0.513954,0.269109
0.145731,-0.425869,-0.517846,0.620757,0.294076,-0.092852,-0.425283,0.076991,0.471194,0.267047,0.049609,-0.637002,-0.194907,0.514503,0.271878
0.150764,-0.425746,-0.528331,0.625724,0.268378,-0.087770,-0.425778,0.086715,0.477491,0.270327,0.054612,-0.637839,-0.190892,0.513658,0.267162
0.153494,-0.425713,-0.537744,0.636155,0.264437,-0.082364,-0.425315,0.081572,0.477554,0.269818,0.059070,-0.638950,-0.186997,0.514303,0.255008
0.156829,-0.425462,-0.549246,0.634101,0.270580,-0.078395,-0.425982,0.095221,0.479866,0.266592,0.062323,-0.639049,-0.187100,0.516995,0.261124
0.160108,-0.425550,-0.564971,0.638102,0.267911,-0.074228,-0.426700,0.100392,0.486738,0.262724,0.064825,-0.639697,-0.186594,0.519679,0.271811
0.162790,-0.425518,-0.576630,0.636368,0.271146,-0.070986,-0.426207,0.103737,0.487756,0.262945,0.068293,-0.640016,-0.185903,0.523688,0.273903
0.165886,-0.424708,-0.582993,0.634875,0.266423,-0.068162,-0.425452,0.096084,0.479129,0.269747,0.071577,-0.640918,-0.184970,0.526464,0.271725
0.168129,-0.424854,-0.595306,0.641275,0.259291,-0.065301,-0.425149,0.101599,0.480157,0.270601,0.074443,-0.640594,-0.185275,0.526869,0.275229
0.169703,-0.425141,-0.602506,0.638456,0.259546,-0.062436,-0.425258,0.103713,0.482946,0.271603,0.076764,-0.641429,-0.180553,0.526760,0.277826
0.170873,-0.425222,-0.605603,0.635999,0.260641,-0.060193,-0.425599,0.110573,0.482380,0.274072,0.078864,-0.642011,-0.178568,0.526702,0.276466
0.171564,-0.425492,-0.609364,0.638274,0.262006,-0.057713,-0.424662,0.104875,0.487148,0.274240,0.080404,-0.642532,-0.172621,0.527198,0.279121
0.172351,-0.425584,-0.613950,0.632678,0.266408,-0.055922,-0.424175,0.104526,0.488616,0.275475,0.081257,-0.643073,-0.171428,0.528404,0.283231
0.173658,-0.425922,-0.619867,0.644900,0.269483,-0.054650,-0.423776,0.103555,0.489001,0.275422,0.081474,-0.643214,-0.170569,0.527611,0.281752
0.175245,-0.426192,-0.627670,0.635973,0.269500,-0.053900,-0.423790,0.106642,0.493722,0.275291,0.081482,-0.643185,-0.170757,0.526973,0.282041
0.176448,-0.426420,-0.631272,0.638821,0.265330,-0.054158,-0.423344,0.099781,0.496112,0.274997,0.081537,-0.643169,-0.169244,0.527322,0.280814
0.177983,-0.426112,-0.634735,0.643467,0.261757,-0.053874,-0.423856,0.106767,0.497614,0.274646,0.081452,-0.643218,-0.170260,0.526677,0.281051
0.179021,-0.426038,-0.635701,0.642409,0.258057,-0.054131,-0.423332,0.099769,0.494444,0.275040,0.081562,-0.643144,-0.169700,0.527222,0.280697
0.179318,-0.426185,-0.636928,0.644718,0.257115,-0.053893,-0.423867,0.107250,0.498051,0.274105,0.081475,-0.643215,-0.170317,0.526998,0.281242
0.179816,-0.426242,-0.638435,0.642409,0.258057,-0.053770,-0.423091,0.101789,0.497312,0.274949,0.081543,-0.643146,-0.169567,0.527963,0.280798
0.179829,-0.426279,-0.638406,0.645810,0.258019,-0.053873,-0.423846,0.107225,0.495209,0.275534,0.081470,-0.643204,-0.170597,0.527542,0.280472
0.179833,-0.426248,-0.638486,0.642951,0.258423,-0.054154,-0.423312,0.099543,0.495209,0.275534,0.081491,-0.643214,-0.170844,0.526998,0.281242
0.179821,-0.426229,-0.638896,0.646386,0.257362,-0.053883,-0.423785,0.106803,0.496245,0.274758,0.081471,-0.643187,-0.170715,0.526578,0.280915
0.179839,-0.426253,-0.638524,0.646386,0.257362,-0.053878,-0.423828,0.107396,0.496361,0.274148,0.081497,-0.643225,-0.170598,0.527123,0.280563
0.179839,-0.426254,-0.638678,0.647509,0.257728,-0.053853,-0.423827,0.107511,0.496245,0.274758,0.081537,-0.643124,-0.169762,0.526578,0.280915
0.179853,-0.426265,-0.638769,0.647509,0.257728,-0.053873,-0.423812,0.107389,0.495636,0.274992,0.081468,-0.643206,-0.170570,0.527123,0.280563
0.179814,-0.426260,-0.638775,0.646386,0.257362,-0.053869,-0.423841,0.107345,0.495636,0.274992,0.081479,-0.643218,-0.170761,0.527123,0.280563
0.179819,-0.426244,-0.638424,0.645786,0.257841,-0.053868,-0.423817,0.107017,0.499274,0.274059,0.081519,-0.643139,-0.169407,0.526358,0.281448
0.179835,-0.426277,-0.638728,0.645786,0.257841,-0.054164,-0.423364,0.099617,0.497013,0.275250,0.081471,-0.643243,-0.170467,0.526358,0.281448
0.179838,-0.426247,-0.638548,0.645786,0.257841,-0.053904,-0.423780,0.106824,0.497013,0.275250,0.081514,-0.643126,-0.169407,0.526578,0.280915
0.179842,-0.426283,-0.638876,0.643533,0.257765,-0.053891,-0.423856,0.107463,0.497013,0.275250,0.081499,-0.643233,-0.170696,0.526702,0.280234
0.179827,-0.426236,-0.638614,0.643533,0.257765,-0.053871,-0.423831,0.107913,0.496381,0.274516,0.081491,-0.643190,-0.170669,0.527249,0.279883
0.179858,-0.426293,-0.638454,0.643533,0.257765,-0.054006,-0.423856,0.106037,0.495346,0.275293,0.081482,-0.643205,-0.170588,0.526151,0.280586
0.179839,-0.426237,-0.638561,0.643533,0.257765,-0.053896,-0.423821,0.106866,0.497448,0.274708,0.081480,-0.643187,-0.170764,0.526702,0.280234
0.179825,-0.426300,-0.638551,0.643533,0.257765,-0.053757,-0.423090,0.102673,0.498527,0.274901,0.081488,-0.643220,-0.170811,0.526358,0.281448
0.179818,-0.426250,-0.638468,0.645275,0.257651,-0.053872,-0.423864,0.107928,0.494582,0.274802,0.081445,-0.643199,-0.170457,0.526358,0.281448
0.179860,-0.426297,-0.638528,0.645275,0.257651,-0.054146,-0.423361,0.099991,0.497013,0.275250,0.081564,-0.643164,-0.169617,0.526702,0.280234
0.179813,-0.426234,-0.638792,0.645275,0.257651,-0.053774,-0.423101,0.102190,0.496067,0.274451,0.081464,-0.643203,-0.170540,0.526702,0.280234
0.181264,-0.422285,-0.637942,0.644115,0.257111,-0.053396,-0.419586,0.090190,0.494582,0.274802,0.082070,-0.640063,-0.187775,0.526702,0.280234
0.185613,-0.400258,-0.637503,0.647012,0.268804,-0.049079,-0.395201,0.067594,0.500507,0.281767,0.080601,-0.612136,-0.227809,0.526472,0.277689
0.190966,-0.369730,-0.646126,0.658969,0.248022,-0.047771,-0.365347,0.072198,0.503602,0.276659,0.081013,-0.577053,-0.202540,0.529623,0.276258
0.195910,-0.338388,-0.651425,0.670768,0.240298,-0.046864,-0.336789,0.077992,0.506101,0.273519,0.079924,-0.545963,-0.199867,0.534984,0.287394
0.200318,-0.308551,-0.655491,0.672029,0.247177,-0.047176,-0.309134,0.067088,0.496208,0.274212,0.079926,-0.515625,-0.193207,0.536646,0.290637
0.205030,-0.278488,-0.660412,0.664133,0.296911,-0.044408,-0.280851,0.077382,0.498073,0.277456,0.080440,-0.484834,-0.192019,0.536566,0.291358
0.209560,-0.247991,-0.668074,0.669061,0.290665,-0.043152,-0.253622,0.078661,0.498033,0.297669,0.080598,-0.454103,-0.189789,0.539098,0.290246
0.213507,-0.216608,-0.676810,0.670910,0.300694,-0.042818,-0.225243,0.080849,0.489121,0.297831,0.081089,-0.423677,-0.183842,0.544845,0.292258
0.216823,-0.186280,-0.684362,0.693321,0.264951,-0.041221,-0.195827,0.086232,0.487396,0.300394,0.082253,-0.393053,-0.180652,0.545389,0.286159
0.218873,-0.156445,-0.691628,0.694282,0.269816,-0.040367,-0.167621,0.081182,0.477092,0.320390,0.082833,-0.362866,-0.180212,0.547137,0.285021
0.220659,-0.128956,-0.693770,0.699910,0.280598,-0.040179,-0.139479,0.085828,0.475704,0.328477,0.083361,-0.333082,-0.175743,0.546540,0.283621
0.222440,-0.107109,-0.691787,0.705886,0.285606,-0.039418,-0.114020,0.090971,0.460562,0.343778,0.083757,-0.306801,-0.173408,0.548570,0.276870
0.224165,-0.090435,-0.684657,0.715602,0.270280,-0.039065,-0.090908,0.089208,0.450912,0.360690,0.084894,-0.283857,-0.162995,0.549854,0.305361
0.225654,-0.074341,-0.681949,0.724830,0.282319,-0.038819,-0.071497,0.092347,0.440319,0.376479,0.085007,-0.264034,-0.161958,0.550248,0.284714
0.226424,-0.057769,-0.688616,0.727114,0.273201,-0.038816,-0.053164,0.087061,0.421079,0.380416,0.085461,-0.246705,-0.159165,0.547958,0.280877
0.228165,-0.040967,-0.693730,0.736640,0.285219,-0.038246,-0.038331,0.094160,0.394756,0.413590,0.086857,-0.231385,-0.151637,0.551676,0.282129
0.228490,-0.024073,-0.706755,0.774425,0.325500,-0.037345,-0.023938,0.096858,0.354755,0.459429,0.087717,-0.217956,-0.147260,0.559136,0.292183
0.228798,-0.010113,-0.715590,0.762294,0.322944,-0.036814,-0.009954,0.089063,0.284176,0.553927,0.088671,-0.204614,-0.149477,0.563848,0.301338
0.229164,0.003034,-0.722108,0.774889,0.316560,-0.037227,0.000955,0.089484,0.230366,0.700105,0.089026,-0.194170,-0.146591,0.561119,0.293258
0.230328,0.014930,-0.723077,0.780985,0.324226,-0.036766,0.011346,0.091805,0.208218,0.690133,0.090150,-0.184612,-0.138664,0.560703,0.288660
0.229727,0.026017,-0.735175,0.785290,0.323236,-0.035714,0.020479,0.093187,0.175560,0.702516,0.091907,-0.174938,-0.132095,0.565282,0.288883
0.229863,0.034648,-0.736694,0.791340,0.312534,-0.035336,0.029325,0.095220,0.143535,0.575239,0.092415,-0.168101,-0.128903,0.564855,0.291905
0.229916,0.041396,-0.732485,0.795858,0.323578,-0.034004,0.036772,0.098979,0.114401,0.533551,0.093424,-0.161998,-0.124391,0.567483,0.293193
0.230316,0.048016,-0.730120,0.797150,0.310018,-0.032527,0.042968,0.100759,0.098177,0.510860,0.093949,-0.155792,-0.119983,0.570563,0.295503
0.229541,0.054780,-0.743828,0.795777,0.277585,-0.031523,0.048207,0.111298,0.079230,0.486413,0.094888,-0.150107,-0.117762,0.573072,0.300554
0.229779,0.059343,-0.749433,0.794683,0.265668,-0.029594,0.053330,0.112789,0.071952,0.480650,0.096280,-0.144930,-0.112388,0.572145,0.299374
0.229937,0.062698,-0.753799,0.797961,0.272673,-0.028820,0.057837,0.125999,0.067630,0.477235,0.097190,-0.141088,-0.113047,0.572328,0.295126
0.229856,0.065557,-0.760651,0.801509,0.279626,-0.027533,0.061842,0.131655,0.062343,0.465753,0.097523,-0.137178,-0.108327,0.574404,0.297865
0.229162,0.068964,-0.765896,0.804075,0.285083,-0.026662,0.065801,0.136320,0.056516,0.458624,0.097764,-0.134134,-0.096372,0.579056,0.300136
0.229756,0.071770,-0.768732,0.804075,0.285083,-0.025942,0.068880,0.142915,0.052525,0.453875,0.098048,-0.131825,-0.087584,0.576020,0.301582
0.230027,0.074689,-0.775252,0.809417,0.299070,-0.025638,0.071242,0.150526,0.047730,0.446629,0.098290,-0.129204,-0.078507,0.575530,0.302416
0.229384,0.078028,-0.788462,0.810216,0.292686,-0.025077,0.074862,0.155658,0.044273,0.441132,0.098353,-0.127172,-0.066587,0.574568,0.298617
0.228769,0.081599,-0.797634,0.810216,0.292686,-0.024908,0.077680,0.154577,0.043281,0.441844,0.098432,-0.125320,-0.060356,0.574230,0.299006
0.228805,0.083250,-0.800056,0.813618,0.286731,-0.024614,0.079537,0.163808,0.041630,0.439230,0.098449,-0.123790,-0.055493,0.574672,0.301818
0.228868,0.084496,-0.801052,0.813618,0.286731,-0.024195,0.082038,0.170095,0.040719,0.435511,0.098347,-0.122030,-0.048260,0.575431,0.302756
0.228930,0.085803,-0.808199,0.814473,0.291430,-0.023828,0.083781,0.173795,0.039426,0.431104,0.098417,-0.120724,-0.040801,0.575356,0.301021
0.228733,0.086544,-0.810161,0.814473,0.291430,-0.023856,0.084814,0.177142,0.040268,0.428692,0.098245,-0.119590,-0.034874,0.576721,0.300400
0.228754,0.086723,-0.811135,0.813973,0.297566,-0.024104,0.085739,0.181707,0.040689,0.426959,0.098135,-0.118436,-0.031211,0.577195,0.299528
0.228715,0.086816,-0.810999,0.813973,0.297566,-0.024329,0.086749,0.188698,0.039585,0.424145,0.098097,-0.117059,-0.025823,0.578702,0.300877
0.228787,0.087342,-0.811713,0.814736,0.299779,-0.024631,0.087784,0.194134,0.039128,0.422895,0.098093,-0.115827,-0.020107,0.579061,0.303166
0.228796,0.087932,-0.814347,0.814736,0.299779,-0.024798,0.088618,0.196885,0.038028,0.420332,0.098150,-0.114885,-0.018622,0.579815,0.305142
0.228452,0.089359,-0.821051,0.816224,0.303288,-0.024851,0.088988,0.197974,0.037366,0.418267,0.098104,-0.114734,-0.019203,0.579581,0.305012
0.228330,0.090839,-0.825110,0.816224,0.303288,-0.024825,0.088970,0.196906,0.037557,0.418079,0.098173,-0.114813,-0.018345,0.579581,0.305012
0.228225,0.091367,-0.827369,0.818899,0.297754,-0.024858,0.088999,0.198203,0.037843,0.418195,0.098114,-0.114763,-0.017625,0.579853,0.305200
0.228236,0.091928,-0.829616,0.819119,0.301004,-0.024825,0.088966,0.197717,0.037366,0.418267,0.098220,-0.114788,-0.019102,0.578721,0.305089
0.228185,0.092912,-0.834814,0.819564,0.300671,-0.024854,0.088964,0.197960,0.038015,0.419330,0.098039,-0.114735,-0.017704,0.578721,0.305089
0.228044,0.093787,-0.837747,0.820208,0.301703,-0.024807,0.088916,0.198242,0.037021,0.418545,0.098127,-0.114784,-0.018111,0.578986,0.305285
0.227729,0.094857,-0.841659,0.819758,0.304752,-0.024875,0.088989,0.198346,0.036962,0.418936,0.098104,-0.114726,-0.017900,0.579907,0.305693
0.227653,0.095354,-0.846024,0.820073,0.303721,-0.024796,0.088910,0.197795,0.036962,0.418936,0.098324,-0.114795,-0.018202,0.579401,0.305381
0.227656,0.095900,-0.846791,0.820371,0.304661,-0.024851,0.089008,0.197765,0.037381,0.419261,0.098081,-0.114725,-0.017186,0.579401,0.305381
0.227694,0.096513,-0.850486,0.820295,0.306256,-0.024824,0.088929,0.197562,0.036671,0.418584,0.098151,-0.114842,-0.018197,0.578986,0.305285
0.227421,0.097331,-0.854429,0.820762,0.304471,-0.024826,0.088919,0.198010,0.036845,0.419713,0.098157,-0.114770,-0.017904,0.580040,0.305183
0.227221,0.098207,-0.857895,0.821493,0.299102,-0.024853,0.088990,0.197650,0.036845,0.419713,0.098125,-0.114737,-0.018135,0.579401,0.305381
0.226944,0.099319,-0.862316,0.822949,0.295497,-0.024840,0.088936,0.197813,0.036911,0.419087,0.098162,-0.114808,-0.017909,0.579673,0.305575
0.226891,0.099914,-0.865446,0.826439,0.289341,-0.024831,0.088960,0.198045,0.036427,0.419154,0.098056,-0.114779,-0.017930,0.579041,0.305775
0.226791,0.100364,-0.867850,0.827423,0.285004,-0.024827,0.088939,0.198100,0.036911,0.419087,0.098034,-0.114753,-0.017725,0.579117,0.304773
0.226808,0.100316,-0.867936,0.828084,0.284784,-0.024848,0.088934,0.198130,0.036558,0.419355,0.098058,-0.114768,-0.017533,0.579673,0.305575
0.226794,0.100347,-0.868034,0.828424,0.282956,-0.024839,0.088985,0.197514,0.036857,0.419471,0.098120,-0.114778,-0.017894,0.579806,0.305064
0.226777,0.100376,-0.867939,0.827731,0.284075,-0.024835,0.088935,0.198157,0.037083,0.420214,0.098075,-0.114769,-0.018413,0.579673,0.305575
0.226772,0.100369,-0.868108,0.828336,0.284274,-0.024845,0.088948,0.198162,0.036857,0.419471,0.098164,-0.114703,-0.019246,0.579171,0.305264
0.226798,0.100381,-0.867982,0.828550,0.282705,-0.024811,0.088938,0.197722,0.036372,0.419535,0.098157,-0.114799,-0.018559,0.578757,0.305178
0.226800,0.100356,-0.867942,0.828099,0.283842,-0.024858,0.089008,0.197988,0.036857,0.419471,0.098090,-0.114732,-0.017142,0.579249,0.304262
0.226765,0.100411,-0.867821,0.827855,0.283821,-0.024854,0.088997,0.197982,0.036503,0.419736,0.098060,-0.114720,-0.017779,0.578813,0.305667
0.226202,0.101563,-0.871117,0.827855,0.283821,-0.024863,0.088975,0.198425,0.036074,0.419418,0.098122,-0.114739,-0.019575,0.579171,0.305264
0.220209,0.115723,-0.868676,0.829575,0.289084,-0.031947,0.078179,0.209538,0.038822,0.423543,0.115231,-0.113349,-0.022641,0.580615,0.306089
0.214184,0.131724,-0.866565,0.836741,0.311991,-0.035948,0.068289,0.220950,0.059535,0.431553,0.132387,-0.110355,-0.023445,0.586244,0.289367
0.206882,0.142736,-0.870601,0.851964,0.290473,-0.038164,0.059641,0.221669,0.074680,0.433164,0.143402,-0.103912,-0.022337,0.589451,0.301529
0.200924,0.150619,-0.870133,0.861052,0.292943,-0.039993,0.052707,0.224495,0.086249,0.455601,0.152260,-0.099144,-0.016319,0.589197,0.298251
0.194454,0.158225,-0.869708,0.862689,0.311567,-0.041773,0.045806,0.220606,0.093632,0.475328,0.157058,-0.096580,-0.007459,0.594006,0.298920
0.188030,0.165112,-0.858694,0.879258,0.286121,-0.043753,0.039004,0.216870,0.106707,0.492500,0.157947,-0.096549,0.025506,0.593856,0.299822
0.184433,0.169337,-0.857365,0.882115,0.296481,-0.044700,0.033839,0.210014,0.127619,0.520654,0.159122,-0.095474,0.048496,0.597530,0.302514
0.179114,0.174325,-0.849742,0.878562,0.321424,-0.045646,0.028201,0.202304,0.140170,0.534969,0.164592,-0.090894,0.054880,0.597999,0.306342
0.174128,0.179040,-0.842988,0.878012,0.328308,-0.045329,0.024054,0.203593,0.156245,0.561071,0.167391,-0.088548,0.072498,0.600743,0.311773
0.169221,0.184112,-0.836973,0.891064,0.304165,-0.044486,0.019843,0.204611,0.166409,0.578284,0.169582,-0.087022,0.092471,0.599434,0.309028
0.165461,0.187032,-0.831851,0.901976,0.284707,-0.043892,0.016738,0.202597,0.172995,0.600192,0.174676,-0.083020,0.092449,0.602309,0.291983
0.162957,0.188063,-0.820567,0.899911,0.296878,-0.044424,0.014127,0.197054,0.179639,0.627087,0.178928,-0.080158,0.090764,0.602908,0.281168
0.159422,0.189144,-0.806623,0.898325,0.307346,-0.044050,0.011868,0.187475,0.183993,0.647276,0.178853,-0.079900,0.098250,0.604886,0.276426
0.156146,0.190304,-0.792595,0.902488,0.299874,-0.043418,0.009572,0.178797,0.186155,0.652072,0.178963,-0.079878,0.111752,0.602885,0.275693
0.152892,0.191794,-0.778042,0.906979,0.294588,-0.042985,0.007987,0.169353,0.188251,0.655769,0.179432,-0.079583,0.128040,0.605167,0.275950
0.150256,0.192808,-0.767493,0.911749,0.283935,-0.042848,0.007198,0.163792,0.190902,0.654878,0.181258,-0.077982,0.131472,0.605085,0.275948
0.147245,0.193465,-0.752150,0.912613,0.285808,-0.042668,0.006925,0.161434,0.192066,0.653103,0.184919,-0.074211,0.134632,0.604852,0.269683
0.146388,0.193571,-0.749070,0.911423,0.289430,-0.042561,0.006282,0.156608,0.192658,0.653083,0.187911,-0.070785,0.132352,0.616657,0.256219
0.145608,0.193888,-0.746509,0.909791,0.293908,-0.042216,0.004597,0.149003,0.197782,0.645471,0.190790,-0.067659,0.132161,0.614736,0.249491
0.144122,0.194324,-0.738613,0.908706,0.297726,-0.041854,0.003316,0.143183,0.202190,0.640839,0.192981,-0.064860,0.126749,0.621273,0.245653
0.142111,0.194728,-0.733133,0.908334,0.300324,-0.041633,0.002409,0.139758,0.206694,0.639395,0.195380,-0.062485,0.128041,0.636348,0.241462
0.140424,0.195032,-0.719847,0.909594,0.300568,-0.041398,0.001221,0.133330,0.210407,0.639877,0.197332,-0.059997,0.129376,0.640529,0.239440
0.139097,0.195569,-0.716244,0.910377,0.299949,-0.041240,0.000283,0.127866,0.210407,0.639877,0.198506,-0.058646,0.124111,0.640529,0.239440
0.137626,0.195846,-0.709400,0.908975,0.298896,-0.041153,-0.000373,0.123585,0.215938,0.639365,0.199171,-0.058036,0.118901,0.640327,0.236704
0.135920,0.196084,-0.701301,0.911341,0.296290,-0.041158,-0.000340,0.123033,0.217414,0.637599,0.199823,-0.057311,0.113907,0.642186,0.236187
0.133629,0.197064,-0.689805,0.914923,0.288818,-0.041202,-0.000391,0.123335,0.217328,0.636467,0.200684,-0.056598,0.107609,0.644860,0.237559
0.132354,0.197373,-0.685574,0.919120,0.276803,-0.041141,-0.000360,0.123422,0.217328,0.636467,0.201146,-0.056241,0.104734,0.647986,0.238111
0.132328,0.197497,-0.686192,0.921449,0.276271,-0.041202,-0.000311,0.123199,0.217328,0.636467,0.201019,-0.056182,0.104599,0.646001,0.238124
0.132246,0.197531,-0.685368,0.920917,0.276657,-0.041139,-0.000463,0.124296,0.217443,0.637401,0.201125,-0.056234,0.104917,0.646001,0.238124
0.131867,0.197574,-0.684817,0.919823,0.276662,-0.041195,-0.000304,0.123228,0.217443,0.637401,0.201053,-0.056195,0.104554,0.645755,0.236914
0.131870,0.197481,-0.684668,0.920505,0.275766,-0.041221,-0.000536,0.123656,0.217443,0.637401,0.201135,-0.056278,0.104823,0.645755,0.236914
0.131852,0.197510,-0.684222,0.920327,0.275899,-0.041178,-0.000318,0.123327,0.217365,0.635624,0.201062,-0.056201,0.104419,0.645755,0.236914
0.131803,0.197460,-0.685188,0.920902,0.277065,-0.041175,-0.000362,0.123284,0.217365,0.635624,0.201105,-0.056297,0.104879,0.645755,0.236914
0.131848,0.197607,-0.684741,0.920902,0.277065,-0.041158,-0.000355,0.123320,0.217321,0.637118,0.201079,-0.056232,0.104375,0.647986,0.238111
0.131881,0.197450,-0.683969,0.920150,0.276034,-0.041169,-0.000374,0.123130,0.217321,0.637118,0.201131,-0.056235,0.104914,0.645755,0.236914
0.131882,0.197492,-0.684207,0.920150,0.276034,-0.041166,-0.000339,0.123362,0.217365,0.635624,0.201094,-0.056260,0.104965,0.645755,0.236914
0.131842,0.197499,-0.684433,0.921060,0.276163,-0.041167,-0.000325,0.123508,0.217365,0.635624,0.201026,-0.056204,0.104804,0.644928,0.237771
0.131876,0.197470,-0.684301,0.920150,0.276034,-0.041182,-0.000349,0.123355,0.217365,0.635624,0.201058,-0.056200,0.105024,0.643770,0.236930
0.131871,0.197694,-0.685460,0.920150,0.276034,-0.041193,-0.000306,0.123135,0.217794,0.636395,0.201008,-0.056165,0.105037,0.643770,0.236930
0.131872,0.197508,-0.684544,0.919809,0.277074,-0.041152,-0.000389,0.123279,0.217365,0.635624,0.201144,-0.056308,0.104370,0.644928,0.237771
0.131840,0.197666,-0.684953,0.919809,0.277074,-0.041189,-0.000328,0.123716,0.217365,0.635624,0.201015,-0.056180,0.105110,0.643770,0.236930
0.131847,0.197499,-0.684599,0.921060,0.276163,-0.041172,-0.000368,0.122621,0.217358,0.636274,0.201132,-0.056281,0.104693,0.644928,0.237771
0.131817,0.197650,-0.684620,0.919809,0.277074,-0.041194,-0.000361,0.123276,0.217358,0.636274,0.201090,-0.056207,0.104420,0.644928,0.237771
0.131794,0.197516,-0.685376,0.921060,0.276163,-0.041215,-0.000347,0.123131,0.217794,0.636395,0.201106,-0.056259,0.104637,0.644928,0.237771
0.131829,0.197554,-0.684788,0.921060,0.276163,-0.041189,-0.000345,0.123096,0.217794,0.636395,0.201128,-0.056240,0.104677,0.645755,0.236914
0.131859,0.197458,-0.684330,0.920150,0.276034,-0.041173,-0.000352,0.123435,0.217794,0.636395,0.201080,-0.056217,0.104641,0.644928,0.237771
0.131839,0.197538,-0.684422,0.921060,0.276163,-0.041160,-0.000347,0.123273,0.217358,0.636274,0.201111,-0.056266,0.104524,0.644928,0.237771
0.131874,0.197482,-0.684007,0.921060,0.276163,-0.041188,-0.000356,0.123517,0.217358,0.636274,0.201085,-0.056199,0.104551,0.645755,0.236914
0.131868,0.197465,-0.684069,0.921060,0.276163,-0.041184,-0.000359,0.123304,0.217675,0.636111,0.201108,-0.056246,0.104250,0.645755,0.236914
0.131853,0.197544,-0.684516,0.921060,0.276163,-0.041176,-0.000356,0.123521,0.217675,0.636111,0.201114,-0.056233,0.104372,0.645755,0.236914
0.131844,0.197530,-0.684019,0.921060,0.276163,-0.041172,-0.000334,0.123450,0.217675,0.636111,0.201046,-0.056192,0.104252,0.645755,0.236914
0.131857,0.197518,-0.684628,0.920150,0.276034,-0.041185,-0.000358,0.123321,0.217675,0.636111,0.201108,-0.056249,0.105161,0.646911,0.237756
0.131838,0.197528,-0.684567,0.921060,0.276163,-0.041160,-0.000342,0.123554,0.217794,0.636395,0.201056,-0.056199,0.104830,0.646911,0.237756
0.131831,0.197518,-0.684092,0.921060,0.276163,-0.041181,-0.000335,0.123501,0.217794,0.636395,0.201076,-0.056194,0.104602,0.646911,0.237756
0.132007,0.197448,-0.687647,0.921060,0.276163,-0.041459,0.000513,0.122286,0.217794,0.636395,0.200833,-0.056487,0.102913,0.646911,0.237756
0.150729,0.191047,-0.661558,0.913320,0.294133,-0.049514,0.024862,0.108016,0.174789,0.649527,0.194232,-0.067649,0.032266,0.637574,0.243479
0.173646,0.183291,-0.659900,0.890130,0.324501,-0.055492,0.049324,0.116067,0.174789,0.649527,0.186908,-0.073304,0.007963,0.637574,0.243479
0.197764,0.172924,-0.662255,0.887417,0.312191,-0.056989,0.072800,0.111928,0.089150,0.423449,0.175681,-0.082262,-0.019729,0.616096,0.250545
0.214671,0.160339,-0.664361,0.876463,0.296813,-0.054331,0.092883,0.100817,0.089150,0.423449,0.161123,-0.091991,-0.031935,0.595279,0.302859
0.225935,0.147745,-0.655084,0.857333,0.313429,-0.047184,0.111231,0.112468,0.061861,0.369997,0.146827,-0.097319,-0.045777,0.595279,0.302859
0.236394,0.135925,-0.647877,0.847006,0.290969,-0.040636,0.126061,0.110673,0.061861,0.369997,0.126935,-0.102765,-0.052173,0.587320,0.289235
0.243441,0.123799,-0.638127,0.840263,0.295548,-0.032536,0.139953,0.105088,0.044876,0.370143,0.109060,-0.105975,-0.052474,0.587320,0.289235
0.247931,0.111718,-0.633866,0.829954,0.300375,-0.024070,0.152178,0.101043,0.038342,0.369313,0.092191,-0.106039,-0.056095,0.581801,0.318273
0.251501,0.099781,-0.627938,0.824430,0.304131,-0.015814,0.161206,0.098467,0.020500,0.386672,0.078490,-0.105706,-0.064321,0.581801,0.318273
0.253460,0.088995,-0.628803,0.814912,0.277843,-0.007262,0.168864,0.101030,0.001299,0.379811,0.064984,-0.104263,-0.065065,0.579501,0.330591
0.254932,0.081440,-0.628508,0.814912,0.277843,0.001487,0.174294,0.105009,0.001299,0.379811,0.053767,-0.100056,-0.065024,0.572901,0.321830
0.256107,0.074333,-0.631216,0.804601,0.276129,0.008801,0.179228,0.098421,0.990934,0.371070,0.045228,-0.095821,-0.068056,0.558572,0.341254
0.256429,0.066639,-0.633357,0.798756,0.273947,0.015344,0.182872,0.101263,0.989720,0.354786,0.036896,-0.092333,-0.072146,0.558572,0.341254
0.255325,0.059816,-0.634852,0.796833,0.270422,0.020329,0.185618,0.093848,0.982171,0.353118,0.029174,-0.088323,-0.073324,0.559329,0.400925
0.254269,0.054965,-0.638345,0.797320,0.275854,0.025390,0.187591,0.092446,0.973322,0.353736,0.022843,-0.083986,-0.071766,0.559329,0.400925
0.253151,0.051373,-0.637066,0.800387,0.295592,0.029357,0.188832,0.084815,0.976273,0.346725,0.017128,-0.080615,-0.074511,0.557852,0.443983
0.252511,0.048416,-0.635194,0.801295,0.312711,0.033061,0.190062,0.084904,0.976259,0.344821,0.011775,-0.077427,-0.076000,0.557852,0.443983
0.251421,0.045199,-0.641765,0.798561,0.324467,0.036561,0.190755,0.068304,0.974126,0.335334,0.007957,-0.073538,-0.079968,0.548887,0.460720
0.250378,0.040927,-0.643982,0.798561,0.324467,0.039883,0.192063,0.073792,0.971392,0.322452,0.005034,-0.069793,-0.084199,0.548887,0.460720
0.249897,0.037071,-0.641095,0.795806,0.324741,0.042977,0.191596,0.060353,0.972357,0.315172,0.002661,-0.066456,-0.089563,0.536814,0.458931
0.248836,0.033308,-0.641201,0.795266,0.319673,0.045574,0.192388,0.072419,0.970974,0.315711,0.000614,-0.062930,-0.088738,0.536814,0.458931
0.248069,0.029894,-0.641883,0.789922,0.290088,0.047181,0.192928,0.069003,0.967879,0.315779,-0.001127,-0.060159,-0.091965,0.529501,0.448596
0.247485,0.028563,-0.647187,0.789922,0.290088,0.047830,0.192938,0.048897,0.966014,0.312977,-0.002885,-0.058640,-0.099763,0.513317,0.439125
0.247398,0.028252,-0.646686,0.786748,0.284413,0.049224,0.193778,0.056210,0.966512,0.311416,-0.004707,-0.057903,-0.108476,0.513317,0.439125
0.247399,0.028244,-0.646755,0.786345,0.284030,0.050702,0.193965,0.058251,0.965912,0.312035,-0.005834,-0.056113,-0.106365,0.497214,0.426484
0.247434,0.028200,-0.646581,0.786345,0.284030,0.052198,0.194088,0.041039,0.965312,0.312646,-0.006947,-0.054325,-0.107654,0.497214,0.426484
0.247408,0.028287,-0.647021,0.786511,0.282824,0.053841,0.194547,0.039743,0.964893,0.313781,-0.007933,-0.053615,-0.112853,0.489019,0.426994
0.247423,0.028205,-0.646660,0.786785,0.282905,0.054933,0.195495,0.044074,0.962291,0.313341,-0.008619,-0.052776,-0.114167,0.474013,0.421260
0.247408,0.028309,-0.647093,0.786618,0.284112,0.055727,0.196024,0.023572,0.962415,0.310674,-0.008653,-0.051875,-0.111349,0.474013,0.421260
0.247417,0.028267,-0.646980,0.786541,0.282462,0.056520,0.196841,0.022562,0.959942,0.307125,-0.008631,-0.051985,-0.111609,0.472043,0.423832
0.247440,0.028186,-0.646554,0.786375,0.283664,0.056617,0.197367,0.029599,0.961063,0.302369,-0.008634,-0.051963,-0.111442,0.472043,0.423832
0.247435,0.028261,-0.646929,0.786375,0.283664,0.056832,0.197571,0.029096,0.962108,0.300571,-0.008571,-0.052059,-0.109389,0.472043,0.423832
0.247410,0.028255,-0.646597,0.786680,0.281264,0.056811,0.197541,0.029098,0.962384,0.299491,-0.008665,-0.051923,-0.111050,0.472437,0.423339
0.247427,0.028223,-0.646784,0.786208,0.279262,0.056807,0.197428,0.029998,0.962096,0.299338,-0.008675,-0.051947,-0.111202,0.472017,0.422853
0.247403,0.028254,-0.647004,0.786208,0.279262,0.056814,0.197533,0.029295,0.962096,0.299338,-0.008595,-0.051924,-0.111148,0.472121,0.423815
0.247427,0.028276,-0.647004,0.786208,0.279262,0.056795,0.197508,0.028602,0.962096,0.299338,-0.008636,-0.051927,-0.110978,0.472121,0.423815
0.247424,0.028270,-0.646947,0.786143,0.281098,0.056673,0.197482,0.027662,0.962096,0.299338,-0.008635,-0.051943,-0.111462,0.471421,0.423863
0.247426,0.028274,-0.647099,0.786143,0.281098,0.056824,0.197527,0.029255,0.961335,0.299389,-0.008597,-0.052049,-0.109142,0.471421,0.423863
0.247426,0.028272,-0.647096,0.786143,0.281098,0.056866,0.197424,0.030780,0.961710,0.299845,-0.008657,-0.051915,-0.111150,0.471421,0.423863
0.247431,0.028186,-0.646509,0.786785,0.281928,0.056856,0.197504,0.029186,0.961710,0.299845,-0.008580,-0.051967,-0.111322,0.472189,0.423858
0.247433,0.028165,-0.646670,0.786785,0.281928,0.056727,0.197531,0.028745,0.962096,0.299338,-0.008675,-0.051907,-0.110829,0.472189,0.423858
0.247432,0.028164,-0.646795,0.786389,0.281543,0.056878,0.197372,0.030152,0.961710,0.299845,-0.008588,-0.051995,-0.111648,0.472408,0.422363
0.247449,0.028236,-0.646836,0.786115,0.281459,0.056827,0.197553,0.028839,0.962477,0.299131,-0.008661,-0.051950,-0.111179,0.471810,0.423371
0.247421,0.028258,-0.647016,0.786115,0.281459,0.056787,0.197550,0.029717,0.962477,0.299131,-0.008625,-0.051967,-0.111509,0.471810,0.423371
0.247441,0.028228,-0.646858,0.786115,0.281459,0.056838,0.197501,0.028840,0.962189,0.298979,-0.008676,-0.051921,-0.111114,0.472189,0.423858
0.247445,0.028168,-0.646505,0.786389,0.281543,0.056719,0.197519,0.028786,0.962189,0.298979,-0.008680,-0.051921,-0.111431,0.472512,0.423323
0.247419,0.028259,-0.646974,0.786554,0.280362,0.056755,0.197495,0.028874,0.961710,0.299845,-0.008587,-0.052079,-0.109628,0.471810,0.423371
0.247425,0.028238,-0.646928,0.786279,0.280280,0.056886,0.197496,0.028761,0.962477,0.299131,-0.008668,-0.051945,-0.111438,0.472512,0.423323
0.247443,0.028157,-0.646571,0.786279,0.280280,0.056827,0.197537,0.029465,0.962477,0.299131,-0.008554,-0.051954,-0.111061,0.471810,0.423371
0.247419,0.028236,-0.646792,0.786554,0.280362,0.056790,0.197550,0.029125,0.962477,0.299131,-0.008658,-0.051909,-0.111131,0.471810,0.423371
0.247430,0.028211,-0.646770,0.786279,0.280280,0.056824,0.197500,0.028922,0.962477,0.299131,-0.008618,-0.051972,-0.111169,0.472512,0.423323
0.247438,0.028141,-0.646427,0.786279,0.280280,0.056794,0.197512,0.028437,0.962477,0.299131,-0.008665,-0.051930,-0.111305,0.472512,0.423323
0.247444,0.028211,-0.646876,0.786554,0.280362,0.056755,0.197473,0.028732,0.962189,0.298979,-0.008611,-0.051992,-0.111786,0.472512,0.423323
0.247435,0.028184,-0.646468,0.786115,0.281459,0.056789,0.197552,0.029528,0.962189,0.298979,-0.008631,-0.051911,-0.111175,0.471810,0.423371
0.247439,0.028113,-0.646588,0.786115,0.281459,0.056786,0.197457,0.028604,0.962189,0.298979,-0.008539,-0.051970,-0.110951,0.471915,0.424326
0.247411,0.028253,-0.646658,0.786115,0.281459,0.056720,0.197569,0.028608,0.962477,0.299131,-0.008670,-0.051904,-0.111478,0.471915,0.424326
0.247437,0.028146,-0.646607,0.786115,0.281459,0.056963,0.197344,0.029629,0.962477,0.299131,-0.008621,-0.051991,-0.111077,0.472512,0.423323
0.247423,0.028261,-0.646838,0.786279,0.280280,0.056736,0.197533,0.028873,0.962477,0.299131,-0.008661,-0.051918,-0.111283,0.472512,0.423323
0.247470,0.028056,-0.646562,0.786115,0.281459,0.056737,0.197558,0.029003,0.962189,0.298979,-0.008599,-0.052067,-0.109170,0.471915,0.424326
0.247428,0.028254,-0.646864,0.786115,0.281459,0.056725,0.197481,0.028942,0.962477,0.299131,-0.008644,-0.051963,-0.111324,0.471915,0.424326
0.247465,0.028123,-0.646576,0.786115,0.281459,0.056807,0.197559,0.029265,0.961885,0.298828,-0.008669,-0.051931,-0.111181,0.471915,0.424326
0.247413,0.028243,-0.646986,0.786115,0.281459,0.056950,0.197436,0.028863,0.962562,0.299438,-0.008650,-0.051963,-0.112071,0.471915,0.424326
0.247433,0.028275,-0.646165,0.786115,0.281459,0.056743,0.197620,0.029992,0.962477,0.299131,-0.008654,-0.051941,-0.111416,0.471915,0.424326
0.247431,0.028218,-0.646660,0.786389,0.281543,0.056883,0.197445,0.029248,0.962562,0.299438,-0.008544,-0.052035,-0.109408,0.471500,0.423840
0.247421,0.028203,-0.646649,0.786115,0.281459,0.056765,0.197537,0.028564,0.962189,0.298979,-0.008626,-0.051918,-0.110937,0.471500,0.423840
0.247434,0.028218,-0.647002,0.786115,0.281459,0.056758,0.197473,0.028810,0.962189,0.298979,-0.008544,-0.052090,-0.109351,0.471915,0.424326
0.247439,0.028279,-0.646963,0.786389,0.281543,0.056819,0.197541,0.029101,0.962189,0.298979,-0.008622,-0.052010,-0.109001,0.471500,0.423840
0.247439,0.028159,-0.646665,0.786389,0.281543,0.056802,0.197517,0.029195,0.962189,0.298979,-0.008614,-0.051973,-0.111713,0.471915,0.424326
0.247403,0.028251,-0.646587,0.786389,0.281543,0.056903,0.197482,0.029584,0.962189,0.298979,-0.008635,-0.051967,-0.111461,0.472483,0.422349
0.247431,0.028223,-0.646670,0.786654,0.281626,0.056714,0.197577,0.029075,0.961804,0.299485,-0.008676,-0.051941,-0.111271,0.472200,0.423793
0.247433,0.028251,-0.647001,0.786654,0.281626,0.056824,0.197518,0.029275,0.961804,0.299485,-0.008628,-0.051940,-0.111083,0.472483,0.422349
0.247432,0.028234,-0.646837,0.786389,0.281543,0.056823,0.197540,0.029213,0.962189,0.298979,-0.008639,-0.051945,-0.111340,0.472483,0.422349
0.247443,0.028161,-0.646299,0.786180,0.279619,0.056682,0.197530,0.029076,0.962562,0.299438,-0.008626,-0.052024,-0.108990,0.472262,0.423835
0.247430,0.028134,-0.646771,0.786654,0.281626,0.056971,0.197370,0.030369,0.961885,0.298828,-0.008551,-0.052044,-0.109138,0.472483,0.422349
0.247428,0.028236,-0.646621,0.786308,0.279923,0.056788,0.197546,0.028800,0.962562,0.299438,-0.008591,-0.051925,-0.111027,0.472483,0.422349
0.247429,0.028148,-0.646530,0.786180,0.279619,0.056863,0.197461,0.029496,0.962189,0.298979,-0.008625,-0.051957,-0.111879,0.472483,0.422349
0.247442,0.028191,-0.646472,0.786180,0.279619,0.056804,0.197576,0.030450,0.961885,0.298828,-0.008602,-0.051941,-0.111367,0.472483,0.422349
0.247435,0.028208,-0.646800,0.786308,0.279923,0.056808,0.197476,0.028273,0.962562,0.299438,-0.008597,-0.051931,-0.111487,0.472262,0.423835
0.247138,0.027974,-0.647016,0.786308,0.279923,0.056721,0.197488,0.028965,0.962189,0.298979,-0.008903,-0.051774,-0.112554,0.472483,0.422349
0.246324,0.027272,-0.651501,0.786224,0.280017,0.056732,0.197513,0.028378,0.962943,0.299230,-0.011224,-0.050142,-0.124017,0.470725,0.423916
0.245590,0.026794,-0.653023,0.786725,0.283631,0.056816,0.197445,0.028021,0.962570,0.298772,-0.013029,-0.048988,-0.134280,0.458258,0.433874
0.245197,0.026256,-0.655880,0.786460,0.284146,0.056987,0.197504,0.029145,0.962943,0.299230,-0.014765,-0.047993,-0.142486,0.447884,0.440256
0.244901,0.026100,-0.658370,0.786379,0.286643,0.056818,0.197492,0.028819,0.962656,0.299078,-0.016414,-0.046998,-0.151739,0.441799,0.440826
0.244962,0.026142,-0.657393,0.786305,0.287382,0.057043,0.197474,0.032030,0.962943,0.299230,-0.017950,-0.045843,-0.156866,0.434539,0.440764
0.244893,0.026065,-0.657074,0.786426,0.288731,0.056797,0.197374,0.025670,0.962283,0.298620,-0.019390,-0.045262,-0.159420,0.429764,0.447141
0.244957,0.026099,-0.656886,0.785918,0.286633,0.056840,0.197471,0.029095,0.962283,0.298620,-0.020587,-0.044503,-0.165345,0.426088,0.451148
0.244951,0.026183,-0.657348,0.786342,0.287012,0.056785,0.197587,0.030132,0.962656,0.299078,-0.021559,-0.043509,-0.172569,0.423690,0.452337
0.244957,0.026070,-0.657300,0.785955,0.286264,0.056850,0.197419,0.028322,0.961898,0.299126,-0.022746,-0.042846,-0.180618,0.421967,0.453820
0.244960,0.026162,-0.657371,0.786171,0.288275,0.057027,0.197441,0.031643,0.961898,0.299126,-0.023656,-0.042217,-0.185248,0.419531,0.454216
0.244977,0.026114,-0.658014,0.785955,0.286264,0.056964,0.197420,0.028781,0.961980,0.298469,-0.024363,-0.041733,-0.189416,0.416901,0.455922
0.244943,0.026111,-0.657330,0.785955,0.286264,0.056971,0.197412,0.031747,0.962283,0.298620,-0.025156,-0.040997,-0.190608,0.414980,0.456887
0.244955,0.026112,-0.657232,0.785955,0.286264,0.056829,0.197546,0.029708,0.962283,0.298620,-0.025083,-0.041084,-0.191424,0.412795,0.459356
0.244957,0.026143,-0.656907,0.786379,0.286643,0.056831,0.197462,0.028409,0.962283,0.298620,-0.026193,-0.040281,-0.197551,0.412581,0.460427
0.244986,0.026110,-0.657521,0.786207,0.287902,0.056991,0.197409,0.031445,0.962283,0.298620,-0.026728,-0.040149,-0.199041,0.409732,0.462266
0.244955,0.026181,-0.657513,0.785787,0.287521,0.057088,0.197358,0.031110,0.961613,0.298973,-0.026699,-0.040163,-0.198450,0.407397,0.466720
0.244989,0.026106,-0.657299,0.786669,0.286723,0.056991,0.197371,0.031598,0.961898,0.299126,-0.026723,-0.040161,-0.198730,0.407617,0.466237
0.244980,0.026143,-0.657361,0.785992,0.285895,0.057066,0.197352,0.031167,0.962283,0.298620,-0.026668,-0.040129,-0.199852,0.407769,0.465630
0.244964,0.026136,-0.657384,0.785992,0.285895,0.057000,0.197436,0.031078,0.962283,0.298620,-0.026752,-0.040136,-0.198969,0.407809,0.467147
0.244913,0.026143,-0.657268,0.785992,0.285895,0.056912,0.197405,0.030919,0.962283,0.298620,-0.026726,-0.040155,-0.198944,0.407809,0.467147
0.244950,0.026063,-0.656575,0.785685,0.285814,0.056977,0.197430,0.031459,0.962283,0.298620,-0.026737,-0.040139,-0.198614,0.407809,0.467147
0.244929,0.026153,-0.657507,0.785992,0.285895,0.057038,0.197406,0.031552,0.961898,0.299126,-0.026733,-0.040149,-0.198848,0.407809,0.467147
0.244943,0.026100,-0.656790,0.785685,0.285814,0.056905,0.197396,0.030508,0.962656,0.299078,-0.026633,-0.040245,-0.200262,0.407809,0.467147
0.244963,0.026091,-0.656880,0.785992,0.285895,0.056899,0.197406,0.030751,0.961898,0.299126,-0.026738,-0.040148,-0.198558,0.407544,0.465367
0.244973,0.026100,-0.657127,0.785992,0.285895,0.057072,0.197331,0.030927,0.962283,0.298620,-0.026702,-0.040146,-0.198980,0.407809,0.467147
0.244971,0.026150,-0.657391,0.785992,0.285895,0.057008,0.197402,0.031212,0.962283,0.298620,-0.026723,-0.040153,-0.198992,0.407544,0.465367
0.244908,0.026140,-0.657490,0.786287,0.285976,0.057027,0.197360,0.031337,0.962656,0.299078,-0.026680,-0.040201,-0.201029,0.407736,0.466274
0.244326,0.025228,-0.658905,0.786287,0.285976,0.057053,0.197360,0.030926,0.962656,0.299078,-0.026730,-0.040408,-0.201986,0.407517,0.466759
0.242673,0.019607,-0.663266,0.784651,0.290850,0.057117,0.197317,0.029276,0.962096,0.299338,-0.027818,-0.043114,-0.211382,0.408288,0.466094
0.240836,0.013807,-0.668008,0.785162,0.307242,0.056766,0.197197,0.023871,0.961910,0.300057,-0.028629,-0.045247,-0.216418,0.411574,0.452760
0.239799,0.009059,-0.667879,0.783754,0.331213,0.056885,0.195915,0.016678,0.961910,0.300057,-0.029019,-0.046668,-0.223363,0.413926,0.441230
0.238683,0.003476,-0.671710,0.778324,0.324741,0.057106,0.193435,0.007588,0.962177,0.301847,-0.029343,-0.048654,-0.233136,0.416268,0.429085
0.237436,-0.000480,-0.673153,0.776896,0.314761,0.057004,0.191443,0.000761,0.962918,0.304025,-0.029692,-0.050616,-0.240275,0.418195,0.422384
0.236542,-0.004137,-0.674266,0.774506,0.313348,0.057044,0.189258,-0.011309,0.962709,0.306418,-0.029923,-0.052545,-0.245845,0.419938,0.415109
0.236053,-0.007888,-0.666833,0.770745,0.301111,0.056923,0.187112,-0.022103,0.963347,0.305785,-0.030342,-0.054470,-0.252495,0.421611,0.408317
0.235445,-0.010145,-0.667087,0.765749,0.280041,0.057084,0.185178,-0.029780,0.965020,0.305272,-0.030646,-0.055798,-0.262944,0.423974,0.404704
0.235027,-0.011582,-0.668768,0.764606,0.285241,0.057468,0.184021,-0.037299,0.966150,0.303096,-0.030922,-0.057880,-0.271143,0.426270,0.404532
0.234204,-0.012805,-0.673223,0.763082,0.288804,0.057732,0.184053,-0.037456,0.966150,0.303096,-0.031141,-0.059676,-0.280095,0.427911,0.405577
0.233008,-0.013836,-0.679098,0.764254,0.292277,0.057543,0.184054,-0.034298,0.965887,0.302942,-0.031399,-0.060758,-0.283635,0.428747,0.409909
0.231975,-0.014802,-0.684345,0.764233,0.290979,0.057454,0.183925,-0.036362,0.965887,0.302942,-0.031601,-0.061794,-0.288782,0.429508,0.412231
0.231221,-0.015524,-0.689461,0.763824,0.294256,0.057158,0.184218,-0.035350,0.966150,0.303096,-0.031756,-0.062673,-0.292937,0.430545,0.412881
0.230162,-0.016718,-0.696328,0.763855,0.298116,0.057245,0.183391,-0.037484,0.966243,0.302729,-0.031809,-0.063262,-0.294761,0.430936,0.411493
0.229288,-0.017653,-0.703100,0.763064,0.296281,0.057136,0.182112,-0.042609,0.966158,0.303780,-0.031739,-0.063289,-0.295388,0.431650,0.408775
0.228061,-0.019325,-0.711638,0.762847,0.287542,0.057095,0.180721,-0.050629,0.965521,0.302473,-0.031869,-0.063263,-0.294641,0.431748,0.410131
0.227414,-0.019999,-0.714802,0.761370,0.276374,0.057115,0.179175,-0.056354,0.964963,0.302058,-0.031958,-0.064446,-0.301158,0.431855,0.410965
0.227378,-0.020175,-0.716219,0.760854,0.272957,0.057068,0.177979,-0.060362,0.962920,0.300859,-0.032194,-0.064880,-0.302118,0.433118,0.406545
0.227338,-0.020158,-0.715979,0.760308,0.274356,0.056941,0.176580,-0.069578,0.963591,0.300512,-0.032045,-0.064913,-0.302483,0.433094,0.405691
0.227342,-0.020126,-0.716161,0.761256,0.275388,0.056773,0.175410,-0.072464,0.963314,0.299689,-0.032136,-0.064806,-0.302612,0.433094,0.405691
0.227340,-0.020195,-0.716042,0.761256,0.275388,0.056672,0.174003,-0.075541,0.963314,0.299689,-0.032124,-0.064900,-0.303389,0.433170,0.406187
0.227378,-0.020172,-0.715569,0.761256,0.275388,0.056635,0.173109,-0.082650,0.963014,0.300497,-0.032289,-0.064874,-0.302280,0.433094,0.405691
0.227619,-0.019032,-0.714393,0.760743,0.274939,0.056789,0.171632,-0.083465,0.964150,0.299014,-0.030592,-0.068223,-0.314610,0.433170,0.406187
0.234613,0.000427,-0.713464,0.762503,0.314557,0.044126,0.168441,-0.128276,0.955942,0.323879,-0.014768,-0.090625,-0.354070,0.441543,0.392361
0.243190,0.027271,-0.714064,0.779708,0.275953,0.016382,0.158732,-0.122347,0.961284,0.355407,0.008717,-0.115286,-0.347677,0.512525,0.403437
0.248181,0.051898,-0.714377,0.788134,0.270643,-0.007718,0.145193,-0.123807,0.004867,0.391815,0.033154,-0.130346,-0.339648,0.553595,0.418401
0.246450,0.072432,-0.716475,0.803181,0.316220,-0.025616,0.129468,-0.129022,0.019239,0.396531,0.055086,-0.138418,-0.338016,0.555007,0.353131
0.239027,0.090143,-0.723989,0.813361,0.295240,-0.038908,0.112556,-0.132353,0.041907,0.396029,0.075363,-0.142309,-0.339408,0.556243,0.294260
0.228987,0.105491,-0.731659,0.818459,0.278858,-0.049640,0.095580,-0.137744,0.072323,0.374350,0.093592,-0.143513,-0.343657,0.568496,0.300315
0.218876,0.116669,-0.741063,0.830639,0.299393,-0.057376,0.079295,-0.139106,0.090372,0.398100,0.109241,-0.142014,-0.338027,0.571737,0.290584
0.207644,0.126007,-0.738652,0.844206,0.297006,-0.061580,0.063578,-0.141040,0.100559,0.424645,0.122593,-0.138676,-0.337436,0.577449,0.292257
0.199191,0.132436,-0.732877,0.852147,0.284961,-0.065745,0.048768,-0.140380,0.134972,0.457997,0.134920,-0.135313,-0.334571,0.575889,0.274779
0.190299,0.137541,-0.735154,0.864414,0.305318,-0.067480,0.036075,-0.138561,0.153511,0.490987,0.144251,-0.133051,-0.329977,0.577589,0.278722
0.181311,0.142544,-0.730351,0.878395,0.289330,-0.068640,0.024525,-0.134936,0.175107,0.539291,0.152558,-0.128419,-0.332553,0.582402,0.282834
0.174640,0.145220,-0.726908,0.885851,0.289376,-0.068330,0.014830,-0.142782,0.186763,0.514433,0.159459,-0.123836,-0.328424,0.579213,0.278354
0.168637,0.146898,-0.714516,0.880425,0.298166,-0.068179,0.004769,-0.135483,0.204123,0.510206,0.165214,-0.120478,-0.325168,0.586378,0.276956
0.162669,0.149300,-0.700221,0.882033,0.317383,-0.068167,-0.003734,-0.140379,0.228573,0.499111,0.169023,-0.117049,-0.326015,0.588325,0.283728
0.156573,0.150668,-0.687626,0.894770,0.303022,-0.067263,-0.011282,-0.144379,0.228573,0.499111,0.171683,-0.114836,-0.328145,0.589794,0.283372
0.152865,0.150441,-0.674909,0.892025,0.311998,-0.066092,-0.016748,-0.146858,0.241385,0.471357,0.174369,-0.112298,-0.330467,0.589922,0.284956
0.149152,0.151158,-0.672141,0.892364,0.323395,-0.064645,-0.021891,-0.143121,0.241385,0.471357,0.176870,-0.109874,-0.331075,0.595339,0.286156
0.144679,0.151681,-0.662862,0.893318,0.327298,-0.062910,-0.026775,-0.151414,0.270898,0.473854,0.178227,-0.108280,-0.333058,0.592477,0.286032
0.140389,0.152464,-0.645993,0.891933,0.329364,-0.060762,-0.031543,-0.150616,0.295807,0.469282,0.180088,-0.106716,-0.334458,0.591789,0.284713
0.136489,0.153460,-0.631173,0.899893,0.316487,-0.060019,-0.036193,-0.155649,0.295807,0.469282,0.181649,-0.105123,-0.334294,0.592361,0.286596
0.134019,0.153554,-0.617662,0.898906,0.323864,-0.058751,-0.039162,-0.157649,0.308053,0.471284,0.182691,-0.103751,-0.334369,0.591734,0.289377
0.132095,0.153719,-0.609762,0.900147,0.327531,-0.057765,-0.041847,-0.157044,0.328069,0.447547,0.183702,-0.102623,-0.334417,0.593400,0.290481
0.130372,0.153833,-0.601278,0.898919,0.333413,-0.057181,-0.044064,-0.157278,0.328069,0.447547,0.185761,-0.100559,-0.330454,0.594387,0.289437
0.127181,0.154046,-0.586478,0.900873,0.334432,-0.056161,-0.047125,-0.158363,0.343795,0.416005,0.188020,-0.097978,-0.329278,0.596721,0.278263
0.126260,0.154083,-0.581379,0.900739,0.337810,-0.055708,-0.048895,-0.158632,0.351900,0.407933,0.188871,-0.097073,-0.325887,0.596721,0.278263
0.124819,0.154031,-0.572514,0.899951,0.339459,-0.054952,-0.050663,-0.156090,0.351900,0.407933,0.189257,-0.096844,-0.322503,0.599014,0.274431
0.122330,0.154393,-0.562696,0.899951,0.339459,-0.054968,-0.051729,-0.158382,0.362270,0.403070,0.189279,-0.096811,-0.322380,0.598152,0.274068
0.121346,0.154905,-0.557455,0.900542,0.338224,-0.054949,-0.052135,-0.158026,0.363757,0.402899,0.189250,-0.096824,-0.322397,0.600146,0.274286
0.118783,0.155289,-0.545757,0.907835,0.326237,-0.054885,-0.052343,-0.160781,0.363757,0.402899,0.189253,-0.096793,-0.322323,0.598152,0.274068
0.117313,0.155348,-0.539425,0.910504,0.323011,-0.054994,-0.052318,-0.160258,0.364173,0.402250,0.189267,-0.096825,-0.322098,0.600034,0.274709
0.116635,0.155492,-0.537357,0.910679,0.321159,-0.054970,-0.052353,-0.162063,0.363566,0.402006,0.189241,-0.096802,-0.322196,0.600034,0.274709
0.116077,0.155480,-0.533127,0.911041,0.321263,-0.055008,-0.052307,-0.160298,0.363566,0.402006,0.189263,-0.096822,-0.322319,0.600034,0.274709
0.115385,0.155328,-0.528698,0.911690,0.323074,-0.055020,-0.052304,-0.160501,0.364366,0.400707,0.189251,-0.096795,-0.322290,0.597582,0.274189
0.115250,0.155369,-0.526050,0.912425,0.322278,-0.054700,-0.052343,-0.164288,0.364366,0.400707,0.189252,-0.096817,-0.322310,0.600034,0.274709
0.115261,0.155462,-0.527241,0.912612,0.321830,-0.054991,-0.052347,-0.162224,0.363954,0.401157,0.189252,-0.096772,-0.322098,0.599262,0.273922
0.115375,0.155428,-0.527568,0.913762,0.321567,-0.054722,-0.052358,-0.164508,0.364366,0.400707,0.189256,-0.096829,-0.322265,0.599511,0.273413
0.115266,0.155437,-0.527876,0.912799,0.321383,-0.054888,-0.052350,-0.161253,0.363650,0.402964,0.189267,-0.096798,-0.322252,0.598676,0.274040
0.115387,0.155437,-0.527768,0.912799,0.321383,-0.054877,-0.052383,-0.160962,0.364755,0.401793,0.189261,-0.096821,-0.322352,0.600034,0.274709
0.115398,0.155448,-0.527884,0.913950,0.321120,-0.055066,-0.052316,-0.161111,0.363954,0.403089,0.189253,-0.096809,-0.322261,0.599511,0.273413
0.115346,0.155475,-0.528159,0.912986,0.320937,-0.054890,-0.052366,-0.161446,0.364341,0.404172,0.189259,-0.096813,-0.322228,0.598676,0.274040
0.114913,0.161471,-0.526434,0.909985,0.331996,-0.054367,-0.050371,-0.174357,0.363870,0.402130,0.189511,-0.096150,-0.345820,0.598676,0.274040
0.115295,0.185398,-0.522604,0.920744,0.292328,-0.053852,-0.026413,-0.188686,0.361409,0.404565,0.186731,-0.083665,-0.440291,0.603876,0.272834
0.114771,0.214303,-0.540948,0.875607,0.285548,-0.053092,0.002672,-0.182138,0.287056,0.483110,0.183607,-0.068125,-0.499223,0.603876,0.272834
0.113738,0.239676,-0.560008,0.920476,0.300785,-0.052376,0.025942,-0.184367,0.224635,0.561229,0.183009,-0.056551,-0.549002,0.603876,0.272834
0.111533,0.260566,-0.565463,0.931296,0.321611,-0.054243,0.045270,-0.178668,0.166557,0.615520,0.182982,-0.051430,-0.603421,0.656900,0.238200
0.109962,0.277628,-0.566415,0.920133,0.306870,-0.054124,0.063798,-0.174878,0.128423,0.498313,0.182913,-0.043677,-0.600645,0.662317,0.234114
0.106850,0.294795,-0.572567,0.920133,0.306870,-0.054399,0.080032,-0.181512,0.100933,0.460151,0.182113,-0.034355,-0.608677,0.686079,0.239044
0.104489,0.309714,-0.576181,0.923278,0.309841,-0.055966,0.094103,-0.173142,0.082091,0.415747,0.181784,-0.019572,-0.606270,0.704721,0.239847
0.101662,0.323017,-0.579125,0.923278,0.309841,-0.056633,0.107721,-0.170998,0.090541,0.382030,0.182413,0.000495,-0.597637,0.740527,0.257907
0.100236,0.334307,-0.581877,0.955838,0.259293,-0.057180,0.119788,-0.171348,0.077038,0.371438,0.183145,0.022532,-0.588461,0.755053,0.275449
0.098283,0.344100,-0.594895,0.955838,0.259293,-0.058123,0.129218,-0.172403,0.060852,0.368664,0.183391,0.043892,-0.584432,0.774357,0.273628
0.097060,0.353592,-0.603154,0.938177,0.273820,-0.058935,0.139266,-0.169476,0.054845,0.367609,0.183383,0.063306,-0.582770,0.785854,0.267134
0.097129,0.361314,-0.603374,0.938177,0.273820,-0.058154,0.147343,-0.164176,0.048733,0.362565,0.183520,0.080412,-0.577164,0.802012,0.288137
0.097380,0.368025,-0.609851,0.933687,0.281245,-0.057675,0.154639,-0.163947,0.046442,0.362390,0.183075,0.095895,-0.572218,0.807411,0.274476
0.096480,0.374243,-0.618722,0.937127,0.271275,-0.056350,0.161904,-0.174424,0.046607,0.365099,0.183300,0.109214,-0.566265,0.818702,0.282432
0.095619,0.379187,-0.630417,0.938703,0.264871,-0.056749,0.168638,-0.171507,0.045572,0.366955,0.184091,0.121443,-0.558325,0.823759,0.278453
0.095410,0.382298,-0.639969,0.940121,0.262684,-0.057339,0.173710,-0.171883,0.042225,0.363936,0.183773,0.132169,-0.555157,0.831131,0.283337
0.095221,0.384829,-0.639531,0.944175,0.264663,-0.057207,0.178079,-0.165571,0.041980,0.362669,0.184735,0.142133,-0.543543,0.835903,0.287663
0.094837,0.387625,-0.647753,0.936919,0.273907,-0.056348,0.182399,-0.159952,0.040529,0.359290,0.185438,0.150696,-0.534999,0.840847,0.287533
0.094222,0.390433,-0.658305,0.936334,0.278511,-0.054972,0.186016,-0.168355,0.037969,0.354805,0.185059,0.158337,-0.529406,0.845370,0.299198
0.093977,0.392658,-0.664131,0.936969,0.279432,-0.054924,0.188428,-0.153130,0.036691,0.353123,0.185189,0.164907,-0.522972,0.846838,0.291297
0.093033,0.394792,-0.672663,0.935416,0.285011,-0.054808,0.190025,-0.148836,0.035339,0.354791,0.186028,0.171897,-0.505916,0.849809,0.289349
0.092116,0.396772,-0.684961,0.934436,0.290480,-0.054318,0.191109,-0.148461,0.034827,0.354681,0.186297,0.176162,-0.501125,0.852100,0.277189
0.091806,0.399421,-0.690754,0.939055,0.280659,-0.054493,0.193320,-0.135944,0.034759,0.353967,0.187317,0.179409,-0.486042,0.852100,0.277189
0.091248,0.402174,-0.690303,0.937491,0.282902,-0.052472,0.196016,-0.136491,0.034006,0.354354,0.189020,0.182759,-0.464934,0.852100,0.277189
0.090623,0.404195,-0.692249,0.937491,0.282902,-0.051671,0.197273,-0.124703,0.033657,0.354044,0.189951,0.184841,-0.458351,0.852100,0.277189
0.089847,0.406772,-0.689820,0.931322,0.297461,-0.050692,0.199312,-0.124067,0.034363,0.353324,0.191034,0.187594,-0.441974,0.852100,0.277189
0.088843,0.410744,-0.692943,0.928748,0.302791,-0.049578,0.202030,-0.118668,0.033350,0.349584,0.192413,0.191607,-0.423554,0.852100,0.277189
0.088434,0.412872,-0.695300,0.928748,0.302791,-0.049331,0.203299,-0.113741,0.035616,0.337814,0.193472,0.193927,-0.414000,0.852100,0.277189
0.087594,0.415371,-0.693668,0.931450,0.293908,-0.049175,0.204132,-0.110004,0.040101,0.327144,0.194327,0.196884,-0.400313,0.852424,0.308063
0.086578,0.417884,-0.695179,0.935886,0.287550,-0.049191,0.204884,-0.105024,0.038868,0.328797,0.195008,0.199771,-0.384271,0.852268,0.310466
0.085410,0.420225,-0.696642,0.936919,0.288115,-0.048945,0.205503,-0.103587,0.038144,0.328598,0.195488,0.202590,-0.370493,0.852402,0.314352
0.084270,0.422931,-0.707354,0.938627,0.286828,-0.049102,0.206058,-0.099848,0.037437,0.330856,0.195973,0.205167,-0.359896,0.852579,0.305450
0.083351,0.425297,-0.710787,0.939325,0.286513,-0.049130,0.205951,-0.099897,0.037072,0.330119,0.195808,0.207482,-0.345989,0.852896,0.299058
0.081917,0.427196,-0.711026,0.939242,0.287202,-0.049097,0.206010,-0.100265,0.035294,0.330668,0.196471,0.209809,-0.329418,0.854206,0.295048
0.081543,0.427604,-0.710994,0.935888,0.291793,-0.049068,0.205956,-0.099884,0.036263,0.331703,0.196477,0.210056,-0.329223,0.854967,0.285237
0.081567,0.427620,-0.710766,0.934913,0.294958,-0.049134,0.206014,-0.100667,0.035525,0.332421,0.196531,0.210201,-0.327270,0.855055,0.284612
0.081575,0.427597,-0.710986,0.934151,0.296301,-0.049022,0.206098,-0.099534,0.035488,0.333304,0.196548,0.210114,-0.328132,0.855545,0.284931
0.081543,0.427606,-0.710526,0.934439,0.297006,-0.049150,0.206148,-0.098759,0.034800,0.333145,0.196442,0.210117,-0.330043,0.854869,0.284436
0.081657,0.427729,-0.711635,0.934362,0.296799,-0.049040,0.205943,-0.101180,0.034373,0.334140,0.196489,0.210069,-0.329467,0.855099,0.284302
0.081541,0.427608,-0.710906,0.935258,0.296495,-0.049110,0.206152,-0.099288,0.034228,0.333944,0.196484,0.210073,-0.329168,0.855317,0.284169
0.081574,0.427602,-0.710636,0.934292,0.297341,-0.049025,0.205919,-0.100754,0.034213,0.334386,0.196466,0.210134,-0.329214,0.855317,0.284169
0.081620,0.427641,-0.711111,0.933855,0.296970,-0.049036,0.205985,-0.100865,0.035302,0.334558,0.196537,0.210206,-0.326527,0.855143,0.283994
0.081558,0.427676,-0.710908,0.933855,0.296970,-0.049136,0.206144,-0.099151,0.035302,0.334558,0.196382,0.210115,-0.329709,0.855143,0.283994
0.081592,0.427683,-0.711184,0.933855,0.296970,-0.049054,0.205956,-0.101270,0.034749,0.334915,0.196456,0.210086,-0.330107,0.855143,0.283994
0.082542,0.428087,-0.714175,0.933855,0.296970,-0.048406,0.206967,-0.103853,0.034740,0.335358,0.196532,0.210030,-0.327757,0.855143,0.283994
0.099569,0.430555,-0.715353,0.938148,0.287473,-0.026336,0.211087,-0.107773,0.033927,0.333545,0.212902,0.212554,-0.303871,0.852335,0.270151
0.122363,0.432914,-0.719171,0.938674,0.270152,-0.002003,0.213513,-0.108185,0.009050,0.370023,0.238945,0.215758,-0.294229,0.845559,0.310001
0.138130,0.433943,-0.729570,0.937419,0.263397,0.015812,0.215122,-0.111263,0.984333,0.358640,0.255301,0.216259,-0.278338,0.816387,0.478632
0.152096,0.436463,-0.733099,0.920908,0.278447,0.031618,0.216517,-0.114801,0.990943,0.314393,0.270695,0.218908,-0.271311,0.831013,0.259620
0.167155,0.438374,-0.739164,0.919837,0.274445,0.047537,0.217998,-0.112691,0.979334,0.316401,0.288137,0.220433,-0.264845,0.831013,0.259620
0.178500,0.440005,-0.735225,0.916477,0.277265,0.059744,0.220386,-0.109013,0.959275,0.324647,0.301926,0.222317,-0.259515,0.831013,0.259620
0.189211,0.441815,-0.744704,0.918667,0.270507,0.070472,0.220871,-0.112089,0.966243,0.294861,0.318416,0.223546,-0.254466,0.827045,0.264936
0.198360,0.443107,-0.754421,0.911496,0.278365,0.080466,0.221826,-0.114911,0.956995,0.298508,0.329883,0.225572,-0.259622,0.820013,0.261385
0.207190,0.444449,-0.761199,0.907979,0.283985,0.089322,0.222256,-0.117551,0.952510,0.291798,0.337055,0.226489,-0.252453,0.821234,0.279089
0.215476,0.445811,-0.771006,0.917905,0.265649,0.098335,0.221411,-0.121293,0.948736,0.286728,0.346693,0.227277,-0.252656,0.819510,0.289602
0.220819,0.445949,-0.780614,0.921720,0.258829,0.104237,0.220768,-0.118845,0.948540,0.277489,0.353471,0.228242,-0.245857,0.818049,0.266881
0.225250,0.445956,-0.788855,0.911339,0.274428,0.110635,0.220884,-0.131883,0.945062,0.274031,0.359510,0.227636,-0.245071,0.814976,0.260705
0.229778,0.446164,-0.798316,0.905627,0.279230,0.115605,0.221572,-0.138939,0.942478,0.269078,0.364452,0.227512,-0.249058,0.815000,0.271204
0.234806,0.446684,-0.802552,0.901545,0.281028,0.119870,0.221757,-0.141066,0.940528,0.269646,0.369815,0.227226,-0.254765,0.811209,0.270155
0.239594,0.446975,-0.812245,0.905148,0.274700,0.124679,0.222045,-0.145569,0.932326,0.275976,0.374359,0.226757,-0.257168,0.810384,0.265964
0.242916,0.447141,-0.817335,0.909209,0.268170,0.129177,0.221942,-0.147307,0.927296,0.278301,0.378070,0.226447,-0.259785,0.808501,0.264098
0.244687,0.447414,-0.818156,0.908054,0.270450,0.133174,0.222579,-0.163290,0.922510,0.281026,0.381854,0.226020,-0.261744,0.805698,0.259711
0.245310,0.447140,-0.820865,0.904181,0.276170,0.136131,0.222201,-0.157437,0.922550,0.281288,0.384360,0.225736,-0.265324,0.808212,0.264727
0.246285,0.446794,-0.825124,0.901485,0.280376,0.139413,0.221979,-0.166329,0.921491,0.277453,0.387049,0.225339,-0.266265,0.804557,0.263615
0.247910,0.445951,-0.832019,0.900304,0.283549,0.141572,0.221874,-0.167319,0.922056,0.271371,0.389804,0.224872,-0.266186,0.802941,0.258608
0.249666,0.445408,-0.840811,0.899219,0.286396,0.143424,0.221825,-0.167412,0.926819,0.260286,0.390910,0.224706,-0.269684,0.802885,0.256488
0.251117,0.444947,-0.849328,0.899413,0.286088,0.145124,0.222308,-0.178253,0.927502,0.259149,0.390826,0.224751,-0.268686,0.802563,0.257042
0.252883,0.444251,-0.857781,0.898984,0.288061,0.146601,0.222503,-0.177706,0.928525,0.260324,0.390855,0.224741,-0.268536,0.802563,0.257042
0.253982,0.443989,-0.861933,0.897021,0.286788,0.147176,0.223104,-0.185515,0.927529,0.261099,0.391282,0.224579,-0.268035,0.802313,0.255634
0.256000,0.443431,-0.870190,0.896726,0.284539,0.147889,0.223257,-0.189889,0.928619,0.262020,0.391716,0.224182,-0.264599,0.803198,0.257677
0.258336,0.443448,-0.878719,0.900490,0.274929,0.147427,0.223393,-0.186783,0.929217,0.260976,0.391710,0.224281,-0.265538,0.802374,0.257725
0.259756,0.443324,-0.882802,0.901485,0.268272,0.147444,0.223353,-0.186245,0.929291,0.260091,0.391797,0.224189,-0.265748,0.802374,0.257725
0.259756,0.443317,-0.882517,0.901423,0.268300,0.147564,0.223319,-0.187159,0.929062,0.259721,0.391890,0.224169,-0.266463,0.803135,0.257908
0.259783,0.443356,-0.881349,0.901019,0.268830,0.148630,0.223664,-0.190381,0.927460,0.262000,0.391789,0.224200,-0.265803,0.803135,0.257908
0.259726,0.443297,-0.882177,0.901113,0.269532,0.148859,0.223646,-0.191095,0.926821,0.265269,0.391861,0.224189,-0.266517,0.803640,0.258933
0.259782,0.443369,-0.882717,0.901428,0.269477,0.148790,0.223659,-0.192684,0.926751,0.264595,0.391823,0.224254,-0.266455,0.802811,0.258983
0.259727,0.443309,-0.882295,0.902239,0.269588,0.148857,0.223610,-0.192200,0.927271,0.264442,0.391819,0.224189,-0.265624,0.803640,0.258933
0.259771,0.443336,-0.882840,0.901724,0.269915,0.148802,0.223656,-0.192925,0.927421,0.264168,0.391780,0.224231,-0.265402,0.804462,0.258883
0.259773,0.443305,-0.882779,0.900413,0.269636,0.148836,0.223669,-0.191147,0.926900,0.264321,0.391846,0.224208,-0.266511,0.804462,0.258883
0.259771,0.443338,-0.882635,0.900711,0.270075,0.148821,0.223673,-0.192441,0.927789,0.264289,0.391821,0.224257,-0.266439,0.803640,0.258933
0.259778,0.443288,-0.882397,0.901724,0.269915,0.148891,0.223599,-0.191169,0.927121,0.264716,0.391867,0.224180,-0.266230,0.802877,0.258747
0.259768,0.443308,-0.882653,0.900413,0.269636,0.148810,0.223653,-0.193053,0.926577,0.266328,0.391836,0.224235,-0.266467,0.802877,0.258747
0.259810,0.443277,-0.882986,0.900912,0.269802,0.148842,0.223665,-0.191106,0.926887,0.265948,0.391804,0.224151,-0.265430,0.802877,0.258747
0.259758,0.443324,-0.882272,0.901724,0.269915,0.148853,0.223699,-0.190920,0.926127,0.267172,0.391802,0.224210,-0.265740,0.802877,0.258747
0.259774,0.443316,-0.882569,0.900912,0.269802,0.148824,0.223684,-0.191034,0.925976,0.267455,0.391807,0.224199,-0.265662,0.802877,0.258747
0.259744,0.443356,-0.882740,0.900711,0.270075,0.148822,0.223633,-0.192607,0.926435,0.266790,0.391835,0.224251,-0.266283,0.802877,0.258747
0.259752,0.443322,-0.882496,0.901022,0.270019,0.148817,0.223714,-0.191596,0.926285,0.267073,0.391832,0.224250,-0.266095,0.802877,0.258747
0.259749,0.443318,-0.882517,0.900211,0.269907,0.148835,0.223686,-0.191036,0.925675,0.268024,0.391846,0.224238,-0.266523,0.803320,0.259577
0.259793,0.443315,-0.882567,0.901022,0.270019,0.148831,0.223715,-0.190847,0.926134,0.267357,0.391752,0.224207,-0.266595,0.803320,0.259577
0.259749,0.443241,-0.882140,0.901022,0.270019,0.148850,0.223613,-0.192939,0.925524,0.268310,0.391896,0.224171,-0.266357,0.802942,0.258513
0.259964,0.438198,-0.894481,0.901516,0.268995,0.150976,0.219470,-0.178017,0.922937,0.271615,0.393611,0.219676,-0.258459,0.802942,0.258513
0.260845,0.413166,-0.926031,0.895009,0.286719,0.155959,0.190139,-0.153595,0.911160,0.289543,0.402140,0.187910,-0.252008,0.798068,0.265757
0.263055,0.388454,-0.926594,0.899815,0.285533,0.158913,0.162895,-0.166274,0.914715,0.251483,0.407181,0.157569,-0.260584,0.788037,0.260403
0.265137,0.358076,-0.919104,0.897719,0.279495,0.159155,0.133653,-0.170074,0.886733,0.291282,0.410591,0.126782,-0.265339,0.788037,0.260403
0.268133,0.324759,-0.908500,0.898344,0.278713,0.160884,0.102252,-0.169066,0.873162,0.282962,0.414594,0.093076,-0.269395,0.765174,0.259176
0.269734,0.296599,-0.902984,0.881276,0.299839,0.162086,0.077390,-0.167686,0.850997,0.273249,0.417152,0.064701,-0.267572,0.765174,0.259176
0.272592,0.267421,-0.897739,0.893606,0.270931,0.162950,0.047570,-0.170968,0.831857,0.276285,0.419171,0.033745,-0.270533,0.745641,0.229947
0.274501,0.237098,-0.883713,0.865258,0.302584,0.163706,0.017808,-0.162610,0.806963,0.264311,0.421192,0.002444,-0.273598,0.745641,0.229947
0.277253,0.207309,-0.877959,0.871064,0.280421,0.165076,-0.009366,-0.171826,0.786514,0.254795,0.424368,-0.027900,-0.279021,0.730763,0.217153
0.278206,0.167634,-0.867274,0.861047,0.269208,0.165211,-0.044184,-0.172174,0.745377,0.243480,0.426054,-0.068704,-0.280493,0.684939,0.210648
0.279320,0.147405,-0.864512,0.837611,0.298838,0.164796,-0.062992,-0.170045,0.725534,0.255334,0.426400,-0.090564,-0.280934,0.684939,0.210648
0.280475,0.117782,-0.861586,0.822355,0.279344,0.165775,-0.091256,-0.177287,0.695189,0.277015,0.428613,-0.121279,-0.287133,0.638268,0.230068
0.280761,0.088068,-0.847597,0.816338,0.301354,0.167073,-0.120402,-0.180116,0.678904,0.287105,0.430588,-0.151490,-0.294058,0.638268,0.230068
0.282159,0.055351,-0.846453,0.801029,0.289810,0.166981,-0.151739,-0.176535,0.671385,0.264014,0.431061,-0.185422,-0.299501,0.598552,0.223037
0.283062,0.028663,-0.836445,0.788705,0.294781,0.168166,-0.178816,-0.178406,0.664139,0.250602,0.432064,-0.212917,-0.303064,0.598552,0.223037
0.283776,-0.000408,-0.829455,0.778754,0.281180,0.168158,-0.209549,-0.179737,0.630007,0.275203,0.433344,-0.243284,-0.311995,0.588004,0.244752
0.284915,-0.030255,-0.824926,0.759868,0.302101,0.167456,-0.238773,-0.189948,0.630007,0.275203,0.434827,-0.273156,-0.321618,0.584223,0.229959
0.285030,-0.060103,-0.812608,0.742295,0.303898,0.167063,-0.269027,-0.183482,0.636706,0.242412,0.435862,-0.303080,-0.325740,0.584223,0.229959
0.284495,-0.089034,-0.802976,0.726027,0.292844,0.167460,-0.298546,-0.185894,0.619132,0.266664,0.435970,-0.333280,-0.334369,0.582120,0.259289
0.285593,-0.117128,-0.803787,0.718822,0.284958,0.167619,-0.326727,-0.187903,0.616162,0.249666,0.435558,-0.362209,-0.335366,0.561842,0.231158
0.285845,-0.141738,-0.791245,0.710275,0.293213,0.168269,-0.351292,-0.187779,0.608350,0.251866,0.436176,-0.386339,-0.339211,0.561842,0.231158
0.286167,-0.163076,-0.776037,0.696650,0.307398,0.168567,-0.371962,-0.187447,0.604481,0.252050,0.435280,-0.406956,-0.336796,0.570221,0.232434
0.286675,-0.182123,-0.769344,0.702006,0.274371,0.167998,-0.392090,-0.188978,0.597456,0.256365,0.434303,-0.426096,-0.338167,0.564095,0.219095
0.287932,-0.198134,-0.765555,0.694580,0.299912,0.166559,-0.409688,-0.185864,0.603826,0.246171,0.433287,-0.443319,-0.341292,0.564095,0.219095
0.289227,-0.212887,-0.762147,0.695760,0.270384,0.166738,-0.424320,-0.195376,0.588168,0.261728,0.432856,-0.458403,-0.340156,0.562597,0.217823
0.289941,-0.225718,-0.757322,0.697188,0.261693,0.168422,-0.438482,-0.199051,0.609568,0.241789,0.432517,-0.470404,-0.342437,0.562597,0.217823
0.289727,-0.238751,-0.750136,0.695065,0.264567,0.168912,-0.453470,-0.203532,0.587216,0.260821,0.432075,-0.483953,-0.344548,0.566585,0.230248
0.287316,-0.246535,-0.752698,0.695649,0.261787,0.166022,-0.462898,-0.204346,0.581528,0.270211,0.428402,-0.492753,-0.351062,0.566585,0.230248
0.266110,-0.255244,-0.747247,0.686241,0.274630,0.142394,-0.471194,-0.222559,0.581528,0.270211,0.401538,-0.502134,-0.394779,0.565390,0.247537
0.236653,-0.262469,-0.742707,0.693324,0.244357,0.111411,-0.481157,-0.221115,0.564483,0.276683,0.368028,-0.512396,-0.390725,0.562836,0.236950
0.206273,-0.269917,-0.744590,0.693324,0.244357,0.081471,-0.491374,-0.219117,0.564483,0.276683,0.335842,-0.522661,-0.380874,0.560385,0.232072
0.176491,-0.277216,-0.746381,0.681437,0.267518,0.052433,-0.500487,-0.214733,0.552267,0.277481,0.303848,-0.531703,-0.387069,0.560537,0.238968
0.146602,-0.285177,-0.740847,0.665881,0.258739,0.021998,-0.508066,-0.212195,0.542440,0.287085,0.273068,-0.538113,-0.389634,0.550981,0.224031
0.117054,-0.291287,-0.736236,0.665881,0.258739,-0.008797,-0.515085,-0.208117,0.535228,0.287875,0.241422,-0.544405,-0.391391,0.552827,0.245447
0.087289,-0.296898,-0.731735,0.615199,0.320323,-0.037872,-0.522012,-0.210137,0.504419,0.263461,0.209774,-0.550189,-0.396598,0.555601,0.268983
0.057548,-0.301517,-0.727995,0.615199,0.320323,-0.067023,-0.528702,-0.193725,0.504419,0.263461,0.178340,-0.554578,-0.399980,0.552520,0.271371
0.027830,-0.305692,-0.728137,0.602775,0.302385,-0.097555,-0.532875,-0.204931,0.484661,0.256330,0.147734,-0.560054,-0.395929,0.547292,0.270547
-0.001603,-0.309242,-0.726420,0.572436,0.303516,-0.128348,-0.538754,-0.191879,0.484661,0.256330,0.117679,-0.564759,-0.396054,0.543686,0.278339
-0.030608,-0.312846,-0.718384,0.572436,0.303516,-0.158695,-0.541207,-0.187061,0.453148,0.246503,0.086928,-0.568118,-0.398031,0.544005,0.285952
-0.060326,-0.316519,-0.717101,0.552394,0.297483,-0.187934,-0.544339,-0.195283,0.453148,0.246503,0.056031,-0.571126,-0.401294,0.543196,0.297444
-0.088827,-0.319788,-0.706174,0.523674,0.276112,-0.217972,-0.547343,-0.200555,0.432037,0.238641,0.025115,-0.573783,-0.400100,0.531878,0.289054
-0.117586,-0.322558,-0.704017,0.523674,0.276112,-0.246574,-0.551650,-0.189821,0.432037,0.238641,-0.005647,-0.576575,-0.404133,0.519396,0.262347
-0.147192,-0.324711,-0.708621,0.505806,0.269343,-0.276493,-0.552511,-0.186003,0.421327,0.249282,-0.035136,-0.578221,-0.399673,0.504358,0.259854
-0.177266,-0.325263,-0.706397,0.494718,0.257394,-0.306022,-0.555973,-0.162226,0.410493,0.238959,-0.064407,-0.580211,-0.403818,0.502195,0.259186
-0.207359,-0.326286,-0.702495,0.475241,0.265002,-0.335294,-0.559441,-0.156624,0.398052,0.236210,-0.094807,-0.582722,-0.399552,0.494702,0.253391
-0.236352,-0.328353,-0.693072,0.456878,0.249779,-0.364612,-0.559734,-0.154034,0.389979,0.249828,-0.124751,-0.582904,-0.398778,0.485228,0.264877
-0.264056,-0.330584,-0.699336,0.435548,0.249942,-0.392755,-0.559340,-0.176976,0.381042,0.251968,-0.154116,-0.584770,-0.412152,0.483897,0.254491
-0.288379,-0.331784,-0.695591,0.430261,0.243777,-0.415290,-0.559881,-0.176516,0.361072,0.255391,-0.178150,-0.583840,-0.411117,0.471467,0.261206
-0.309272,-0.333867,-0.691287,0.411731,0.235440,-0.437825,-0.562715,-0.147993,0.356344,0.265895,-0.198599,-0.584255,-0.403770,0.463925,0.256634
-0.327805,-0.335900,-0.679544,0.403943,0.232955,-0.456715,-0.562437,-0.171499,0.354717,0.268704,-0.216982,-0.585615,-0.401532,0.462701,0.247443
-0.343910,-0.338287,-0.669690,0.393499,0.223439,-0.473303,-0.563201,-0.174650,0.344727,0.265344,-0.232780,-0.586223,-0.407488,0.464624,0.259220
-0.358739,-0.339439,-0.661018,0.384929,0.216116,-0.488306,-0.562820,-0.183114,0.338295,0.264502,-0.247179,-0.585567,-0.402793,0.458806,0.262742
-0.370250,-0.341159,-0.649738,0.377700,0.224618,-0.501655,-0.565279,-0.173382,0.329715,0.257323,-0.260468,-0.585346,-0.404178,0.455651,0.255645
-0.381461,-0.343815,-0.642418,0.375163,0.227283,-0.514576,-0.565045,-0.174128,0.313369,0.262994,-0.272254,-0.584688,-0.407964,0.446498,0.246583
-0.390839,-0.346489,-0.637318,0.375781,0.228204,-0.524941,-0.567765,-0.147883,0.311158,0.261955,-0.282693,-0.584106,-0.403406,0.445059,0.244831
-0.398482,-0.347615,-0.623689,0.364279,0.226830,-0.534815,-0.567466,-0.169581,0.304140,0.268026,-0.290940,-0.583324,-0.410275,0.437077,0.248653
-0.405483,-0.348796,-0.606501,0.357628,0.222715,-0.544432,-0.569411,-0.137180,0.300823,0.265931,-0.298211,-0.582207,-0.407991,0.440221,0.248363
-0.411353,-0.349068,-0.593452,0.358197,0.216310,-0.550808,-0.567446,-0.163432,0.294649,0.255180,-0.305940,-0.581921,-0.406449,0.440030,0.250603
-0.416921,-0.351057,-0.578961,0.358233,0.216047,-0.557421,-0.567772,-0.149038,0.293364,0.251862,-0.312231,-0.580874,-0.404710,0.435850,0.251160
-0.420960,-0.350955,-0.570617,0.357834,0.223718,-0.563033,-0.567998,-0.142692,0.293626,0.253714,-0.317253,-0.579813,-0.402732,0.432746,0.248927
-0.425897,-0.352087,-0.558102,0.354000,0.225976,-0.568469,-0.567165,-0.147507,0.293316,0.256284,-0.321640,-0.578968,-0.399168,0.433892,0.249716
-0.430681,-0.352609,-0.546528,0.354421,0.226371,-0.572841,-0.566364,-0.141630,0.295840,0.255777,-0.326132,-0.578104,-0.399000,0.434422,0.251696
-0.435460,-0.353662,-0.532181,0.353043,0.227656,-0.577793,-0.567216,-0.135701,0.294688,0.254055,-0.329571,-0.576829,-0.395463,0.431533,0.251805
-0.437669,-0.350131,-0.523440,0.353973,0.231386,-0.582440,-0.562902,-0.128791,0.286845,0.250176,-0.334831,-0.568940,-0.413623,0.430116,0.252683
-0.439475,-0.326132,-0.501558,0.394332,0.272766,-0.585988,-0.534655,-0.166550,0.280818,0.248462,-0.343168,-0.535547,-0.403006,0.432238,0.255710
-0.442471,-0.296859,-0.514481,0.345605,0.233469,-0.589657,-0.504255,-0.146201,0.275301,0.251837,-0.350353,-0.500138,-0.396472,0.426410,0.253222
-0.446727,-0.265205,-0.526304,0.334128,0.226402,-0.593555,-0.475922,-0.150903,0.272691,0.254295,-0.356114,-0.470076,-0.391672,0.422838,0.253586
-0.450791,-0.233762,-0.528861,0.324836,0.224291,-0.597531,-0.450620,-0.133392,0.268004,0.254443,-0.362289,-0.441727,-0.381407,0.423284,0.267628
-0.455653,-0.203396,-0.534272,0.299352,0.212949,-0.599041,-0.421213,-0.125565,0.363552,0.361267,-0.368941,-0.410980,-0.360480,0.425833,0.275316
-0.459182,-0.173861,-0.546228,0.275927,0.214431,-0.600699,-0.394350,-0.116270,0.258047,0.269614,-0.373125,-0.379240,-0.359857,0.420428,0.273433
-0.462370,-0.143753,-0.550585,0.266892,0.209410,-0.600966,-0.365312,-0.116577,0.254265,0.257423,-0.376095,-0.349210,-0.349128,0.411250,0.273903
-0.464112,-0.114184,-0.567724,0.260199,0.208614,-0.602630,-0.335987,-0.138433,0.250588,0.248008,-0.378901,-0.319507,-0.342050,0.393408,0.269482
-0.465464,-0.086763,-0.577206,0.243799,0.207545,-0.603991,-0.309813,-0.136145,0.254165,0.258079,-0.381917,-0.291862,-0.338843,0.265105,0.410733
-0.467308,-0.062332,-0.579894,0.230633,0.214573,-0.604398,-0.286812,-0.142579,0.260061,0.251852,-0.383551,-0.268347,-0.329507,0.378401,0.284124
-0.469941,-0.041414,-0.589124,0.231364,0.208512,-0.606868,-0.264870,-0.149315,0.243413,0.266771,-0.383969,-0.249225,-0.324374,0.382176,0.280257
-0.471722,-0.022822,-0.600541,0.213003,0.226504,-0.607288,-0.247072,-0.143849,0.246196,0.260374,-0.384890,-0.231276,-0.324338,0.364413,0.283777
-0.474358,-0.006653,-0.608691,0.212504,0.225467,-0.608349,-0.231126,-0.147842,0.243473,0.259088,-0.385348,-0.211955,-0.318718,0.364413,0.283777
-0.476377,0.006356,-0.619830,0.201333,0.231016,-0.609726,-0.216561,-0.144225,0.244323,0.260171,-0.385468,-0.194311,-0.309166,0.364413,0.283777
-0.477678,0.018958,-0.622705,0.198912,0.226262,-0.609811,-0.203179,-0.142517,0.249840,0.260799,-0.386695,-0.176977,-0.308771,0.348548,0.275642
-0.477870,0.030892,-0.628538,0.186241,0.234398,-0.610063,-0.191125,-0.137335,0.235299,0.254069,-0.384764,-0.167814,-0.294496,0.341968,0.269171
-0.478319,0.040767,-0.635283,0.181603,0.237912,-0.610725,-0.180182,-0.140358,0.232481,0.255589,-0.384724,-0.157788,-0.295366,0.333855,0.272613
-0.479316,0.049649,-0.651251,0.184862,0.237841,-0.611679,-0.170898,-0.139437,0.231474,0.265884,-0.384578,-0.149374,-0.293701,0.337535,0.270513
-0.479524,0.058366,-0.660033,0.178403,0.236990,-0.611866,-0.162194,-0.134857,0.229354,0.264626,-0.384531,-0.141596,-0.288709,0.335453,0.270930
-0.479454,0.065145,-0.665998,0.169701,0.239613,-0.611955,-0.154032,-0.132329,0.230146,0.261704,-0.383535,-0.135027,-0.283224,0.317399,0.280759
-0.479438,0.071681,-0.677922,0.161786,0.239206,-0.612683,-0.147918,-0.129875,0.231517,0.259327,-0.382777,-0.129307,-0.277337,0.315123,0.281969
-0.480128,0.076637,-0.689285,0.160823,0.238513,-0.612744,-0.141487,-0.127493,0.228266,0.260967,-0.382431,-0.123994,-0.271568,0.314722,0.271663
-0.480623,0.080841,-0.697371,0.156595,0.234102,-0.613914,-0.135292,-0.128756,0.226257,0.259636,-0.383365,-0.118959,-0.262681,0.315247,0.267168
-0.480625,0.083941,-0.704192,0.157051,0.236312,-0.613907,-0.130516,-0.129665,0.228414,0.260113,-0.383277,-0.115046,-0.254155,0.313439,0.266160
-0.010480,0.188092,-0.378659,0.983186,0.370454,-0.167254,-0.025067,-2.364457,0.235045,0.330535,0.092420,-0.129013,-0.048977,0.575805,0.289047
-0.010457,0.188084,-0.379227,0.983186,0.370454,-0.167196,-0.025162,-2.365478,0.235045,0.330535,0.092395,-0.128984,-0.049091,0.575805,0.289047
-0.010587,0.187877,-0.378302,0.983325,0.371167,-0.166718,-0.026551,-2.356121,0.235390,0.331887,0.092954,-0.126996,-0.044692,0.576316,0.289628
-0.010640,0.187832,-0.376889,0.983479,0.370871,-0.164403,-0.030005,-2.346970,0.235662,0.330110,0.094833,-0.121946,-0.040502,0.579505,0.295388
-0.010648,0.187819,-0.377188,0.983186,0.370454,-0.163763,-0.032291,-2.326195,0.233842,0.324016,0.096351,-0.117239,-0.032181,0.584971,0.307277
-0.010638,0.187815,-0.376838,0.983186,0.370454,-0.162811,-0.034434,-2.317550,0.233842,0.324016,0.097382,-0.113818,-0.027579,0.585744,0.305610
-0.010668,0.187825,-0.376630,0.983186,0.370454,-0.160935,-0.037229,-2.330995,0.238456,0.328847,0.098633,-0.110068,-0.022517,0.587961,0.315037
-0.010717,0.187822,-0.376685,0.983186,0.370454,-0.159805,-0.039452,-2.324714,0.238456,0.328847,0.099904,-0.106635,-0.015512,0.587692,0.314443
-0.010689,0.187822,-0.376154,0.983062,0.370261,-0.157823,-0.041077,-2.327762,0.239795,0.324945,0.101015,-0.104576,-0.013975,0.585239,0.311044
-0.010650,0.187792,-0.376803,0.983186,0.370454,-0.157221,-0.042913,-2.325855,0.241222,0.324881,0.101820,-0.102025,-0.012348,0.585269,0.310165
-0.010677,0.187858,-0.376244,0.983186,0.370454,-0.156053,-0.043987,-2.316061,0.240666,0.324252,0.102538,-0.099606,-0.011588,0.587986,0.307618
-0.010671,0.187838,-0.376305,0.983062,0.370261,-0.154661,-0.045030,-2.306466,0.241469,0.323585,0.103669,-0.098580,-0.010628,0.589476,0.305820
-0.010718,0.187877,-0.375718,0.983464,0.371117,-0.153037,-0.046748,-2.277387,0.242882,0.323191,0.104592,-0.097775,-0.014077,0.590883,0.305822
-0.010691,0.187801,-0.376787,0.983464,0.371117,-0.151698,-0.047254,-2.283142,0.245709,0.325381,0.104702,-0.097727,-0.015230,0.590801,0.306160
-0.010659,0.187841,-0.376298,0.983464,0.371117,-0.150801,-0.048434,-2.260792,0.246873,0.327650,0.104673,-0.097695,-0.015200,0.590108,0.305833
-0.010733,0.187865,-0.376285,0.983464,0.371117,-0.150542,-0.048418,-2.274757,0.247020,0.327372,0.104799,-0.097399,-0.015057,0.591665,0.306557
-0.010646,0.187779,-0.376321,0.983464,0.371117,-0.149484,-0.049383,-2.271200,0.247282,0.325721,0.104848,-0.097456,-0.017600,0.591201,0.306261
-0.010676,0.187859,-0.375499,0.983340,0.370924,-0.148910,-0.050102,-2.262701,0.247663,0.323675,0.104868,-0.097502,-0.016748,0.591891,0.307140
-0.010655,0.187775,-0.377041,0.983340,0.370924,-0.148006,-0.050397,-2.251657,0.249478,0.323568,0.105023,-0.097537,-0.016712,0.590500,0.305935
-0.010675,0.187816,-0.375211,0.983340,0.370924,-0.148216,-0.050553,-2.253475,0.252014,0.325953,0.104803,-0.097466,-0.017205,0.590500,0.305935
-0.010655,0.187839,-0.377007,0.983340,0.370924,-0.148369,-0.050408,-2.255532,0.252050,0.326515,0.104953,-0.097534,-0.017287,0.590500,0.305935
-0.010659,0.187771,-0.376806,0.983340,0.370924,-0.147987,-0.050555,-2.252544,0.251603,0.326183,0.104869,-0.097491,-0.016103,0.591178,0.306813
-0.010695,0.187834,-0.376392,0.983340,0.370924,-0.148338,-0.050502,-2.256227,0.252014,0.325953,0.104915,-0.097510,-0.017915,0.591178,0.306813
-0.010730,0.187826,-0.376508,0.983340,0.370924,-0.148322,-0.050479,-2.257011,0.251568,0.325622,0.104843,-0.097471,-0.016922,0.591178,0.306813
-0.010672,0.187855,-0.376733,0.983464,0.371117,-0.148355,-0.050405,-2.255319,0.251568,0.325622,0.104914,-0.097511,-0.017499,0.591178,0.306813
-0.010668,0.187857,-0.377672,0.983340,0.370924,-0.148269,-0.050517,-2.256889,0.251914,0.327218,0.104748,-0.097430,-0.017682,0.591178,0.306813
-0.010628,0.187804,-0.376630,0.983464,0.371117,-0.148308,-0.050629,-2.256082,0.251474,0.326886,0.104934,-0.097474,-0.016992,0.591178,0.306813
-0.010724,0.187844,-0.376521,0.983464,0.371117,-0.148314,-0.050549,-2.257697,0.251978,0.325394,0.104849,-0.097439,-0.017222,0.591178,0.306813
-0.010649,0.187825,-0.377907,0.983340,0.370924,-0.148298,-0.050585,-2.257605,0.251534,0.325063,0.104946,-0.097492,-0.017282,0.590026,0.306205
-0.010668,0.187871,-0.376725,0.983340,0.370924,-0.147945,-0.050498,-2.252648,0.252327,0.326989,0.104846,-0.097442,-0.017411,0.590026,0.306205
-0.010709,0.187858,-0.376852,0.983340,0.370924,-0.148322,-0.050564,-2.257928,0.251880,0.326657,0.104913,-0.097484,-0.016921,0.590026,0.306205
-0.010700,0.187835,-0.376401,0.983464,0.371117,-0.148281,-0.050614,-2.257313,0.251880,0.326657,0.104909,-0.097455,-0.017313,0.590026,0.306205
-0.010682,0.187905,-0.376805,0.983340,0.370924,-0.148325,-0.050497,-2.257268,0.251880,0.326657,0.104884,-0.097467,-0.017536,0.590026,0.306205
-0.010671,0.187907,-0.377192,0.983340,0.370924,-0.148378,-0.050531,-2.258936,0.252292,0.326429,0.104914,-0.097482,-0.017540,0.590026,0.306205
-0.010639,0.187852,-0.375267,0.983340,0.370924,-0.148327,-0.050586,-2.256658,0.251441,0.326325,0.104793,-0.097501,-0.017025,0.590026,0.306205
-0.010689,0.187774,-0.375989,0.983464,0.371117,-0.148631,-0.050413,-2.255508,0.251441,0.326325,0.104794,-0.097503,-0.014796,0.590896,0.306042
-0.010677,0.187825,-0.376097,0.983209,0.370732,-0.148184,-0.050623,-2.253773,0.251408,0.325766,0.104818,-0.097462,-0.017236,0.590896,0.306042
-0.010687,0.187854,-0.376162,0.983340,0.370924,-0.148115,-0.051015,-2.236354,0.252292,0.326429,0.105021,-0.097566,-0.014839,0.590896,0.306042
-0.010698,0.187790,-0.377312,0.983340,0.370924,-0.148358,-0.050572,-2.257264,0.251960,0.325335,0.104828,-0.097441,-0.017097,0.590697,0.307079
-0.010651,0.187926,-0.377316,0.983340,0.370924,-0.148321,-0.050608,-2.257868,0.251846,0.326098,0.104882,-0.097471,-0.017541,0.590026,0.306205
-0.010676,0.187805,-0.376801,0.983340,0.370924,-0.147939,-0.050543,-2.252862,0.251846,0.326098,0.104782,-0.097423,-0.017154,0.590896,0.306042
-0.010725,0.187836,-0.376518,0.983340,0.370924,-0.147940,-0.050624,-2.253243,0.252292,0.326429,0.104942,-0.097480,-0.016951,0.590697,0.307079
-0.010712,0.187803,-0.376710,0.983340,0.370924,-0.148313,-0.050505,-2.257289,0.252195,0.327694,0.104845,-0.097463,-0.017201,0.590896,0.306042
-0.010646,0.187790,-0.376777,0.983340,0.370924,-0.147985,-0.050365,-2.250722,0.251408,0.325766,0.104989,-0.097489,-0.016536,0.590697,0.307079
-0.010737,0.187798,-0.376985,0.983340,0.370924,-0.148321,-0.050580,-2.257721,0.252195,0.327694,0.104885,-0.097457,-0.017764,0.590026,0.306205
-0.010659,0.187866,-0.377324,0.983340,0.370924,-0.148292,-0.050511,-2.257660,0.252195,0.327694,0.105006,-0.097579,-0.014784,0.590697,0.307079
-0.010709,0.187869,-0.377198,0.983340,0.370924,-0.148350,-0.050573,-2.257031,0.252195,0.327694,0.104835,-0.097460,-0.017311,0.590896,0.306042
-0.010697,0.187812,-0.377155,0.983340,0.370924,-0.148334,-0.050514,-2.256017,0.252195,0.327694,0.104943,-0.097499,-0.016401,0.590896,0.306042
-0.010727,0.187850,-0.376980,0.983340,0.370924,-0.148321,-0.050572,-2.257570,0.252129,0.326577,0.104897,-0.097466,-0.016599,0.590697,0.307079
-0.010695,0.187830,-0.376343,0.983340,0.370924,-0.148013,-0.051201,-2.239260,0.251691,0.326246,0.104886,-0.097458,-0.017497,0.590697,0.307079
-0.010732,0.187861,-0.376997,0.983340,0.370924,-0.148297,-0.050568,-2.257554,0.252273,0.326372,0.104869,-0.097433,-0.017060,0.590697,0.307079
-0.010697,0.187808,-0.376183,0.983340,0.370924,-0.148118,-0.050488,-2.257899,0.252195,0.327694,0.105021,-0.097529,-0.016589,0.590697,0.307079
-0.010722,0.187790,-0.377174,0.983209,0.370732,-0.148319,-0.050559,-2.257434,0.252162,0.327135,0.104901,-0.097415,-0.017180,0.590697,0.307079
-0.010644,0.187887,-0.377622,0.983340,0.370924,-0.148296,-0.050640,-2.257365,0.252273,0.326372,0.104911,-0.097475,-0.017403,0.590697,0.307079
-0.010719,0.187825,-0.376721,0.983340,0.370924,-0.148315,-0.050566,-2.257814,0.251813,0.325540,0.104936,-0.097437,-0.016981,0.590697,0.307079
-0.010687,0.187838,-0.376576,0.983209,0.370732,-0.147931,-0.050519,-2.252710,0.251813,0.325540,0.104919,-0.097452,-0.017090,0.590697,0.307079
-0.010648,0.187824,-0.376738,0.983340,0.370924,-0.148325,-0.050479,-2.257042,0.251813,0.325540,0.104889,-0.097500,-0.017298,0.591358,0.306328
-0.010674,0.187767,-0.376685,0.983209,0.370732,-0.148250,-0.050462,-2.255989,0.251813,0.325540,0.104931,-0.097466,-0.017544,0.590697,0.307079
-0.010703,0.187848,-0.376576,0.983209,0.370732,-0.148494,-0.050582,-2.259426,0.251813,0.325540,0.104931,-0.097448,-0.017163,0.590697,0.307079
-0.010681,0.187789,-0.377199,0.983340,0.370924,-0.148316,-0.050604,-2.257571,0.251813,0.325540,0.104814,-0.097449,-0.017549,0.590697,0.307079
-0.010708,0.187874,-0.375327,0.984148,0.370422,-0.150459,-0.056638,-2.248676,0.251813,0.325540,0.105473,-0.093158,-0.010036,0.592101,0.313758
-0.010471,0.188331,-0.377806,0.983403,0.369917,-0.162745,-0.073765,-2.263775,0.255307,0.328836,0.108624,-0.081768,0.011241,0.592607,0.320645
-0.010518,0.188370,-0.377432,0.983371,0.370428,-0.170587,-0.085971,-2.273837,0.265195,0.332748,0.111347,-0.074096,0.024156,0.603177,0.334491
-0.010518,0.188448,-0.377101,0.983509,0.370367,-0.177453,-0.097483,-2.288232,0.271286,0.318517,0.113710,-0.067348,0.025751,0.612315,0.343946
-0.010545,0.188222,-0.379810,0.983509,0.370367,-0.183147,-0.108109,-2.291830,0.285012,0.323610,0.116508,-0.058959,0.035315,0.615741,0.353922
-0.010484,0.188573,-0.378984,0.983387,0.370175,-0.187058,-0.117538,-2.294581,0.288668,0.318907,0.118811,-0.052044,0.041957,0.621650,0.326695
-0.010532,0.188613,-0.377493,0.983387,0.370175,-0.190808,-0.127317,-2.302179,0.297372,0.332801,0.120583,-0.048802,0.047078,0.635868,0.324902
-0.010465,0.188556,-0.379155,0.983387,0.370175,-0.194904,-0.136524,-2.302666,0.312448,0.311003,0.121569,-0.046045,0.041211,0.643477,0.318474
-0.010502,0.188558,-0.379895,0.983387,0.370175,-0.197019,-0.144204,-2.298335,0.313060,0.208321,0.123222,-0.042322,0.050004,0.648492,0.310870
-0.010480,0.188486,-0.379809,0.983509,0.370367,-0.199303,-0.152335,-2.309705,0.319448,0.304039,0.125736,-0.036127,0.049221,0.671867,0.307312
-0.010503,0.188514,-0.379910,0.983509,0.370367,-0.200935,-0.160594,-2.309865,0.321057,0.288495,0.127526,-0.030506,0.052748,0.687504,0.305463
-0.010538,0.188333,-0.382610,0.983111,0.369516,-0.201481,-0.167952,-2.321489,0.322603,0.284998,0.129727,-0.026202,0.050645,0.702236,0.307165
-0.010536,0.188534,-0.380089,0.983234,0.369708,-0.202128,-0.173790,-2.315754,0.326720,0.289762,0.130321,-0.024516,0.045039,0.709981,0.304786
-0.010459,0.188328,-0.382202,0.983234,0.369708,-0.202476,-0.179094,-2.315736,0.328084,0.288351,0.130516,-0.024434,0.035542,0.711273,0.304880
-0.010437,0.188408,-0.382434,0.983387,0.370175,-0.202261,-0.184422,-2.316455,0.328501,0.282358,0.130439,-0.024486,0.034409,0.711552,0.304533
-0.010470,0.188364,-0.382344,0.983234,0.369708,-0.201542,-0.189766,-2.301843,0.335761,0.274614,0.130333,-0.023138,0.040537,0.715008,0.305437
-0.010453,0.188364,-0.381969,0.983242,0.370236,-0.200995,-0.193963,-2.328976,0.343560,0.270849,0.131559,-0.019915,0.037059,0.716606,0.301028
-0.010463,0.188563,-0.380102,0.983371,0.370428,-0.200835,-0.197005,-2.328432,0.352289,0.270709,0.132987,-0.016880,0.046729,0.722560,0.297099
-0.010426,0.188375,-0.381886,0.983371,0.370428,-0.198980,-0.201011,-2.337770,0.354685,0.270947,0.134378,-0.013718,0.044164,0.728082,0.286426
-0.010322,0.188411,-0.382156,0.983371,0.370428,-0.197731,-0.204926,-2.341573,0.353486,0.268391,0.135615,-0.009602,0.047085,0.732497,0.282797
-0.010439,0.188765,-0.376315,0.983371,0.370428,-0.197360,-0.207680,-2.338223,0.355084,0.265257,0.137579,-0.006486,0.048977,0.738523,0.280006
-0.010290,0.188362,-0.383003,0.983094,0.369768,-0.196327,-0.211126,-2.337498,0.359266,0.264614,0.138536,-0.004579,0.048095,0.743398,0.287822
-0.010330,0.188371,-0.382592,0.983371,0.370428,-0.194484,-0.216499,-2.325387,0.362366,0.263387,0.139037,-0.003004,0.048853,0.747012,0.295849
-0.010374,0.188364,-0.382521,0.983371,0.370428,-0.194792,-0.217801,-2.351268,0.363663,0.264991,0.138810,-0.002094,0.055748,0.748438,0.297885
-0.010054,0.188178,-0.386629,0.983371,0.370428,-0.194024,-0.220187,-2.352393,0.364686,0.264481,0.138973,-0.001394,0.060994,0.747911,0.296415
-0.010346,0.188346,-0.382393,0.983371,0.370428,-0.193511,-0.222676,-2.350746,0.365766,0.263613,0.139180,-0.001024,0.062135,0.748703,0.297941
-0.010437,0.188765,-0.376257,0.983371,0.370428,-0.192199,-0.224742,-2.351068,0.366880,0.264832,0.139185,-0.001143,0.063246,0.748161,0.295763
-0.010376,0.188375,-0.382816,0.983371,0.370428,-0.191608,-0.226530,-2.351357,0.368654,0.266632,0.139250,-0.000955,0.062748,0.748161,0.295763
-0.010448,0.188761,-0.376080,0.983371,0.370428,-0.191329,-0.228254,-2.348518,0.370380,0.267083,0.139147,-0.001127,0.063436,0.748944,0.297283
-0.010322,0.188375,-0.382676,0.982964,0.369576,-0.190831,-0.229129,-2.349907,0.374344,0.265574,0.139105,-0.001091,0.064133,0.748408,0.295110
-0.009926,0.191268,-0.370353,0.983045,0.370503,-0.190378,-0.229201,-2.343735,0.376299,0.265394,0.140715,-0.001763,0.067943,0.748408,0.295110
-0.008127,0.200329,-0.367591,0.977749,0.372150,-0.190672,-0.225179,-2.337543,0.374151,0.265747,0.150546,-0.009264,0.066762,0.745014,0.285848
-0.006798,0.208480,-0.362757,0.966671,0.368796,-0.190715,-0.222813,-2.331207,0.371050,0.266562,0.158870,-0.014985,0.063827,0.729452,0.268900
-0.004721,0.214813,-0.358263,0.977441,0.370784,-0.190234,-0.221739,-2.292685,0.371553,0.265207,0.158679,-0.014520,0.044749,0.727251,0.257464
-0.003181,0.222047,-0.365773,0.976905,0.367540,-0.191281,-0.216703,-2.312409,0.370182,0.267268,0.162334,-0.018622,0.031922,0.722953,0.252360
-0.002610,0.226070,-0.360698,0.980626,0.354990,-0.192357,-0.214151,-2.307406,0.365948,0.265202,0.162205,-0.018013,0.012155,0.720662,0.250859
-0.001852,0.230603,-0.354134,0.984141,0.342612,-0.192022,-0.211674,-2.273683,0.362863,0.267979,0.165898,-0.022890,-0.006565,0.719859,0.254863
-0.001415,0.234476,-0.348011,0.982740,0.346246,-0.192207,-0.208489,-2.283132,0.361697,0.271615,0.171481,-0.028072,-0.022151,0.706650,0.250472
-0.000836,0.237418,-0.344764,0.982501,0.351859,-0.193273,-0.205280,-2.291994,0.360584,0.272901,0.175916,-0.033721,-0.034025,0.706650,0.250472
0.000272,0.239444,-0.332915,0.982501,0.351859,-0.193986,-0.202538,-2.279903,0.358971,0.273154,0.176633,-0.033998,-0.055148,0.703065,0.256781
0.000645,0.240385,-0.331982,0.989686,0.347206,-0.195203,-0.199689,-2.293252,0.359401,0.273388,0.179822,-0.037748,-0.073777,0.700494,0.252526
0.000573,0.240495,-0.331090,0.985506,0.361099,-0.195977,-0.197090,-2.295536,0.362242,0.272344,0.182188,-0.039753,-0.094825,0.695021,0.248783
0.000639,0.240538,-0.330604,0.983911,0.363595,-0.197292,-0.194863,-2.295123,0.362242,0.272344,0.182171,-0.039688,-0.129194,0.681054,0.240965
0.000679,0.240738,-0.328762,0.983926,0.363398,-0.198352,-0.192845,-2.301727,0.362484,0.274004,0.182607,-0.040878,-0.165699,0.681206,0.239581
0.000630,0.240824,-0.329412,0.982316,0.364025,-0.199160,-0.190627,-2.295446,0.356314,0.273614,0.183044,-0.040908,-0.189355,0.682204,0.236305
0.000731,0.241001,-0.327193,0.982250,0.364414,-0.200339,-0.189160,-2.287130,0.349483,0.272775,0.184134,-0.041120,-0.223634,0.684852,0.235823
0.000799,0.240974,-0.328512,0.982250,0.364414,-0.200229,-0.187754,-2.303060,0.345601,0.272354,0.184501,-0.041237,-0.259812,0.684852,0.235823
0.000632,0.241038,-0.327131,0.982250,0.364414,-0.200963,-0.187333,-2.303836,0.341769,0.272646,0.185225,-0.041949,-0.295827,0.690554,0.235092
0.000745,0.240994,-0.327627,0.982250,0.364414,-0.201284,-0.187335,-2.304528,0.339946,0.274743,0.188508,-0.046748,-0.315741,0.693378,0.240251
0.000790,0.240964,-0.327019,0.982250,0.364414,-0.201569,-0.187034,-2.306066,0.339543,0.275688,0.189299,-0.046476,-0.366788,0.693378,0.240251
0.000669,0.240984,-0.327416,0.982250,0.364414,-0.202123,-0.186448,-2.300162,0.338258,0.274977,0.189988,-0.046782,-0.400963,0.696893,0.233445
0.000636,0.240982,-0.327145,0.982250,0.364414,-0.203330,-0.185913,-2.314397,0.336946,0.277913,0.190462,-0.047097,-0.446564,0.697341,0.235918
0.000770,0.240957,-0.329514,0.982250,0.364414,-0.203822,-0.185571,-2.318010,0.335835,0.277958,0.190923,-0.047372,-0.497758,0.697341,0.235918
0.000738,0.241034,-0.326634,0.982995,0.363956,-0.204215,-0.185959,-2.310480,0.335210,0.277868,0.193349,-0.049553,-0.517943,0.696610,0.240263
0.000771,0.240979,-0.327633,0.982250,0.364414,-0.204341,-0.184691,-2.319458,0.335070,0.279166,0.199740,-0.054311,-0.514391,0.696610,0.240263
0.000815,0.240925,-0.326726,0.982250,0.364414,-0.204407,-0.184605,-2.319313,0.335519,0.277999,0.213213,-0.065769,-0.505522,0.658761,0.229659
0.000815,0.240925,-0.326726,0.982250,0.364414,-0.204407,-0.184605,-2.319313,0.335519,0.277999,0.213213,-0.065769,-0.505522,0.658761,0.229659
0.000822,0.240951,-0.327837,0.982250,0.364414,-0.204726,-0.184541,-2.315386,0.335283,0.279511,0.218267,-0.070514,-0.500177,0.658761,0.229659
0.000770,0.240875,-0.326928,0.982250,0.364414,-0.204364,-0.184727,-2.317283,0.335203,0.279099,0.221708,-0.074605,-0.503361,0.655417,0.238908
0.000725,0.240961,-0.327558,0.982250,0.364414,-0.205336,-0.184076,-2.316642,0.335203,0.279099,0.227420,-0.080774,-0.498183,0.655417,0.238908
0.000855,0.241060,-0.327197,0.982250,0.364414,-0.206407,-0.182806,-2.321784,0.333679,0.276654,0.231443,-0.084861,-0.490378,0.646873,0.236480
0.000788,0.240954,-0.327259,0.982250,0.364414,-0.207075,-0.180800,-2.339007,0.331424,0.276378,0.232264,-0.086674,-0.500864,0.646873,0.236480
0.000785,0.240963,-0.327298,0.982250,0.364414,-0.208807,-0.179263,-2.348016,0.328042,0.274922,0.232048,-0.086947,-0.516831,0.646361,0.236856
0.000740,0.240917,-0.326591,0.982250,0.364414,-0.209333,-0.178815,-2.329282,0.326479,0.273092,0.232647,-0.087551,-0.520389,0.646361,0.236856
0.000593,0.240935,-0.326215,0.982250,0.364414,-0.210318,-0.177061,-2.353466,0.326765,0.273492,0.234544,-0.089608,-0.511590,0.647469,0.236609
0.000790,0.240909,-0.326686,0.982249,0.364614,-0.211383,-0.175724,-2.362014,0.326386,0.272729,0.237331,-0.091806,-0.505722,0.648540,0.236940
0.000679,0.240968,-0.326984,0.982249,0.364614,-0.212775,-0.174520,-2.369478,0.326557,0.272004,0.238850,-0.093250,-0.499478,0.634582,0.237801
0.000877,0.241049,-0.327733,0.982249,0.364614,-0.213795,-0.173332,-2.376787,0.324753,0.271715,0.240770,-0.094878,-0.484190,0.634582,0.237801
0.000824,0.240911,-0.327400,0.982249,0.364614,-0.215238,-0.172371,-2.384068,0.322744,0.270075,0.240529,-0.095929,-0.485043,0.635585,0.239576
0.000795,0.240890,-0.328174,0.982249,0.364614,-0.216140,-0.171993,-2.371982,0.320890,0.272891,0.240754,-0.095910,-0.483642,0.633063,0.242413
0.000811,0.240909,-0.326308,0.982249,0.364614,-0.216456,-0.171313,-2.381899,0.321228,0.275945,0.241131,-0.095961,-0.482044,0.630651,0.241833
0.000809,0.240910,-0.327162,0.982250,0.364414,-0.217599,-0.170310,-2.384583,0.322607,0.275949,0.240903,-0.095891,-0.482961,0.629256,0.241488
0.000807,0.241000,-0.327808,0.982249,0.364614,-0.218466,-0.169135,-2.404006,0.323968,0.280138,0.240969,-0.095848,-0.482844,0.629256,0.241488
0.000801,0.240912,-0.327309,0.982249,0.364614,-0.218789,-0.168985,-2.394175,0.323476,0.281216,0.240985,-0.095976,-0.483045,0.632529,0.241794
0.000624,0.240866,-0.325887,0.982249,0.364614,-0.218594,-0.169098,-2.396394,0.324337,0.280349,0.240874,-0.095850,-0.483037,0.629530,0.240983
0.000823,0.240965,-0.326792,0.982249,0.364614,-0.218650,-0.169104,-2.396302,0.323827,0.279543,0.240991,-0.095968,-0.482397,0.630929,0.241325
0.000865,0.240889,-0.327159,0.982249,0.364614,-0.218603,-0.169098,-2.396467,0.323473,0.279139,0.241903,-0.096815,-0.476647,0.632059,0.242178
0.000785,0.241002,-0.326021,0.982249,0.364614,-0.218788,-0.169019,-2.395252,0.323473,0.279139,0.242992,-0.098281,-0.469925,0.630085,0.243244
0.000807,0.241034,-0.325574,0.982249,0.364614,-0.218780,-0.168837,-2.396584,0.323473,0.279139,0.244587,-0.100228,-0.459790,0.622484,0.239715
0.000835,0.241005,-0.325700,0.982249,0.364614,-0.220078,-0.167408,-2.405085,0.324270,0.281153,0.245494,-0.101498,-0.453038,0.617062,0.234769
0.000659,0.240882,-0.326451,0.982249,0.364614,-0.219560,-0.167647,-2.405925,0.323831,0.279696,0.246244,-0.102254,-0.448461,0.617764,0.232594
0.000832,0.240942,-0.327849,0.982249,0.364614,-0.220917,-0.166784,-2.416798,0.324350,0.280511,0.246871,-0.102983,-0.442392,0.616489,0.232928
0.000852,0.240926,-0.327715,0.982249,0.364614,-0.221174,-0.166007,-2.424640,0.323781,0.278673,0.247558,-0.104205,-0.441649,0.614114,0.232010
0.000832,0.240919,-0.327511,0.982249,0.364614,-0.221576,-0.165437,-2.427191,0.322912,0.279723,0.247710,-0.104406,-0.439942,0.611983,0.232621
0.000851,0.240986,-0.326205,0.982249,0.364614,-0.221580,-0.165012,-2.435459,0.322410,0.281223,0.248383,-0.104786,-0.432331,0.612795,0.232695
0.000784,0.240967,-0.327450,0.982249,0.364614,-0.221571,-0.165025,-2.435493,0.321202,0.281932,0.248920,-0.105606,-0.428097,0.609894,0.231986
0.000784,0.241023,-0.326086,0.982249,0.364614,-0.222558,-0.163966,-2.446274,0.320330,0.282347,0.250220,-0.106056,-0.421470,0.608924,0.232319
0.000835,0.240922,-0.325852,0.982249,0.364614,-0.223205,-0.163387,-2.448262,0.318524,0.285538,0.250838,-0.106705,-0.417641,0.611346,0.231285
0.000652,0.240949,-0.326689,0.982249,0.364614,-0.223476,-0.163290,-2.446452,0.317444,0.286210,0.250925,-0.107506,-0.417840,0.613078,0.229428
0.000838,0.240916,-0.326666,0.982249,0.364614,-0.223395,-0.163269,-2.447366,0.317444,0.286210,0.251806,-0.108378,-0.410087,0.609957,0.227691
0.000725,0.240960,-0.327095,0.982249,0.364614,-0.223472,-0.163308,-2.446535,0.318219,0.286787,0.252850,-0.109317,-0.403262,0.613598,0.226816
0.000703,0.240966,-0.327735,0.982249,0.364614,-0.223087,-0.163380,-2.449337,0.318327,0.285250,0.253425,-0.110136,-0.400204,0.611830,0.226124
0.000728,0.240996,-0.326851,0.981930,0.364007,-0.223366,-0.163268,-2.447376,0.317444,0.286210,0.253851,-0.110687,-0.396897,0.613415,0.227019
0.000782,0.241008,-0.327591,0.982249,0.364614,-0.223064,-0.163285,-2.450746,0.316952,0.285810,0.253898,-0.110725,-0.396697,0.613842,0.227558
0.000907,0.240931,-0.327382,0.982249,0.364614,-0.223183,-0.163393,-2.448364,0.318373,0.287399,0.254931,-0.111684,-0.390011,0.610335,0.227235
0.000703,0.241038,-0.326629,0.981930,0.364007,-0.223101,-0.163294,-2.451043,0.318373,0.287399,0.255084,-0.111861,-0.389325,0.613047,0.228458
0.000768,0.240915,-0.326957,0.982249,0.364614,-0.223181,-0.163403,-2.447549,0.318373,0.287399,0.255082,-0.111884,-0.388395,0.613473,0.228985
0.000484,0.240901,-0.327276,0.982249,0.364614,-0.223072,-0.163365,-2.449172,0.318373,0.287399,0.255091,-0.111829,-0.389895,0.612653,0.228905
0.000827,0.240923,-0.327954,0.982249,0.364614,-0.223185,-0.163404,-2.448070,0.318482,0.285861,0.255067,-0.111826,-0.390065,0.612093,0.227826
0.000761,0.241025,-0.328209,0.981930,0.364007,-0.223367,-0.163291,-2.446789,0.318482,0.285861,0.255180,-0.111827,-0.389015,0.612093,0.227826
0.000718,0.240979,-0.326965,0.982249,0.364614,-0.223434,-0.163209,-2.447666,0.317600,0.286823,0.255074,-0.111800,-0.390333,0.611498,0.228563
0.000853,0.240942,-0.326911,0.982256,0.364814,-0.223397,-0.163271,-2.447464,0.317600,0.286823,0.255100,-0.111873,-0.388381,0.611498,0.228563
0.000824,0.240943,-0.327856,0.981930,0.364007,-0.223159,-0.163429,-2.448953,0.317600,0.286823,0.255044,-0.111773,-0.390353,0.613047,0.228458
0.000634,0.240913,-0.326606,0.982249,0.364614,-0.223160,-0.163413,-2.447729,0.318171,0.286072,0.255107,-0.111926,-0.388310,0.613047,0.228458
0.000819,0.240967,-0.326568,0.981930,0.364007,-0.223175,-0.163400,-2.447501,0.318171,0.286072,0.255081,-0.111790,-0.389927,0.613047,0.228458
0.000852,0.240990,-0.328171,0.981930,0.364007,-0.223170,-0.163385,-2.448002,0.318637,0.286474,0.255095,-0.111808,-0.390060,0.614631,0.228353
0.000620,0.240881,-0.326534,0.981930,0.364007,-0.223058,-0.163377,-2.449447,0.318637,0.286474,0.255109,-0.111800,-0.390318,0.613047,0.228458
0.000777,0.241017,-0.327578,0.981930,0.364007,-0.223492,-0.163282,-2.446472,0.317756,0.287436,0.255080,-0.111836,-0.390196,0.614631,0.228353
0.000852,0.240907,-0.327127,0.981930,0.364007,-0.223381,-0.163276,-2.447403,0.317377,0.285500,0.255212,-0.111834,-0.389497,0.613047,0.228458
0.000851,0.240943,-0.327910,0.982256,0.364814,-0.223504,-0.163291,-2.446287,0.317861,0.285900,0.255063,-0.111807,-0.389839,0.613047,0.228458
0.000881,0.240981,-0.325864,0.981930,0.364007,-0.223015,-0.163379,-2.450070,0.317861,0.285900,0.255213,-0.111985,-0.388507,0.614631,0.228353
0.000796,0.241023,-0.328295,0.981930,0.364007,-0.223049,-0.163356,-2.446665,0.317861,0.285900,0.255070,-0.111782,-0.389981,0.614631,0.228353
0.000876,0.240999,-0.327271,0.981930,0.364007,-0.223338,-0.163219,-2.448351,0.317861,0.285900,0.255104,-0.111828,-0.390003,0.610947,0.227487
0.000911,0.240926,-0.329084,0.981930,0.364007,-0.223498,-0.163287,-2.446174,0.318329,0.286301,0.255030,-0.111778,-0.389917,0.614273,0.228096
0.000692,0.240908,-0.326552,0.981930,0.364007,-0.223396,-0.163292,-2.446927,0.318329,0.286301,0.255103,-0.111908,-0.388396,0.612485,0.227381
0.000831,0.241033,-0.326039,0.981942,0.364207,-0.223384,-0.163257,-2.447343,0.318792,0.287088,0.255076,-0.111789,-0.389758,0.610947,0.227487
0.000894,0.240882,-0.326134,0.981930,0.364007,-0.223181,-0.163386,-2.448293,0.317537,0.286113,0.255099,-0.111791,-0.389980,0.611885,0.228114
0.000776,0.241020,-0.328062,0.981930,0.364007,-0.223030,-0.163384,-2.450211,0.318017,0.286514,0.255086,-0.111796,-0.389403,0.611885,0.228114
0.000768,0.241061,-0.328034,0.981930,0.364007,-0.223493,-0.163272,-2.445572,0.318017,0.286514,0.255055,-0.111764,-0.389727,0.611885,0.228114
0.000797,0.240994,-0.326018,0.981930,0.364007,-0.223051,-0.163270,-2.451099,0.318017,0.286514,0.255122,-0.111835,-0.389731,0.611885,0.228114
0.000813,0.240939,-0.327634,0.981930,0.364007,-0.223280,-0.163417,-2.442702,0.318482,0.286915,0.255040,-0.111777,-0.389910,0.611885,0.228114
0.000783,0.240983,-0.327977,0.981930,0.364007,-0.223394,-0.163208,-2.447293,0.318482,0.286915,0.255131,-0.111929,-0.388844,0.611885,0.228114
0.000840,0.240962,-0.327339,0.981930,0.364007,-0.223148,-0.163388,-2.445344,0.319062,0.286169,0.255040,-0.111769,-0.389306,0.611885,0.228114
0.000757,0.241018,-0.326980,0.981930,0.364007,-0.223050,-0.163424,-2.449230,0.319062,0.286169,0.255107,-0.111883,-0.389934,0.611885,0.228114
0.000630,0.240975,-0.327230,0.981182,0.364675,-0.223511,-0.163257,-2.446295,0.317697,0.286727,0.255059,-0.111737,-0.390144,0.611885,0.228114
0.000739,0.240921,-0.326516,0.981930,0.364007,-0.223075,-0.163289,-2.451244,0.317697,0.286727,0.255095,-0.111947,-0.388810,0.611885,0.228114
0.000839,0.240900,-0.326814,0.981930,0.364007,-0.223102,-0.163346,-2.449354,0.317697,0.286727,0.255078,-0.111765,-0.390379,0.611885,0.228114
0.000635,0.240916,-0.326746,0.981930,0.364007,-0.223384,-0.163384,-2.442705,0.318174,0.287128,0.255080,-0.111802,-0.390312,0.611885,0.228114
0.000728,0.240945,-0.326527,0.981930,0.364007,-0.223459,-0.163320,-2.445938,0.318284,0.285599,0.255133,-0.111865,-0.390020,0.611885,0.228114
0.000848,0.240942,-0.327382,0.981930,0.364007,-0.223403,-0.163254,-2.447272,0.318284,0.285599,0.255074,-0.111788,-0.389882,0.613443,0.228009
0.000838,0.240958,-0.326246,0.981930,0.364007,-0.223401,-0.163239,-2.447058,0.318284,0.285599,0.255094,-0.111764,-0.389807,0.613443,0.228009
0.000723,0.241099,-0.327964,0.981930,0.364007,-0.223495,-0.163316,-2.446060,0.318284,0.285599,0.255060,-0.111785,-0.390147,0.613443,0.228009
0.000991,0.240830,-0.327667,0.981930,0.364007,-0.223386,-0.163269,-2.447497,0.318284,0.285599,0.255051,-0.111813,-0.389274,0.611885,0.228114
0.000850,0.240928,-0.327352,0.981930,0.364007,-0.223482,-0.163284,-2.446233,0.318284,0.285599,0.255082,-0.111785,-0.389594,0.613443,0.228009
0.000782,0.240969,-0.328216,0.981930,0.364007,-0.223376,-0.163262,-2.447220,0.318284,0.285599,0.255086,-0.111792,-0.390171,0.613443,0.228009
0.001112,0.241269,-0.328884,0.981182,0.364675,-0.223184,-0.163399,-2.448041,0.318745,0.285999,0.255278,-0.113314,-0.390792,0.613443,0.228009
0.016797,0.245299,-0.306255,0.972209,0.365830,-0.232695,-0.149014,-2.423166,0.318745,0.285999,0.250620,-0.133953,-0.362756,0.609397,0.235157
0.045091,0.250934,-0.308028,0.812506,0.284896,-0.250271,-0.123823,-2.411308,0.310387,0.296086,0.241623,-0.163921,-0.371813,0.601114,0.260181
0.069481,0.252636,-0.318046,0.940054,0.319335,-0.264562,-0.099575,-2.430693,0.270643,0.282904,0.230525,-0.187432,-0.371820,0.588758,0.243069
0.089985,0.250765,-0.318097,0.930096,0.322098,-0.272389,-0.077222,-2.424553,0.242940,0.272053,0.217427,-0.204749,-0.371165,0.583970,0.252600
0.108477,0.246557,-0.313490,0.866116,0.379796,-0.277554,-0.057049,-2.401744,0.242940,0.272053,0.203776,-0.221593,-0.378109,0.579798,0.249824
0.124321,0.241793,-0.321379,0.926025,0.306430,-0.282250,-0.037742,-2.424191,0.238052,0.267695,0.188844,-0.235283,-0.380177,0.574428,0.253197
0.138220,0.236042,-0.318020,0.921876,0.322583,-0.284840,-0.019951,-2.401683,0.231777,0.273956,0.175910,-0.247295,-0.379484,0.573980,0.244437
0.151347,0.231888,-0.318299,0.923744,0.285217,-0.288196,-0.004539,-2.403875,0.222781,0.288566,0.163558,-0.258094,-0.376894,0.573616,0.257087
0.161564,0.226835,-0.314430,0.917614,0.306120,-0.289403,0.009428,-2.399746,0.218078,0.288566,0.152258,-0.266980,-0.373940,0.567316,0.255215
0.171581,0.222625,-0.310806,0.902053,0.308401,-0.288582,0.021534,-2.388503,0.208642,0.298605,0.139725,-0.272805,-0.373073,0.565238,0.254995
0.180100,0.219422,-0.308023,0.896898,0.303354,-0.287613,0.032513,-2.388432,0.208642,0.298605,0.129674,-0.278907,-0.374425,0.559595,0.248860
0.186555,0.214752,-0.294926,0.889043,0.315418,-0.286071,0.043130,-2.383716,0.202855,0.297591,0.119124,-0.282245,-0.368292,0.555155,0.242693
0.191672,0.210894,-0.281491,0.890599,0.302407,-0.285508,0.051354,-2.372046,0.188989,0.312353,0.109442,-0.284140,-0.370304,0.552744,0.236748
0.197045,0.208240,-0.281529,0.881004,0.311182,-0.284424,0.059889,-2.374382,0.186800,0.310601,0.100685,-0.286460,-0.372618,0.556546,0.260484
0.201812,0.204404,-0.282036,0.881004,0.311182,-0.282827,0.067040,-2.377953,0.186800,0.310601,0.092126,-0.288338,-0.375743,0.556039,0.268950
0.206585,0.201156,-0.271587,0.874443,0.316389,-0.281472,0.073255,-2.379258,0.173682,0.322964,0.085311,-0.290968,-0.374858,0.552179,0.262129
0.211186,0.198700,-0.268946,0.876895,0.310577,-0.280183,0.078612,-2.375486,0.173682,0.322964,0.079560,-0.292420,-0.375149,0.546499,0.273860
0.214009,0.196104,-0.266377,0.880026,0.292605,-0.279218,0.083902,-2.366931,0.177295,0.325102,0.073533,-0.292866,-0.379778,0.547094,0.280301
0.215545,0.193916,-0.268995,0.878522,0.294903,-0.278144,0.088736,-2.370282,0.171024,0.329218,0.068134,-0.293089,-0.378178,0.549797,0.290422
0.217388,0.191797,-0.263866,0.875422,0.295098,-0.277120,0.092541,-2.361699,0.171024,0.329218,0.063731,-0.293549,-0.379219,0.550461,0.300136
0.217896,0.189914,-0.256638,0.875612,0.296032,-0.275842,0.096209,-2.356887,0.165648,0.330861,0.059634,-0.293078,-0.375064,0.549572,0.307893
0.219387,0.188513,-0.261073,0.874565,0.294214,-0.275382,0.099378,-2.351699,0.162732,0.334052,0.056656,-0.293096,-0.368544,0.550661,0.307221
0.220978,0.187200,-0.259905,0.872503,0.292641,-0.275740,0.101239,-2.338988,0.159550,0.340449,0.052676,-0.292040,-0.369821,0.549763,0.308171
0.222107,0.186250,-0.251157,0.871120,0.293735,-0.275210,0.102680,-2.334265,0.159513,0.344115,0.050283,-0.292376,-0.370405,0.549342,0.312247
0.223248,0.185400,-0.246093,0.871467,0.292259,-0.273151,0.105249,-2.337933,0.160404,0.345203,0.048783,-0.292565,-0.354635,0.548814,0.317306
0.224001,0.184734,-0.242928,0.871467,0.292259,-0.272124,0.107072,-2.342523,0.161102,0.346485,0.046113,-0.292056,-0.355281,0.549947,0.320552
0.224638,0.184178,-0.237675,0.869805,0.292685,-0.271669,0.108306,-2.328911,0.160051,0.347814,0.043096,-0.291031,-0.356816,0.548361,0.323156
0.225226,0.183397,-0.236145,0.870019,0.292349,-0.271424,0.109600,-2.321400,0.160292,0.349320,0.040977,-0.290565,-0.353390,0.546134,0.316074
0.225846,0.182183,-0.228209,0.869987,0.288944,-0.271854,0.110796,-2.314696,0.160620,0.346968,0.040806,-0.290854,-0.351485,0.544816,0.308789
0.227109,0.181101,-0.221621,0.870804,0.284648,-0.271461,0.112265,-2.308282,0.161175,0.347003,0.041210,-0.290995,-0.353039,0.543837,0.306244
0.227434,0.180513,-0.221695,0.873894,0.277078,-0.271203,0.113435,-2.296298,0.160007,0.347020,0.041335,-0.291230,-0.354172,0.544406,0.306375
0.227470,0.180528,-0.221377,0.875188,0.275274,-0.271025,0.114532,-2.293512,0.157665,0.348786,0.040765,-0.290823,-0.351653,0.543923,0.305428
0.227443,0.180518,-0.221922,0.874408,0.275193,-0.269933,0.115464,-2.285386,0.157005,0.351957,0.041397,-0.291220,-0.353161,0.544492,0.305555
0.227434,0.180561,-0.221481,0.873596,0.276199,-0.270227,0.115991,-2.291806,0.156892,0.353469,0.040824,-0.290851,-0.352019,0.543717,0.305810
0.227445,0.180550,-0.221707,0.875409,0.275098,-0.269789,0.115958,-2.286507,0.155328,0.353691,0.041293,-0.290835,-0.352945,0.543717,0.305810
0.227428,0.180646,-0.219979,0.875409,0.275098,-0.270341,0.115979,-2.289509,0.155473,0.354580,0.041263,-0.291046,-0.353102,0.544135,0.305052
0.227457,0.180652,-0.220483,0.873817,0.276020,-0.270240,0.116069,-2.291842,0.156314,0.354056,0.041330,-0.290847,-0.352515,0.543361,0.305306
0.227431,0.180553,-0.221388,0.874162,0.274713,-0.269844,0.115951,-2.285659,0.156314,0.354056,0.040681,-0.290782,-0.352404,0.543929,0.305423
0.227492,0.180577,-0.222115,0.875630,0.274923,-0.270206,0.116058,-2.291838,0.156314,0.354056,0.040506,-0.290248,-0.360799,0.543929,0.305423
0.227450,0.180500,-0.221311,0.875630,0.274923,-0.270301,0.115503,-2.286000,0.155808,0.353989,0.041554,-0.290988,-0.352554,0.543157,0.305677
0.227515,0.180657,-0.220947,0.874850,0.274842,-0.270836,0.115701,-2.291902,0.155808,0.353989,0.041382,-0.291127,-0.352033,0.543157,0.305677
0.227434,0.180521,-0.221588,0.874850,0.274842,-0.270347,0.115763,-2.291353,0.156411,0.354582,0.040772,-0.290803,-0.351799,0.543597,0.305361
0.228481,0.187032,-0.225694,0.874850,0.274842,-0.271846,0.123370,-2.298153,0.155955,0.354872,0.038935,-0.285448,-0.366485,0.544014,0.304596
0.231669,0.213780,-0.233466,0.879480,0.293618,-0.272402,0.151553,-2.317484,0.155383,0.352148,0.032320,-0.257024,-0.364267,0.549507,0.309697
0.236904,0.245784,-0.226519,0.879480,0.293618,-0.271222,0.182587,-2.305604,0.148116,0.358590,0.026106,-0.224164,-0.351315,0.544397,0.312483
0.239741,0.271216,-0.228463,0.901160,0.283284,-0.270248,0.209317,-2.312560,0.140432,0.331700,0.020880,-0.199132,-0.342369,0.551143,0.321761
0.240696,0.289321,-0.228742,0.882337,0.307963,-0.268848,0.230982,-2.301645,0.160367,0.309367,0.015527,-0.177557,-0.341418,0.553705,0.343106
0.241516,0.305877,-0.226999,0.882337,0.307963,-0.269261,0.250625,-2.295627,0.121988,0.322465,0.012435,-0.157948,-0.329086,0.554833,0.359572
0.244712,0.321712,-0.220095,0.891266,0.297175,-0.269354,0.267816,-2.295303,0.113608,0.309808,0.009113,-0.140536,-0.316126,0.552267,0.362696
0.245435,0.334797,-0.220636,0.903910,0.273239,-0.268231,0.284006,-2.293139,0.103906,0.339735,0.006309,-0.125406,-0.302540,0.548675,0.383383
0.246559,0.346741,-0.211735,0.903910,0.273239,-0.267820,0.298618,-2.296168,0.115234,0.327360,0.003726,-0.111267,-0.289222,0.547958,0.394498
0.246500,0.357046,-0.209306,0.910828,0.258587,-0.265937,0.311282,-2.303964,0.100114,0.310107,0.000927,-0.099216,-0.281335,0.544125,0.404860
0.247141,0.365589,-0.200021,0.910828,0.258587,-0.266290,0.323078,-2.289273,0.092856,0.307422,-0.000546,-0.089739,-0.269653,0.537603,0.411507
0.247390,0.373165,-0.195651,0.908632,0.261706,-0.266170,0.332876,-2.285717,0.084542,0.298532,-0.002241,-0.079894,-0.249844,0.532209,0.413686
0.246795,0.380035,-0.191476,0.908632,0.261706,-0.266016,0.342397,-2.283441,0.082830,0.304158,-0.003954,-0.071340,-0.234420,0.525842,0.418799
0.246280,0.385723,-0.189807,0.906674,0.267100,-0.265821,0.350650,-2.280126,0.079934,0.296717,-0.005547,-0.063748,-0.223570,0.511882,0.418129
0.244999,0.390895,-0.188247,0.906608,0.262697,-0.265194,0.357836,-2.276846,0.082128,0.293378,-0.006086,-0.056820,-0.213180,0.496519,0.417225
0.244188,0.394906,-0.185829,0.906608,0.262697,-0.264175,0.364773,-2.282007,0.078157,0.290306,-0.006675,-0.050848,-0.196632,0.485893,0.425104
0.244015,0.399030,-0.178206,0.906637,0.260728,-0.263370,0.371644,-2.270314,0.078157,0.290306,-0.007534,-0.045626,-0.184875,0.463795,0.425056
0.243614,0.402425,-0.174025,0.912314,0.256040,-0.262714,0.378333,-2.275831,0.078157,0.290306,-0.007675,-0.040807,-0.165248,0.451493,0.428162
0.243091,0.404179,-0.174018,0.911098,0.258473,-0.261784,0.384454,-2.274979,0.078157,0.290306,-0.007142,-0.037061,-0.150937,0.441448,0.434090
0.243273,0.406485,-0.166153,0.913070,0.256711,-0.260970,0.393277,-2.266625,0.078157,0.290306,-0.006640,-0.032521,-0.135379,0.430701,0.445521
0.243097,0.407414,-0.165921,0.913070,0.256711,-0.261336,0.398057,-2.273571,0.067149,0.289710,-0.006319,-0.030458,-0.122847,0.424210,0.454710
0.242986,0.407874,-0.164125,0.916831,0.252697,-0.261676,0.401141,-2.266402,0.068375,0.290840,-0.006461,-0.028301,-0.111361,0.420594,0.472011
0.243878,0.409129,-0.162890,0.917592,0.252163,-0.261662,0.403082,-2.259942,0.066205,0.286338,-0.006593,-0.024671,-0.098851,0.408348,0.494589
0.243581,0.410097,-0.152281,0.917592,0.252163,-0.261294,0.403710,-2.255181,0.066205,0.286338,-0.006695,-0.023198,-0.091918,0.408348,0.494589
0.243267,0.410697,-0.156585,0.916263,0.251857,-0.260940,0.405065,-2.251365,0.063366,0.285588,-0.006846,-0.021192,-0.085658,0.393406,0.545447
0.243411,0.412111,-0.146341,0.915959,0.252327,-0.260980,0.406317,-2.243638,0.064546,0.285619,-0.006953,-0.019223,-0.074008,0.376512,0.581319
0.243983,0.413394,-0.141351,0.915382,0.252521,-0.260946,0.407198,-2.241912,0.063463,0.286438,-0.006806,-0.017218,-0.064911,0.359103,0.602009
0.243963,0.414513,-0.137402,0.914805,0.252721,-0.260714,0.407931,-2.240773,0.064574,0.286989,-0.006652,-0.015351,-0.057027,0.320109,0.631420
0.244329,0.415389,-0.136807,0.914862,0.253039,-0.260610,0.408559,-2.235830,0.063109,0.286739,-0.006661,-0.013446,-0.048806,0.283858,0.680881
0.244677,0.416748,-0.125866,0.913249,0.254005,-0.260732,0.409403,-2.233369,0.062900,0.286785,-0.006634,-0.012313,-0.043043,0.271076,0.707119
0.245084,0.417856,-0.118591,0.914396,0.254680,-0.260432,0.410298,-2.231562,0.063274,0.286589,-0.006719,-0.011266,-0.039228,0.262495,0.730235
0.245403,0.419136,-0.112595,0.914873,0.254343,-0.260227,0.410900,-2.220664,0.063373,0.286008,-0.006857,-0.010570,-0.033811,0.258086,0.737727
0.246295,0.420130,-0.111129,0.916825,0.254787,-0.260216,0.411413,-2.219774,0.063297,0.285516,-0.006793,-0.010491,-0.031933,0.252185,0.742171
0.246465,0.421125,-0.105918,0.916744,0.254427,-0.260242,0.411399,-2.219655,0.062652,0.283969,-0.006768,-0.010507,-0.032344,0.251266,0.743252
0.246080,0.421746,-0.107666,0.917014,0.254720,-0.260524,0.411385,-2.215083,0.061884,0.283968,-0.006818,-0.010373,-0.031565,0.251069,0.742875
0.245953,0.422298,-0.101491,0.915251,0.254197,-0.260217,0.411294,-2.219879,0.062515,0.284222,-0.006993,-0.008948,-0.025159,0.245243,0.746152
0.249377,0.422314,-0.102182,0.914103,0.255420,-0.253448,0.411645,-2.204125,0.062620,0.283736,0.000328,-0.007544,-0.020235,0.236883,0.747886
0.274663,0.423549,-0.074950,0.916169,0.255422,-0.226533,0.413068,-2.199768,0.064014,0.300567,0.029434,-0.004251,-0.014677,0.189858,0.757724
0.305997,0.423821,-0.090772,0.891001,0.287465,-0.196712,0.416887,-2.200890,0.054474,0.296022,0.062313,-0.000698,-0.017946,0.783878,0.572428
0.334494,0.425020,-0.087776,0.877913,0.300229,-0.172961,0.419146,-2.212164,0.054769,0.281142,0.090491,0.003470,-0.022421,0.777113,0.419420
0.358388,0.426810,-0.090293,0.883116,0.275645,-0.152040,0.419155,-2.205624,0.059075,0.286820,0.114050,0.005084,-0.019236,0.768166,0.337298
0.378948,0.429034,-0.088681,0.880788,0.267538,-0.133061,0.420200,-2.211442,0.040462,0.300038,0.134598,0.006249,-0.014774,0.763389,0.313350
0.396340,0.431459,-0.089754,0.878824,0.271007,-0.115445,0.420823,-2.214139,0.038489,0.280409,0.150221,0.007740,-0.020202,0.760556,0.293353
0.411540,0.432353,-0.082137,0.878745,0.253660,-0.100322,0.421790,-2.218173,0.043600,0.286572,0.162477,0.008913,-0.030430,0.756601,0.268363
0.423393,0.433152,3.035714,0.873623,0.260821,-0.086320,0.420846,-2.213389,0.034561,0.291343,0.171476,0.011192,-0.051334,0.761237,0.260616
0.428586,0.433016,-0.099529,0.870146,0.257708,-0.074872,0.421804,-2.219510,0.032016,0.302151,0.183229,0.012445,-0.054035,0.757952,0.262642
0.423272,0.432123,-0.098126,0.868985,0.259678,-0.064457,0.422322,-2.221483,0.026037,0.309871,0.195984,0.013034,-0.056521,0.754773,0.250119
0.436393,0.433886,-0.110567,0.871227,0.257350,-0.054439,0.422464,-2.222073,0.017297,0.328266,0.207698,0.013178,-0.052202,0.753195,0.247085
0.448956,0.435440,-0.105460,0.859682,0.273514,-0.045814,0.422685,-2.227545,0.012136,0.326594,0.218331,0.012339,-0.044402,0.754037,0.257690
0.458340,0.437261,-0.110201,0.861268,0.259768,-0.038936,0.422406,-2.220862,0.013135,0.330599,0.228334,0.013557,-0.044905,0.755360,0.260401
0.465255,0.439529,-0.114130,0.856495,0.258574,-0.031317,0.421867,-2.233700,0.004430,0.343020,0.236121,0.013504,-0.044688,0.757108,0.270797
0.470830,0.441042,-0.120486,0.855500,0.258917,-0.025841,0.421573,-2.228103,0.999415,0.341269,0.243285,0.013005,-0.040179,0.755816,0.288870
0.477266,0.442662,-0.129045,0.856713,0.264683,-0.018613,0.421016,-2.248097,0.001130,0.340817,0.250528,0.012714,-0.035781,0.753707,0.285024
0.483205,0.444146,-0.128926,0.853118,0.250538,-0.013303,0.420771,-2.250504,0.005612,0.338173,0.256222,0.012764,-0.035243,0.755503,0.284369
0.486895,0.445054,-0.138071,0.851446,0.250525,-0.008457,0.421269,-2.258075,0.006715,0.341835,0.261243,0.013151,-0.035409,0.755127,0.296239
0.490362,0.446219,-0.137033,0.852137,0.256350,-0.005597,0.421789,-2.242223,0.003152,0.339017,0.265629,0.013164,-0.028499,0.755854,0.297374
0.494670,0.447165,-0.137777,0.850992,0.258217,-0.001316,0.422860,-2.245723,0.995150,0.338187,0.270170,0.013216,-0.024553,0.751301,0.282314
0.497822,0.447296,-0.138989,0.850640,0.257677,0.001634,0.422521,-2.249986,0.988992,0.337075,0.274146,0.012557,-0.022376,0.751206,0.273175
0.501276,0.447242,-0.148608,0.849731,0.257274,0.006154,0.422994,-2.269731,0.984912,0.336237,0.277374,0.012378,-0.021524,0.749826,0.250298
0.503059,0.448312,-0.150516,0.852014,0.253183,0.008830,0.422863,-2.274139,0.987528,0.334511,0.278790,0.012052,-0.017751,0.749096,0.242968
0.504226,0.448522,-0.159044,0.848686,0.251222,0.010120,0.423570,-2.277238,0.988612,0.332941,0.281300,0.012226,-0.014098,0.748001,0.244819
0.504866,0.448724,-0.162277,0.846343,0.253137,0.012439,0.423747,-2.284292,0.991036,0.330692,0.282839,0.011488,-0.008949,0.748704,0.247451
0.505983,0.449391,-0.160545,0.844776,0.254412,0.012873,0.423924,-2.277415,0.991252,0.329174,0.283896,0.011229,0.000838,0.747907,0.243795
0.505925,0.449553,-0.164229,0.845637,0.254127,0.014844,0.424395,-2.297246,0.990923,0.328862,0.285372,0.010543,0.005236,0.747468,0.241717
0.506859,0.449667,-0.166054,0.845331,0.255961,0.015820,0.424993,-2.294604,0.990519,0.328952,0.286397,0.010464,0.010357,0.746141,0.240050
0.506720,0.449626,-0.173534,0.844967,0.256355,0.017118,0.425165,-2.307285,0.988672,0.327319,0.287065,0.010231,0.012815,0.745652,0.238264
0.506658,0.449623,-0.172131,0.845641,0.256191,0.018257,0.425560,-2.312229,0.987294,0.327137,0.287512,0.010084,0.015351,0.746276,0.238073
0.511095,0.444349,-0.173152,0.845641,0.256191,0.023682,0.431893,-2.318215,0.985613,0.326251,0.282448,0.009469,0.013954,0.746379,0.240187
0.524678,0.422634,-0.191711,0.841223,0.282833,0.037202,0.456624,-2.328743,0.003051,0.285271,0.256596,0.006808,0.016515,0.751338,0.277811
0.542213,0.397075,-0.190301,0.833316,0.284216,0.053566,0.482075,-2.320122,0.987222,0.284080,0.229849,0.005072,0.014285,0.748334,0.254626
0.556195,0.375546,-0.179755,0.819491,0.233767,0.068600,0.498920,-2.327520,0.972964,0.315195,0.209671,0.006653,0.009647,0.744649,0.244553
0.566687,0.352083,-0.175420,0.817373,0.254778,0.085770,0.516645,-2.328763,0.959583,0.306296,0.188953,0.013087,0.005274,0.755195,0.274265
0.571965,0.335598,-0.175501,0.810560,0.234289,0.098934,0.529476,-2.332662,0.972667,0.284718,0.175895,0.017931,0.005501,0.762398,0.263226
0.575625,0.319653,-0.182610,0.807811,0.244977,0.113604,0.540996,-2.328890,0.962947,0.283806,0.167249,0.021492,0.026331,0.767780,0.270441
0.578109,0.303705,-0.176740,0.803618,0.242912,0.128070,0.550829,-2.329344,0.975779,0.253764,0.161119,0.024942,0.056474,0.773172,0.269128
0.580366,0.291345,-0.187062,0.803119,0.247573,0.140819,0.558056,-2.330373,0.950746,0.281739,0.150269,0.030557,0.055813,0.777168,0.264865
0.580579,0.279720,-0.178254,0.806911,0.265639,0.154116,0.563563,-2.326689,0.967925,0.247036,0.140142,0.036782,0.053729,0.785968,0.275842
0.581389,0.270146,-0.180475,0.807316,0.283569,0.165892,0.568798,-2.331935,0.968544,0.244157,0.130288,0.043456,0.047129,0.793302,0.287927
0.581486,0.262336,-0.186205,0.805441,0.268729,0.174660,0.571824,-2.327376,0.972712,0.233181,0.124078,0.049070,0.044671,0.793302,0.287927
0.581036,0.256333,-0.188836,0.801634,0.271409,0.182927,0.574977,-2.330212,0.969832,0.234899,0.117917,0.055881,0.042842,0.819696,0.309893
0.580284,0.251751,-0.193220,0.805636,0.305961,0.192271,0.578284,-2.333034,0.960570,0.237923,0.111171,0.063516,0.036573,0.836256,0.327223
0.579823,0.248249,-0.199735,0.802811,0.301700,0.198775,0.580209,-2.329839,0.966424,0.234266,0.107903,0.067231,0.031800,0.844173,0.335582
0.579217,0.243385,-0.196236,0.801820,0.302573,0.205627,0.581795,-2.328956,0.962468,0.231437,0.103485,0.071932,0.030041,0.851631,0.344638
0.578794,0.237863,-0.203918,0.805395,0.281412,0.212009,0.582655,-2.324981,0.954378,0.232349,0.098540,0.078192,0.020089,0.860587,0.356076
0.578674,0.233907,-0.210179,0.796522,0.245246,0.216949,0.583931,-2.328652,0.957242,0.231137,0.094809,0.082559,0.018643,0.862583,0.361761
0.577501,0.230928,-0.207057,0.793290,0.233164,0.221882,0.584894,-2.333761,0.962523,0.229562,0.091647,0.087510,0.022005,0.872397,0.355217
0.577540,0.229014,-0.212934,0.790475,0.225250,0.226005,0.585623,-2.333632,0.966836,0.227502,0.088361,0.091576,0.018303,0.875396,0.354633
0.577067,0.227896,-0.218102,0.789523,0.224014,0.227592,0.585747,-2.339975,0.964155,0.226459,0.086196,0.094215,0.017491,0.879887,0.362140
0.576035,0.226564,-0.221209,0.787195,0.222239,0.230183,0.585849,-2.350057,0.961704,0.226619,0.083610,0.097600,0.016283,0.874635,0.369447
0.575661,0.225421,-0.227399,0.785578,0.219882,0.233121,0.586014,-2.356400,0.952485,0.229627,0.081617,0.100673,0.017472,0.879722,0.368871
0.575645,0.224307,-0.232094,0.785804,0.220933,0.234946,0.586984,-2.356208,0.946863,0.235302,0.079992,0.103060,0.020286,0.879756,0.374841
0.574875,0.223199,-0.236790,0.785583,0.220027,0.237188,0.587933,-2.365799,0.942869,0.237342,0.078309,0.105372,0.017986,0.883324,0.374788
0.574443,0.221889,-0.243526,0.784400,0.217605,0.239047,0.588250,-2.377007,0.943651,0.237509,0.076572,0.108177,0.018019,0.889233,0.363755
0.574170,0.220853,-0.251016,0.782944,0.215579,0.240144,0.588481,-2.382376,0.938893,0.238853,0.075416,0.110349,0.022572,0.890393,0.359290
0.573723,0.219524,-0.255348,0.782644,0.216173,0.241704,0.589111,-2.395124,0.940468,0.239776,0.074101,0.112670,0.025501,0.890393,0.359290
0.573120,0.217665,-0.265071,0.782348,0.215802,0.244137,0.589710,-2.399610,0.944533,0.233129,0.072662,0.114542,0.023942,0.893592,0.353115
0.572574,0.216258,-0.272963,0.785097,0.223403,0.245190,0.590163,-2.403288,0.949442,0.229837,0.071788,0.115386,0.023124,0.896402,0.347619
0.572435,0.215263,-0.278865,0.790702,0.239779,0.245292,0.589981,-2.404400,0.949191,0.229297,0.071674,0.115381,0.022431,0.896124,0.347868
0.572336,0.214371,-0.283115,0.791600,0.244322,0.245287,0.590083,-2.403056,0.949631,0.229370,0.071789,0.115279,0.021799,0.895089,0.348405
0.572273,0.213645,-0.285012,0.792131,0.244246,0.245594,0.590105,-2.403558,0.949191,0.229297,0.071575,0.115406,0.022178,0.895108,0.349606
0.572091,0.213001,-0.287296,0.792303,0.244837,0.245389,0.590091,-2.403593,0.949036,0.229823,0.071859,0.115165,0.019672,0.894915,0.349399
0.571871,0.212073,-0.295360,0.791989,0.245997,0.245549,0.590067,-2.406031,0.949191,0.229297,0.071711,0.115354,0.022527,0.894826,0.349851
0.571721,0.212324,-0.290898,0.792191,0.246331,0.245381,0.590102,-2.402865,0.949036,0.229823,0.071749,0.115330,0.021497,0.895021,0.350088
0.571881,0.212046,-0.295918,0.792529,0.245404,0.245438,0.590111,-2.405310,0.949207,0.229790,0.071605,0.115190,0.022521,0.895021,0.350088
0.571896,0.212042,-0.296045,0.792529,0.245404,0.245233,0.590053,-2.403905,0.949972,0.229306,0.071814,0.115224,0.021252,0.895021,0.350088
0.571871,0.212051,-0.296164,0.792844,0.247041,0.245470,0.590229,-2.402611,0.949533,0.229234,0.071669,0.115345,0.022531,0.895021,0.350088
0.571768,0.212084,-0.296149,0.792529,0.245404,0.245294,0.590156,-2.403172,0.950143,0.229276,0.071663,0.115340,0.022275,0.895021,0.350088
0.571160,0.212230,-0.287823,0.792529,0.245404,0.245470,0.590181,-2.401831,0.950574,0.229348,0.071679,0.115187,0.021327,0.895021,0.350088
0.571821,0.214973,-0.312923,0.792660,0.246709,0.245359,0.590210,-2.409440,0.950143,0.229276,0.073434,0.114435,0.018737,0.895021,0.350088
0.581660,0.239877,-0.413929,0.793131,0.238648,0.226806,0.585120,-2.492579,0.947104,0.231592,0.090367,0.098519,-0.019728,0.876845,0.377029
0.600565,0.281362,-0.513734,0.800916,0.272117,0.190557,0.576967,-2.570098,0.958988,0.231051,0.117801,0.071957,-0.068149,0.855879,0.333317
0.613088,0.319634,-0.554183,0.804230,0.283504,0.159728,0.565785,-2.610028,0.964538,0.238688,0.143590,0.048964,-0.121545,0.814868,0.295718
0.615294,0.362807,-0.540599,0.805429,0.248278,0.129236,0.546433,-2.615516,0.956409,0.267226,0.175380,0.028701,-0.177551,0.814868,0.295718
0.610643,0.411160,-0.521077,0.809853,0.261551,0.096729,0.522364,-2.607555,0.971515,0.260625,0.214195,0.013709,-0.208420,0.763104,0.269080
0.600365,0.447839,-0.502616,0.817821,0.281649,0.072483,0.497608,-2.582372,0.944003,0.311110,0.249369,0.006877,-0.210918,0.763104,0.269080
0.584812,0.485270,-0.509870,0.824199,0.269020,0.051552,0.468598,-2.580250,0.976238,0.312024,0.289333,0.002171,-0.198540,0.753042,0.302013
0.562879,0.522074,-0.520496,0.826505,0.246038,0.032957,0.437618,-2.586640,0.977741,0.304520,0.330092,0.002960,-0.197167,0.740606,0.233278
0.543493,0.545959,-0.532106,0.826505,0.246038,0.020834,0.412161,-2.590206,0.000085,0.291895,0.359380,0.007260,-0.203399,0.740606,0.233278
0.520855,0.567880,-0.541041,0.842173,0.258976,0.010669,0.386045,-2.592485,0.005012,0.304015,0.388821,0.014147,-0.200296,0.739361,0.228554
0.497154,0.583995,-0.545626,0.847053,0.284292,0.008193,0.361278,-2.586908,0.010063,0.295440,0.412792,0.025289,-0.192809,0.739361,0.228554
0.478544,0.593542,-0.539859,0.858070,0.258836,0.006958,0.342338,-2.583422,0.000848,0.322739,0.429653,0.034176,-0.189617,0.748062,0.230226
0.460211,0.600377,-0.542319,0.858070,0.258836,0.005727,0.323858,-2.592735,0.004834,0.315719,0.444890,0.044095,-0.191553,0.748062,0.230226
0.442825,0.603686,-0.541899,0.874530,0.252246,0.007125,0.305373,-2.604914,0.005792,0.325491,0.460670,0.055365,-0.184012,0.749838,0.261470
0.430623,0.605632,-0.537397,0.874530,0.252246,0.006574,0.292072,-2.590809,0.009245,0.325662,0.471286,0.062581,-0.182319,0.750923,0.240214
0.419260,0.606719,-0.528418,0.870178,0.267311,0.007409,0.277523,-2.584156,0.009149,0.334365,0.480434,0.070294,-0.182351,0.746797,0.233450
0.406478,0.608022,-0.521945,0.872041,0.261139,0.008598,0.264266,-2.581202,0.017365,0.365996,0.488713,0.080285,-0.181071,0.751985,0.203341
0.396117,0.607762,-0.523615,0.880400,0.254938,0.009086,0.254761,-2.577106,0.993048,0.350531,0.493995,0.086468,-0.183171,0.751985,0.203341
0.387452,0.607142,-0.520169,0.882415,0.256077,0.010418,0.244364,-2.567245,0.021166,0.352595,0.499380,0.092986,-0.189891,0.756438,0.223210
0.379672,0.606467,-0.509371,0.882415,0.256077,0.012044,0.235139,-2.578166,0.021904,0.329289,0.504150,0.099370,-0.187518,0.757677,0.219418
0.373750,0.605244,-0.506986,0.890195,0.257247,0.013734,0.227846,-2.550802,0.010079,0.343938,0.508073,0.104682,-0.188489,0.757677,0.219418
0.370352,0.605083,-0.491013,0.884159,0.268758,0.014559,0.221113,-2.547222,0.999486,0.360636,0.511935,0.109608,-0.192396,0.758573,0.226657
0.366368,0.604596,-0.481303,0.884159,0.268758,0.016539,0.214694,-2.556049,0.000011,0.364339,0.515559,0.114278,-0.193110,0.757282,0.225251
0.362404,0.604470,-0.465128,0.883427,0.268782,0.017989,0.209647,-2.545400,0.992189,0.365444,0.518906,0.118501,-0.196501,0.759937,0.231192
0.357677,0.604230,-0.453117,0.884041,0.266242,0.018609,0.204245,-2.521764,0.984358,0.364039,0.521193,0.122288,-0.192233,0.759705,0.226506
0.354104,0.603209,-0.440657,0.892966,0.254523,0.021330,0.198136,-2.528305,0.985390,0.363736,0.523514,0.125967,-0.191803,0.758968,0.222671
0.352068,0.602744,-0.436885,0.891095,0.258251,0.022184,0.193781,-2.520539,0.986601,0.360905,0.525291,0.128364,-0.191515,0.760666,0.230714
0.350226,0.602536,-0.426779,0.889607,0.261386,0.022303,0.190041,-2.502024,0.985056,0.356245,0.526972,0.131183,-0.192370,0.760666,0.230714
0.347492,0.602082,-0.419491,0.886045,0.269491,0.024000,0.186337,-2.492447,0.982782,0.359756,0.529000,0.133385,-0.188613,0.760532,0.230868
0.345794,0.602000,-0.406231,0.886045,0.269491,0.025825,0.183777,-2.500638,0.981401,0.364307,0.530793,0.134893,-0.192716,0.761583,0.231649
0.344243,0.601859,-0.399573,0.883966,0.273055,0.027479,0.181363,-2.486675,0.979895,0.363374,0.532307,0.136619,-0.194812,0.761728,0.232640
0.343073,0.601783,-0.394416,0.883966,0.273055,0.028381,0.179460,-2.462835,0.978812,0.361512,0.533357,0.138544,-0.195194,0.763290,0.233073
0.341356,0.601974,-0.383986,0.882677,0.277927,0.029803,0.178139,-2.453964,0.977453,0.361405,0.534666,0.139504,-0.196595,0.761293,0.232183
0.338629,0.602133,-0.371684,0.884660,0.273053,0.031899,0.176055,-2.453646,0.981788,0.360470,0.534956,0.139643,-0.198173,0.759754,0.231609
0.337298,0.602024,-0.364360,0.889466,0.262220,0.032216,0.174651,-2.430125,0.985309,0.358913,0.534895,0.139661,-0.198129,0.760404,0.231624
0.336015,0.601932,-0.361181,0.889466,0.262220,0.033972,0.173451,-2.445181,0.985404,0.358447,0.535049,0.139366,-0.200153,0.759899,0.231443
0.335259,0.601844,-0.357237,0.890183,0.261801,0.033983,0.172601,-2.420253,0.984692,0.357851,0.534808,0.139953,-0.198085,0.760602,0.232695
0.334768,0.601606,-0.358559,0.890627,0.261825,0.034960,0.171262,-2.420501,0.983266,0.355308,0.534983,0.139633,-0.197870,0.760686,0.231293
0.334740,0.601670,-0.358285,0.888695,0.262713,0.036831,0.169765,-2.411556,0.982132,0.355083,0.534842,0.139638,-0.201223,0.760741,0.232529
0.334733,0.601596,-0.359164,0.890412,0.262908,0.036308,0.169553,-2.403518,0.980386,0.355112,0.534889,0.139514,-0.198969,0.759542,0.231103
0.334747,0.601574,-0.358265,0.888481,0.262918,0.037162,0.169425,-2.412591,0.980396,0.354366,0.534880,0.139621,-0.201129,0.760826,0.231131
0.334738,0.601617,-0.358825,0.888481,0.262918,0.037547,0.168858,-2.395656,0.977727,0.355047,0.534879,0.139720,-0.197084,0.760826,0.231131
0.334737,0.601624,-0.359010,0.890197,0.263113,0.039211,0.168031,-2.410982,0.977457,0.354139,0.534879,0.139546,-0.199370,0.760327,0.230955
0.334745,0.601690,-0.358826,0.890197,0.263113,0.038546,0.167223,-2.392292,0.977913,0.353588,0.534904,0.139653,-0.197476,0.760327,0.230955
0.334735,0.601672,-0.358485,0.889704,0.263368,0.038882,0.166978,-2.390591,0.977913,0.353588,0.534818,0.139830,-0.198808,0.760964,0.230969
0.334722,0.601626,-0.358844,0.889704,0.263368,0.039722,0.166838,-2.403392,0.977396,0.354035,0.534801,0.139831,-0.197178,0.760964,0.230969
0.334666,0.601682,-0.358889,0.889128,0.263223,0.040249,0.165723,-2.395216,0.977396,0.354035,0.534938,0.139683,-0.198370,0.760467,0.230796
0.334714,0.601621,-0.358471,0.890922,0.262237,0.040915,0.165628,-2.393893,0.977689,0.355680,0.534843,0.139820,-0.198434,0.760467,0.230796
0.334706,0.601689,-0.357816,0.890922,0.262237,0.041072,0.165658,-2.395442,0.977689,0.355680,0.534983,0.139435,-0.200764,0.761102,0.230809
0.334763,0.601594,-0.358420,0.889983,0.263320,0.041667,0.165047,-2.391864,0.976245,0.355296,0.534867,0.139738,-0.197241,0.760470,0.231668
0.334754,0.601641,-0.357420,0.889983,0.263320,0.041466,0.164981,-2.391964,0.976870,0.355519,0.534822,0.139792,-0.196846,0.760606,0.230637
0.334724,0.601629,-0.358854,0.889983,0.263320,0.041485,0.165027,-2.392074,0.976632,0.355328,0.534920,0.139535,-0.199071,0.760606,0.230637
0.334717,0.601660,-0.358622,0.890829,0.263418,0.041519,0.165094,-2.391633,0.976632,0.355328,0.534898,0.139732,-0.197074,0.759972,0.230624
0.334707,0.601659,-0.359087,0.889128,0.263223,0.041485,0.165001,-2.391756,0.976632,0.355328,0.534865,0.139781,-0.196812,0.760607,0.231508
0.334727,0.601662,-0.359148,0.889490,0.263578,0.041378,0.165020,-2.390991,0.976632,0.355328,0.534891,0.139778,-0.199453,0.760606,0.230637
0.334722,0.601695,-0.358488,0.889490,0.263578,0.041459,0.165010,-2.391860,0.976374,0.355137,0.534971,0.139672,-0.198118,0.760607,0.231508
0.334725,0.601641,-0.359014,0.889490,0.263578,0.041379,0.165043,-2.390676,0.977967,0.355571,0.534881,0.139771,-0.197080,0.760607,0.231508
0.334713,0.601657,-0.358405,0.889490,0.263578,0.041382,0.165021,-2.390616,0.977967,0.355571,0.534856,0.139768,-0.197150,0.761229,0.231522
0.334731,0.601677,-0.358036,0.889983,0.263320,0.041739,0.165138,-2.392967,0.977728,0.355382,0.534976,0.139471,-0.200526,0.760056,0.230109
0.334734,0.601606,-0.359070,0.889983,0.263320,0.041486,0.164997,-2.391834,0.977728,0.355382,0.534891,0.139537,-0.199247,0.760056,0.230109
0.334642,0.601663,-0.358198,0.890829,0.263418,0.041480,0.165077,-2.390292,0.976673,0.355030,0.534844,0.139759,-0.197429,0.760113,0.230467
0.334740,0.601581,-0.358876,0.890707,0.262442,0.041607,0.165033,-2.392406,0.976909,0.355220,0.534948,0.139514,-0.198893,0.760113,0.230467
0.334759,0.601615,-0.358567,0.890829,0.263418,0.041713,0.165048,-2.393941,0.977728,0.355382,0.534961,0.139667,-0.198043,0.760744,0.230481
0.334737,0.601620,-0.358602,0.889490,0.263578,0.041564,0.165039,-2.389087,0.977728,0.355382,0.534942,0.139678,-0.197016,0.760744,0.230481
0.334700,0.601623,-0.358924,0.889490,0.263578,0.041571,0.165069,-2.392286,0.976673,0.355030,0.534966,0.139683,-0.197961,0.761373,0.230494
0.334755,0.601645,-0.358758,0.889490,0.263578,0.041384,0.165070,-2.390369,0.976979,0.355647,0.534845,0.139765,-0.196896,0.760743,0.231349
0.336110,0.601415,-0.356203,0.890707,0.262442,0.044774,0.163647,-2.380160,0.976979,0.355647,0.539542,0.140312,-0.199987,0.760743,0.231349
0.341177,0.599997,-0.358636,0.892981,0.261092,0.057409,0.161262,-2.389211,0.957968,0.344192,0.553931,0.143948,-0.201221,0.759932,0.225717
0.344169,0.598850,-0.364134,0.890548,0.262130,0.067368,0.161236,-2.395217,0.956237,0.322635,0.564334,0.146599,-0.201635,0.761073,0.242712
0.346597,0.598754,-0.371759,0.887757,0.269327,0.075176,0.161140,-2.396694,0.961115,0.301827,0.572321,0.147867,-0.201127,0.763796,0.261344
0.349550,0.599378,-0.381024,0.887285,0.271032,0.081954,0.159609,-2.404270,0.953933,0.303610,0.579540,0.149273,-0.201820,0.759405,0.234136
0.352135,0.599793,-0.387931,0.887443,0.267985,0.086749,0.158383,-2.392161,0.944338,0.303246,0.586246,0.150275,-0.197897,0.756985,0.231710
0.354555,0.600345,-0.393465,0.885501,0.270142,0.093234,0.157446,-2.411519,0.945241,0.293373,0.592126,0.151008,-0.197993,0.757075,0.237335
0.357435,0.601381,-0.401040,0.887711,0.265564,0.097708,0.156664,-2.416526,0.940182,0.292671,0.596607,0.151948,-0.201975,0.757737,0.241555
0.360595,0.602343,-0.409555,0.894362,0.255761,0.101433,0.155822,-2.415448,0.940182,0.292671,0.600942,0.152014,-0.205378,0.758897,0.251151
0.361841,0.602258,-0.414826,0.896313,0.252037,0.104458,0.156049,-2.426093,0.931166,0.296317,0.604741,0.152025,-0.207431,0.753451,0.237709
0.362906,0.602518,-0.421499,0.893536,0.255196,0.107480,0.155325,-2.419023,0.929841,0.298127,0.608474,0.151585,-0.207841,0.749800,0.239157
0.363603,0.602376,-0.422686,0.891970,0.256412,0.109927,0.154996,-2.432545,0.929841,0.298127,0.611339,0.151103,-0.209103,0.748536,0.237969
0.364322,0.602477,-0.425088,0.887616,0.258048,0.111408,0.154676,-2.421422,0.920221,0.313449,0.613233,0.151226,-0.209805,0.748127,0.238433
0.364347,0.602470,-0.425200,0.885680,0.258566,0.115056,0.154294,-2.435509,0.918857,0.311560,0.615441,0.150700,-0.211021,0.747076,0.239621
0.364527,0.602468,-0.426074,0.887018,0.257912,0.116592,0.154506,-2.438443,0.918857,0.311560,0.617346,0.150950,-0.213747,0.748532,0.240244
0.365445,0.602485,-0.429521,0.887215,0.258330,0.118441,0.154748,-2.449890,0.918966,0.308607,0.618143,0.150592,-0.214033,0.747953,0.239775
0.365772,0.602583,-0.429953,0.887374,0.259281,0.119656,0.154872,-2.456350,0.918966,0.308607,0.618076,0.150943,-0.213282,0.748179,0.240872
0.366665,0.602487,-0.433076,0.888526,0.259230,0.121368,0.155592,-2.467320,0.922682,0.298747,0.618242,0.150705,-0.211850,0.747521,0.240268
0.367818,0.602635,-0.436082,0.887705,0.261191,0.122391,0.156101,-2.461990,0.922682,0.298747,0.618078,0.150385,-0.215706,0.747738,0.240021
0.368830,0.602532,-0.439961,0.888286,0.261907,0.123235,0.156067,-2.473625,0.926108,0.289470,0.618257,0.150740,-0.212033,0.747953,0.239775
0.369871,0.602511,-0.445124,0.889437,0.262742,0.123735,0.156072,-2.472495,0.929284,0.282226,0.618155,0.150709,-0.211497,0.748166,0.239531
0.370973,0.602789,-0.446043,0.888598,0.262024,0.125088,0.156603,-2.468788,0.930302,0.279166,0.618187,0.150765,-0.211856,0.748325,0.240487
0.371661,0.602706,-0.448708,0.888204,0.261744,0.125705,0.156312,-2.465814,0.928879,0.279124,0.618120,0.150599,-0.214174,0.748378,0.239289
0.371880,0.602727,-0.449826,0.890439,0.261177,0.125569,0.156620,-2.472761,0.928879,0.279124,0.618165,0.150463,-0.215541,0.747726,0.238691
0.371843,0.602701,-0.449616,0.888204,0.261744,0.125649,0.156381,-2.465354,0.930425,0.277786,0.618116,0.150567,-0.213996,0.747116,0.238429
0.371875,0.602546,-0.453463,0.888884,0.261422,0.125623,0.156407,-2.465082,0.930425,0.277786,0.618140,0.150603,-0.213425,0.747332,0.238191
0.372412,0.602509,-0.456792,0.888860,0.261361,0.125630,0.156373,-2.464916,0.929512,0.278653,0.618130,0.150566,-0.213683,0.748149,0.238213
0.372900,0.602564,-0.458483,0.889285,0.261701,0.125525,0.156673,-2.473025,0.930425,0.277786,0.618204,0.150420,-0.215366,0.747546,0.237954
0.372916,0.602581,-0.458917,0.888666,0.261550,0.125665,0.156350,-2.465167,0.930425,0.277786,0.618106,0.150520,-0.214090,0.748508,0.238927
0.372931,0.602542,-0.458449,0.890071,0.260306,0.125644,0.156320,-2.465544,0.930065,0.277642,0.618060,0.150449,-0.215342,0.748564,0.237741
0.372947,0.602556,-0.458435,0.888682,0.260961,0.125658,0.156330,-2.465286,0.930065,0.277642,0.618293,0.150651,-0.212053,0.747109,0.237126
0.372902,0.602587,-0.458740,0.890723,0.259945,0.125530,0.156675,-2.473219,0.930065,0.277642,0.618151,0.150613,-0.213821,0.747919,0.237149
0.373009,0.602666,-0.457325,0.889470,0.259589,0.125642,0.156393,-2.465237,0.930065,0.277642,0.618091,0.150461,-0.215578,0.748770,0.237508
0.372979,0.602699,-0.457077,0.889688,0.259472,0.125673,0.156352,-2.465077,0.929254,0.278092,0.618238,0.150633,-0.211565,0.747322,0.236894
0.372880,0.602548,-0.459047,0.889555,0.260480,0.125742,0.156110,-2.466793,0.930065,0.277642,0.618043,0.150431,-0.216218,0.748332,0.238200
0.372983,0.602685,-0.457232,0.890759,0.259438,0.125571,0.156609,-2.473038,0.930065,0.277642,0.617972,0.150627,-0.216372,0.748332,0.238200
0.372925,0.602601,-0.458245,0.890341,0.259130,0.125645,0.156399,-2.465303,0.930065,0.277642,0.618308,0.150656,-0.212411,0.748974,0.237276
0.372960,0.602523,-0.458724,0.889374,0.260091,0.125589,0.156612,-2.473184,0.929254,0.278092,0.618147,0.150610,-0.212483,0.747533,0.236663
0.372957,0.602726,-0.457126,0.889374,0.260091,0.125666,0.156377,-2.465225,0.929254,0.278092,0.618319,0.150699,-0.212538,0.747533,0.236663
0.372816,0.602609,-0.458797,0.889592,0.259976,0.125754,0.156595,-2.473168,0.930065,0.277642,0.618135,0.150423,-0.215775,0.748333,0.236686
0.372925,0.602712,-0.457182,0.889592,0.259976,0.125643,0.156377,-2.465157,0.929619,0.278237,0.618219,0.150707,-0.211575,0.749121,0.236710
0.372818,0.602620,-0.458775,0.889592,0.259976,0.125590,0.156594,-2.473083,0.930065,0.277642,0.618276,0.150571,-0.211967,0.749121,0.236710
0.372906,0.602612,-0.458117,0.890660,0.259942,0.125624,0.156410,-2.464941,0.929650,0.278346,0.618128,0.150634,-0.213800,0.748480,0.237632
0.372740,0.602572,-0.459067,0.890776,0.258906,0.125728,0.156303,-2.465621,0.929254,0.278092,0.618299,0.150643,-0.211432,0.747743,0.236433
0.372874,0.602610,-0.458668,0.890660,0.259942,0.125612,0.156415,-2.465010,0.929254,0.278092,0.618251,0.150715,-0.211680,0.747743,0.236433
0.372949,0.602533,-0.458576,0.891627,0.258986,0.125667,0.156327,-2.465545,0.929254,0.278092,0.618269,0.150644,-0.211673,0.747743,0.236433
0.372909,0.602614,-0.458292,0.889810,0.259862,0.125644,0.156365,-2.465145,0.930065,0.277642,0.618039,0.150508,-0.215896,0.747743,0.236433
0.373043,0.602641,-0.457131,0.889810,0.259862,0.125735,0.156420,-2.465198,0.930065,0.277642,0.618269,0.150576,-0.211766,0.748538,0.236457
0.372894,0.602605,-0.458611,0.889810,0.259862,0.125630,0.156372,-2.464960,0.930065,0.277642,0.618129,0.150647,-0.213689,0.748538,0.236457
0.372876,0.602575,-0.458492,0.889810,0.259862,0.125660,0.156343,-2.465222,0.929254,0.278092,0.618229,0.150621,-0.211497,0.749321,0.236481
0.372891,0.602578,-0.458691,0.890160,0.258747,0.125656,0.156344,-2.465026,0.930013,0.278491,0.618232,0.150634,-0.211821,0.748538,0.236457
0.372995,0.602685,-0.457114,0.890160,0.258747,0.125707,0.156396,-2.464404,0.929254,0.278092,0.618161,0.150749,-0.211764,0.748538,0.236457
0.372961,0.602745,-0.457052,0.890160,0.258747,0.125539,0.156659,-2.472584,0.929254,0.278092,0.618300,0.150611,-0.212021,0.747098,0.235845
0.372925,0.602709,-0.456904,0.890160,0.258747,0.125611,0.156430,-2.464741,0.929254,0.278092,0.618281,0.150721,-0.211555,0.747098,0.235845
0.372917,0.602741,-0.457422,0.888940,0.259781,0.125621,0.156401,-2.464725,0.929254,0.278092,0.618120,0.150900,-0.213036,0.747098,0.235845
0.372966,0.602764,-0.456870,0.890160,0.258747,0.125620,0.156412,-2.464752,0.929650,0.278346,0.618058,0.150525,-0.215388,0.748681,0.237402
0.372992,0.602720,-0.457226,0.890160,0.258747,0.125735,0.156414,-2.464764,0.929254,0.278092,0.618318,0.150661,-0.211825,0.747951,0.236205
0.373003,0.602735,-0.456929,0.890028,0.259748,0.125643,0.156366,-2.464528,0.929650,0.278346,0.618144,0.150772,-0.211411,0.747951,0.236205
0.372821,0.602643,-0.458728,0.890160,0.258747,0.125566,0.156642,-2.473366,0.929650,0.278346,0.618344,0.150619,-0.211249,0.747149,0.236182
0.372890,0.602579,-0.458447,0.890877,0.259828,0.125640,0.156360,-2.464925,0.929650,0.278346,0.618140,0.150596,-0.213410,0.747098,0.235845
0.372988,0.602672,-0.457090,0.890028,0.259748,0.125655,0.156336,-2.465005,0.929254,0.278092,0.618320,0.150625,-0.211843,0.747951,0.236205
0.372979,0.602534,-0.458493,0.891094,0.259715,0.125679,0.156317,-2.465539,0.929650,0.278346,0.618172,0.150738,-0.211742,0.747149,0.236182
0.372925,0.602517,-0.458551,0.890877,0.259828,0.125644,0.156387,-2.465009,0.929650,0.278346,0.618315,0.150617,-0.212088,0.747951,0.236205
0.372903,0.602536,-0.458305,0.890994,0.258796,0.125702,0.156378,-2.464892,0.930204,0.277339,0.618040,0.150450,-0.215471,0.747951,0.236205
0.372965,0.602514,-0.458547,0.890378,0.258636,0.125678,0.156355,-2.465483,0.929650,0.278346,0.618319,0.150554,-0.211953,0.747951,0.236205
0.372936,0.602534,-0.458264,0.889512,0.258557,0.125690,0.156433,-2.464582,0.930204,0.277339,0.618144,0.150692,-0.211323,0.747951,0.236205
0.372918,0.602565,-0.458952,0.891094,0.259715,0.125639,0.156396,-2.465200,0.929293,0.278202,0.618125,0.150537,-0.214022,0.748740,0.236229
0.372946,0.602675,-0.456896,0.889512,0.258557,0.125638,0.156377,-2.465168,0.930204,0.277339,0.618189,0.150570,-0.213751,0.747951,0.236205
0.372959,0.602729,-0.456815,0.890245,0.259636,0.125589,0.156619,-2.473269,0.930204,0.277339,0.618175,0.150761,-0.211953,0.748740,0.236229
0.372903,0.602550,-0.458829,0.890877,0.259828,0.125640,0.156357,-2.465193,0.930204,0.277339,0.618238,0.150668,-0.211920,0.748740,0.236229
0.372955,0.602762,-0.457267,0.889294,0.258667,0.126141,0.155671,-2.493955,0.930204,0.277339,0.618180,0.150806,-0.211713,0.747951,0.236205
0.374192,0.604947,-0.452320,0.889729,0.258447,0.119255,0.142389,-2.489944,0.930621,0.276440,0.621637,0.156673,-0.201181,0.748333,0.236686
0.377025,0.607289,-0.448318,0.890193,0.258254,0.114184,0.130510,-2.495990,0.912832,0.307514,0.625191,0.162940,-0.198449,0.744032,0.225567
0.378959,0.608851,-0.448234,0.888603,0.255268,0.109830,0.122638,-2.499014,0.919158,0.291687,0.627433,0.167629,-0.194273,0.746990,0.221273
0.380983,0.610382,-0.446884,0.886400,0.250999,0.105605,0.114887,-2.501056,0.933578,0.290141,0.630063,0.172093,-0.185850,0.749576,0.215666
0.383276,0.612589,-0.438342,0.885249,0.248836,0.102048,0.106971,-2.499424,0.926324,0.304829,0.632890,0.177379,-0.179756,0.748343,0.196081
0.384518,0.614193,-0.435057,0.886261,0.247395,0.099699,0.099685,-2.495907,0.915377,0.292609,0.635609,0.181225,-0.174969,0.751270,0.192175
0.385612,0.615805,-0.428305,0.886555,0.248065,0.097980,0.093793,-2.508506,0.914743,0.306567,0.638209,0.185017,-0.177048,0.752119,0.195702
0.386522,0.617268,-0.418047,0.887584,0.246021,0.095700,0.088140,-2.519022,0.912069,0.303350,0.640684,0.188767,-0.179606,0.755100,0.208140
0.387361,0.618908,-0.410504,0.888070,0.244577,0.094234,0.081702,-2.516926,0.912687,0.295996,0.642761,0.192537,-0.173088,0.759558,0.224620
0.388182,0.620313,-0.404616,0.890104,0.240245,0.093748,0.076731,-2.513116,0.907018,0.323020,0.645485,0.196575,-0.168922,0.759570,0.244201
0.388175,0.620315,-0.403163,0.889679,0.239912,0.093399,0.072452,-2.527066,0.902017,0.328407,0.647465,0.199675,-0.170422,0.758213,0.250073
0.388294,0.620414,-0.403977,0.889467,0.240075,0.093991,0.068191,-2.536386,0.900103,0.325091,0.649539,0.202984,-0.168747,0.754708,0.252418
0.388346,0.620532,-0.403841,0.889892,0.239749,0.094432,0.064109,-2.532036,0.895371,0.332978,0.651475,0.205622,-0.170345,0.753462,0.243806
0.388332,0.620534,-0.403896,0.889892,0.239749,0.094491,0.060379,-2.539827,0.885459,0.340468,0.653147,0.207866,-0.168107,0.752622,0.236206
0.388350,0.620564,-0.403746,0.889892,0.239749,0.094150,0.057647,-2.545813,0.877487,0.344697,0.654904,0.210856,-0.168658,0.750930,0.229457
0.388218,0.620659,-0.402773,0.889681,0.240575,0.093630,0.054609,-2.533362,0.872041,0.353232,0.656211,0.212683,-0.169358,0.753651,0.231879
0.388252,0.620420,-0.402529,0.889681,0.240575,0.094585,0.051596,-2.555091,0.865877,0.349895,0.657687,0.214318,-0.171395,0.751674,0.231558
0.388241,0.620689,-0.402409,0.889681,0.240575,0.094326,0.049143,-2.534221,0.860694,0.342506,0.659334,0.216093,-0.173280,0.752259,0.229731
0.388294,0.620550,-0.403825,0.888857,0.240561,0.095064,0.046892,-2.554331,0.854773,0.343964,0.660294,0.217126,-0.177405,0.751787,0.226443
0.388216,0.620645,-0.402924,0.888857,0.240561,0.095129,0.044768,-2.556558,0.851769,0.347746,0.661335,0.217770,-0.181442,0.752180,0.221987
0.388291,0.620483,-0.403874,0.889681,0.240575,0.095206,0.042566,-2.549114,0.848898,0.348719,0.661512,0.217753,-0.180091,0.751075,0.219414
0.388196,0.620628,-0.402978,0.889681,0.240575,0.095503,0.040916,-2.544719,0.844668,0.349691,0.661673,0.219468,-0.174021,0.750053,0.218095
0.388317,0.620528,-0.403809,0.888857,0.240561,0.094315,0.040741,-2.550424,0.843577,0.348203,0.661656,0.220525,-0.168386,0.750626,0.214447
0.388339,0.620518,-0.403610,0.889681,0.240575,0.094749,0.039628,-2.564116,0.841297,0.349277,0.661653,0.221442,-0.164693,0.750680,0.212471
0.388212,0.620643,-0.402973,0.888857,0.240561,0.095375,0.037758,-2.567041,0.840405,0.350362,0.661746,0.221365,-0.164558,0.750161,0.210538
0.388325,0.620533,-0.403817,0.888857,0.240561,0.095770,0.035999,-2.548960,0.837757,0.348508,0.661614,0.221442,-0.163429,0.749395,0.209501
0.388250,0.620599,-0.403867,0.888857,0.240561,0.096107,0.035061,-2.550967,0.835479,0.345903,0.661626,0.221510,-0.164645,0.749486,0.210143
0.388173,0.620670,-0.402839,0.889536,0.240752,0.096121,0.035032,-2.551359,0.834123,0.345077,0.661734,0.221404,-0.164890,0.748935,0.210131
0.388306,0.620553,-0.403021,0.888857,0.240561,0.095314,0.034483,-2.553946,0.834407,0.347360,0.661633,0.221480,-0.164597,0.748935,0.210131
0.388285,0.620606,-0.403839,0.888857,0.240561,0.095232,0.034601,-2.559060,0.833742,0.346366,0.661796,0.221441,-0.164642,0.749486,0.210143
0.388189,0.620689,-0.402766,0.890717,0.239763,0.095265,0.034575,-2.551601,0.833647,0.346472,0.661638,0.221506,-0.164557,0.749395,0.209501
0.388277,0.620485,-0.402626,0.890717,0.239763,0.095090,0.035084,-2.563906,0.833647,0.346472,0.661770,0.221366,-0.163641,0.749395,0.209501
0.388268,0.620673,-0.402328,0.888014,0.240546,0.095225,0.034558,-2.550821,0.834199,0.346583,0.661614,0.221455,-0.164199,0.749486,0.210143
0.388298,0.620554,-0.403928,0.888014,0.240546,0.095232,0.034599,-2.558927,0.833596,0.348273,0.661772,0.221347,-0.163383,0.748935,0.210131
0.388207,0.620647,-0.402979,0.888857,0.240561,0.095045,0.035003,-2.564465,0.834199,0.346583,0.661658,0.221451,-0.164585,0.748935,0.210131
0.388288,0.620540,-0.404026,0.888857,0.240561,0.095157,0.034753,-2.563536,0.834199,0.346583,0.661797,0.221276,-0.162469,0.748935,0.210131
0.388310,0.620543,-0.403648,0.888857,0.240561,0.095052,0.035008,-2.564184,0.833647,0.346472,0.661741,0.221387,-0.164722,0.749486,0.210143
0.388291,0.620523,-0.403826,0.888857,0.240561,0.095318,0.034445,-2.553868,0.833195,0.346256,0.661773,0.221397,-0.164212,0.749618,0.210527
0.388341,0.620546,-0.403593,0.889536,0.240752,0.095316,0.034581,-2.552094,0.834199,0.346583,0.661741,0.221388,-0.164737,0.750236,0.209994
0.388196,0.620667,-0.402607,0.889536,0.240752,0.095042,0.035009,-2.564189,0.833050,0.348163,0.661632,0.221459,-0.164350,0.749395,0.209501
0.388255,0.620671,-0.402362,0.890717,0.239763,0.095266,0.034611,-2.551596,0.833647,0.346472,0.661616,0.221489,-0.164563,0.749395,0.209501
0.388317,0.620541,-0.403308,0.890717,0.239763,0.095163,0.034746,-2.563729,0.833195,0.346256,0.661789,0.221398,-0.164432,0.749618,0.210527
0.388279,0.620604,-0.404174,0.890717,0.239763,0.095170,0.034900,-2.566797,0.833647,0.346472,0.661773,0.221434,-0.164427,0.749486,0.210143
0.388291,0.620556,-0.403091,0.888014,0.240546,0.095285,0.034568,-2.551384,0.834199,0.346583,0.661727,0.221408,-0.164406,0.749618,0.210527
0.388340,0.620598,-0.403780,0.890717,0.239763,0.095160,0.034746,-2.563875,0.834199,0.346583,0.661777,0.221425,-0.164681,0.749553,0.209372
0.388196,0.620699,-0.403062,0.890717,0.239763,0.095114,0.034908,-2.565735,0.834199,0.346583,0.661726,0.221417,-0.164754,0.749094,0.209999
0.388282,0.620560,-0.403915,0.890717,0.239763,0.095391,0.034448,-2.554490,0.834199,0.346583,0.661732,0.221408,-0.164473,0.750314,0.210407
0.388222,0.620688,-0.402755,0.890717,0.239763,0.095273,0.034581,-2.551645,0.833742,0.346366,0.661640,0.221492,-0.164772,0.749156,0.209232
0.388322,0.620585,-0.403722,0.890717,0.239763,0.095323,0.034478,-2.553766,0.833647,0.346472,0.661794,0.221401,-0.164433,0.749796,0.209878
0.388244,0.620677,-0.402642,0.890717,0.239763,0.095272,0.034557,-2.551205,0.834199,0.346583,0.661737,0.221403,-0.164532,0.749410,0.209732
0.388380,0.620635,-0.404461,0.889892,0.239749,0.095219,0.034624,-2.558755,0.833195,0.346256,0.661787,0.221342,-0.163501,0.748888,0.209199
0.388169,0.620641,-0.402039,0.890717,0.239763,0.095346,0.034538,-2.552099,0.833742,0.346366,0.661582,0.221552,-0.163612,0.749721,0.209460
0.388314,0.620543,-0.403802,0.890717,0.239763,0.095282,0.034576,-2.551569,0.833195,0.346256,0.661764,0.221352,-0.163309,0.749875,0.209322
0.388333,0.620548,-0.403618,0.890717,0.239763,0.095250,0.034592,-2.559018,0.833473,0.348554,0.661789,0.221378,-0.164580,0.749046,0.209062
0.388350,0.620575,-0.403750,0.889892,0.239749,0.095276,0.034614,-2.551635,0.833742,0.346366,0.661740,0.221419,-0.164642,0.749949,0.209743
0.388193,0.620663,-0.402974,0.890717,0.239763,0.095288,0.034570,-2.551614,0.833195,0.346256,0.661619,0.221460,-0.164400,0.749410,0.209732
0.388350,0.620599,-0.403765,0.889892,0.239749,0.095260,0.034644,-2.550347,0.833742,0.346366,0.661708,0.221458,-0.162453,0.749156,0.209232
0.388139,0.620580,-0.401724,0.889893,0.240410,0.095275,0.034607,-2.559003,0.833742,0.346366,0.661825,0.221390,-0.164337,0.749774,0.210395
0.388215,0.620652,-0.403397,0.889893,0.240410,0.095125,0.035002,-2.565359,0.833742,0.346366,0.661628,0.221511,-0.164666,0.750161,0.210538
0.388350,0.620525,-0.403362,0.889893,0.240410,0.095259,0.034563,-2.551189,0.833523,0.346751,0.661663,0.221371,-0.165162,0.749618,0.210527
0.388184,0.620686,-0.402615,0.889893,0.240410,0.095241,0.034590,-2.558712,0.833473,0.348554,0.661761,0.221400,-0.164444,0.748935,0.210131
0.388292,0.620652,-0.402836,0.889893,0.240410,0.095229,0.034590,-2.550758,0.833742,0.346366,0.661633,0.221495,-0.164617,0.750547,0.210680
0.388146,0.620639,-0.402274,0.889893,0.240410,0.095257,0.034618,-2.550236,0.834283,0.346476,0.661777,0.221399,-0.164346,0.749460,0.210657
0.388345,0.620491,-0.401693,0.889893,0.240410,0.095282,0.034606,-2.551706,0.833742,0.346366,0.661653,0.221477,-0.164610,0.749460,0.210657
0.388209,0.620686,-0.402905,0.889893,0.240410,0.095106,0.034864,-2.567391,0.833742,0.346366,0.661819,0.221363,-0.164294,0.750396,0.210809
0.388288,0.620528,-0.403669,0.889893,0.240410,0.095268,0.034584,-2.551660,0.834283,0.346476,0.661784,0.221409,-0.164208,0.750396,0.210809
0.388178,0.620592,-0.402448,0.889893,0.240410,0.095089,0.034979,-2.565358,0.833742,0.346366,0.661795,0.221384,-0.164179,0.749853,0.210797
0.388305,0.620552,-0.403862,0.889893,0.240410,0.095283,0.034569,-2.551320,0.832928,0.348443,0.661621,0.221467,-0.164369,0.749302,0.210786
0.388341,0.620531,-0.403781,0.889893,0.240410,0.095339,0.034485,-2.553870,0.832378,0.348332,0.661758,0.221376,-0.164951,0.749302,0.210786
0.388197,0.620626,-0.403863,0.889069,0.240396,0.095261,0.034586,-2.551439,0.833195,0.346256,0.661642,0.221473,-0.164514,0.749302,0.210786
0.387788,0.617481,-0.410930,0.889893,0.240410,0.095163,0.029375,-2.560757,0.833647,0.346472,0.663531,0.217897,-0.154895,0.749774,0.210395
0.387045,0.592943,-0.418478,0.881857,0.253752,0.096697,0.003232,-2.560486,0.806096,0.338624,0.670817,0.193138,-0.137180,0.748084,0.240425
0.386768,0.558548,-0.417791,0.882829,0.253837,0.099805,-0.033658,-2.566072,0.770016,0.340716,0.676945,0.158725,-0.148170,0.745147,0.234089
0.388269,0.531443,-0.409839,0.879204,0.259126,0.101712,-0.062835,-2.575048,0.690965,0.368115,0.679444,0.131582,-0.151475,0.739460,0.207788
0.389358,0.502064,-0.407653,0.886458,0.251522,0.104097,-0.094917,-2.601816,0.657706,0.324702,0.682439,0.101769,-0.151261,0.726876,0.203588
0.389774,0.470227,-0.417823,0.886560,0.250313,0.105644,-0.129320,-2.611221,0.643723,0.295122,0.685829,0.068705,-0.154512,0.713655,0.193523
0.389118,0.444808,-0.423658,0.876737,0.255842,0.107202,-0.157337,-2.615155,0.632146,0.281827,0.688158,0.041545,-0.154753,0.705085,0.200461
0.389519,0.415889,-0.421789,0.874167,0.259263,0.108168,-0.188456,-2.623786,0.613047,0.277008,0.690104,0.011311,-0.157101,0.696648,0.202249
0.391412,0.383129,-0.425750,0.873866,0.266786,0.109244,-0.223550,-2.628704,0.609862,0.280480,0.691089,-0.021537,-0.161738,0.667941,0.180868
0.392289,0.356273,-0.428072,0.871863,0.263891,0.109661,-0.250659,-2.628157,0.602734,0.271191,0.693347,-0.049002,-0.167098,0.669275,0.230406
0.392655,0.327179,-0.433617,0.872084,0.261143,0.111242,-0.281448,-2.635108,0.601632,0.259021,0.695422,-0.078663,-0.171249,0.663241,0.260950
0.392784,0.295385,-0.441784,0.859617,0.263573,0.112034,-0.315403,-2.635989,0.589144,0.282283,0.697358,-0.111679,-0.181881,0.646744,0.251819
0.393862,0.268812,-0.437113,0.857227,0.269886,0.112054,-0.343503,-2.643826,0.595526,0.252927,0.699221,-0.138631,-0.187812,0.625793,0.254773
0.394505,0.239370,-0.436656,0.850507,0.284049,0.112757,-0.374587,-2.646135,0.591333,0.254876,0.701008,-0.168486,-0.193986,0.625793,0.254773
0.395167,0.207145,-0.443881,0.838842,0.262672,0.113758,-0.408214,-2.652213,0.589672,0.256354,0.702217,-0.201563,-0.198084,0.625216,0.259374
0.394798,0.181784,-0.447544,0.823309,0.266486,0.113603,-0.434682,-2.660212,0.577862,0.263091,0.703307,-0.229009,-0.200930,0.591784,0.221691
0.394715,0.157619,-0.449613,0.820202,0.273824,0.113474,-0.459848,-2.660800,0.572289,0.265055,0.702976,-0.254267,-0.204827,0.591225,0.218473
0.395862,0.134166,-0.449901,0.816615,0.287314,0.113958,-0.486936,-2.654662,0.566659,0.267486,0.702835,-0.278589,-0.206774,0.587587,0.215214
0.396615,0.116887,-0.451455,0.809202,0.282634,0.113826,-0.503988,-2.657567,0.569221,0.265462,0.703012,-0.296000,-0.207847,0.584621,0.215491
0.396941,0.100052,-0.454960,0.797268,0.250058,0.114062,-0.522265,-2.646697,0.561541,0.267723,0.702734,-0.312784,-0.212227,0.584621,0.215491
0.397024,0.083356,-0.455548,0.790624,0.251334,0.113532,-0.539764,-2.674129,0.557536,0.271255,0.701775,-0.330487,-0.216059,0.609386,0.217179
0.397292,0.071940,-0.464676,0.788804,0.255165,0.113842,-0.553547,-2.652585,0.555697,0.272175,0.700674,-0.342925,-0.211599,0.579656,0.208073
0.396979,0.061900,-0.466784,0.788410,0.280692,0.112996,-0.565598,-2.654916,0.555483,0.271389,0.700556,-0.354406,-0.224295,0.579687,0.204952
0.396732,0.050609,-0.472842,0.788789,0.296631,0.112243,-0.577693,-2.684031,0.556804,0.274510,0.700471,-0.366444,-0.226355,0.576295,0.204700
0.396698,0.042144,-0.473328,0.783819,0.270025,0.112001,-0.586458,-2.678753,0.551373,0.274603,0.700620,-0.375018,-0.226659,0.576819,0.219872
0.396839,0.036198,-0.474134,0.779748,0.266403,0.111326,-0.595750,-2.686428,0.552841,0.268863,0.700601,-0.383498,-0.232879,0.579752,0.214027
0.397218,0.029822,-0.471676,0.779600,0.286496,0.111410,-0.604985,-2.682927,0.552841,0.268863,0.700472,-0.392115,-0.238866,0.576887,0.208178
0.397418,0.023936,-0.470491,0.776363,0.291553,0.110801,-0.613154,-2.689990,0.552841,0.268863,0.699969,-0.398229,-0.240794,0.579660,0.214152
0.398156,0.017284,-0.465103,0.776475,0.294925,0.109941,-0.623654,-2.677520,0.549532,0.267207,0.698980,-0.403396,-0.246620,0.578820,0.223880
0.398682,0.011996,-0.464906,0.775621,0.279636,0.110206,-0.628539,-2.695281,0.553668,0.255835,0.698532,-0.409139,-0.248025,0.578820,0.223880
0.399259,0.008814,-0.460784,0.770351,0.270746,0.109303,-0.633362,-2.698274,0.552511,0.256278,0.698254,-0.414014,-0.250852,0.577500,0.219099
0.399709,0.006355,-0.459751,0.768707,0.272009,0.110096,-0.637829,-2.684446,0.550932,0.259184,0.698514,-0.417263,-0.259976,0.577500,0.219099
0.400264,0.003208,-0.452666,0.768997,0.278064,0.110584,-0.642775,-2.680417,0.552035,0.259068,0.698371,-0.420155,-0.266695,0.574606,0.214738
0.400571,0.000334,-0.454231,0.767748,0.287965,0.109771,-0.645498,-2.694966,0.554562,0.254482,0.697897,-0.422228,-0.277996,0.575117,0.218637
0.401295,-0.002033,-0.447006,0.768050,0.292960,0.109680,-0.648810,-2.693599,0.551406,0.253835,0.697510,-0.424160,-0.286360,0.577083,0.223329
0.401646,-0.004070,-0.443570,0.765359,0.293270,0.109522,-0.652082,-2.676432,0.546563,0.252671,0.696653,-0.426388,-0.297627,0.580668,0.230163
0.401966,-0.005991,-0.443414,0.762534,0.294692,0.109576,-0.654509,-2.699924,0.544953,0.251885,0.696142,-0.428340,-0.307503,0.580668,0.230163
0.402350,-0.008444,-0.438465,0.761305,0.288528,0.109401,-0.656945,-2.690484,0.548564,0.251562,0.695602,-0.430115,-0.314260,0.579465,0.230439
0.402537,-0.010191,-0.437217,0.761217,0.285587,0.109310,-0.660046,-2.682876,0.543912,0.257828,0.695265,-0.431806,-0.323810,0.579465,0.230439
0.402648,-0.011213,-0.437102,0.761486,0.282869,0.108863,-0.661903,-2.699834,0.545484,0.259548,0.694753,-0.433179,-0.331066,0.580224,0.230938
0.402709,-0.012345,-0.438732,0.761210,0.281462,0.108724,-0.662887,-2.693816,0.547288,0.281202,0.694721,-0.434909,-0.337063,0.580224,0.230938
0.402708,-0.013368,-0.438032,0.761576,0.282085,0.108464,-0.663061,-2.703373,0.550413,0.286111,0.694156,-0.435834,-0.342641,0.577724,0.225954
0.402699,-0.014369,-0.439627,0.762851,0.282315,0.108371,-0.662993,-2.701613,0.550979,0.286132,0.694056,-0.436718,-0.345200,0.577724,0.225954
0.402368,-0.014622,-0.440424,0.761812,0.281111,0.108475,-0.663112,-2.700929,0.547590,0.285931,0.693741,-0.438487,-0.357019,0.578932,0.226269
0.402532,-0.014629,-0.441425,0.762268,0.282908,0.108580,-0.663088,-2.705515,0.548714,0.286011,0.693508,-0.438870,-0.356898,0.578932,0.226269
0.402542,-0.014602,-0.441195,0.761812,0.281111,0.108833,-0.663338,-2.694992,0.550413,0.286111,0.693253,-0.439237,-0.361598,0.577469,0.227588
0.402578,-0.014503,-0.439891,0.762268,0.282908,0.108333,-0.662943,-2.703520,0.550413,0.286111,0.693202,-0.440333,-0.361883,0.577469,0.227588
0.402516,-0.014620,-0.441624,0.761171,0.280996,0.108651,-0.662485,-2.696566,0.548714,0.286011,0.693485,-0.440695,-0.362548,0.578276,0.227410
0.402361,-0.014662,-0.440747,0.761812,0.281111,0.108367,-0.662961,-2.703057,0.548714,0.286011,0.692308,-0.440435,-0.368663,0.576849,0.226995
0.408922,-0.016637,-0.428085,0.762549,0.278763,0.106482,-0.661531,-2.701126,0.548714,0.286011,0.691496,-0.447617,-0.349144,0.576849,0.226995
0.440974,-0.022320,-0.391364,0.762404,0.276743,0.089144,-0.642397,-2.656151,0.542378,0.258555,0.684370,-0.479278,-0.343353,0.573071,0.223603
0.472837,-0.028258,-0.383950,0.762404,0.276743,0.068541,-0.621102,-2.621920,0.538926,0.265036,0.677173,-0.506110,-0.355243,0.573071,0.223603
0.509001,-0.033312,-0.385638,0.762404,0.276743,0.046514,-0.592325,-2.613941,0.534624,0.256737,0.666905,-0.528300,-0.355399,0.574056,0.227650
0.548971,-0.039317,-0.389987,0.746253,0.243051,0.030169,-0.561987,-2.613708,0.535022,0.262124,0.656268,-0.548517,-0.354567,0.573985,0.225549
0.570139,-0.051425,-0.397401,0.747336,0.220839,0.019831,-0.537962,-2.619906,0.529244,0.259569,0.646661,-0.561872,-0.360810,0.566794,0.223883
0.586879,-0.065845,-0.384169,0.740815,0.268767,0.011251,-0.513084,-2.607861,0.528917,0.257895,0.636367,-0.575218,-0.359711,0.566951,0.225635
0.601124,-0.078279,-0.376019,0.732534,0.264974,0.008265,-0.491542,-2.601501,0.521732,0.271229,0.627023,-0.586670,-0.366698,0.566646,0.226277
0.612729,-0.088667,-0.371041,0.725236,0.297617,0.003640,-0.470826,-2.599064,0.521399,0.269865,0.618278,-0.596846,-0.375369,0.558792,0.229012
0.623116,-0.099206,-0.369232,0.726592,0.288335,0.002536,-0.454269,-2.603151,0.522145,0.272241,0.609339,-0.604972,-0.378093,0.561689,0.234345
0.632604,-0.108683,-0.360867,0.721716,0.294589,0.001284,-0.438926,-2.626977,0.527723,0.259550,0.602206,-0.613632,-0.381497,0.560312,0.224850
0.639604,-0.117767,-0.354429,0.716003,0.292507,0.000789,-0.425216,-2.624174,0.522523,0.265772,0.594698,-0.620022,-0.382161,0.558173,0.220934
0.645559,-0.125461,-0.349730,0.716241,0.283174,-0.000997,-0.412308,-2.624490,0.534980,0.260900,0.588470,-0.625966,-0.386082,0.562864,0.227940
0.650756,-0.132712,-0.346372,0.717584,0.289705,-0.000444,-0.402819,-2.625985,0.537566,0.257034,0.582335,-0.631486,-0.383800,0.565559,0.234356
0.655699,-0.139065,-0.336743,0.717584,0.289705,-0.000090,-0.392991,-2.625873,0.538237,0.258568,0.577364,-0.636823,-0.377236,0.560621,0.234743
0.659481,-0.143254,-0.334760,0.714794,0.279244,-0.001052,-0.384568,-2.619836,0.541915,0.256151,0.572273,-0.641361,-0.382940,0.557253,0.228124
0.662139,-0.146390,-0.337967,0.715321,0.275032,-0.001090,-0.376840,-2.621435,0.542009,0.261803,0.567707,-0.644031,-0.380215,0.557665,0.220059
0.664185,-0.150650,-0.336663,0.713717,0.266343,-0.000742,-0.370548,-2.620839,0.535132,0.260665,0.563588,-0.647923,-0.372972,0.554457,0.226148
0.666499,-0.154278,-0.329085,0.711515,0.257105,-0.000683,-0.364340,-2.616732,0.533798,0.263987,0.560067,-0.651804,-0.372174,0.552724,0.237427
0.668166,-0.158454,-0.326586,0.711515,0.257105,-0.000242,-0.359161,-2.616976,0.539053,0.259739,0.556577,-0.653947,-0.374118,0.551653,0.239360
0.669395,-0.162491,-0.328199,0.713856,0.230616,-0.000690,-0.354560,-2.619139,0.538228,0.263291,0.553743,-0.657378,-0.369742,0.551450,0.240226
0.670163,-0.165350,-0.325254,0.713494,0.240462,-0.001517,-0.350301,-2.604379,0.536855,0.262285,0.551308,-0.659308,-0.369284,0.551123,0.240070
0.671627,-0.167752,-0.327461,0.712846,0.246257,-0.001830,-0.346991,-2.604151,0.535989,0.262431,0.548969,-0.661113,-0.365382,0.551243,0.237043
0.671828,-0.169258,-0.327482,0.711736,0.255941,-0.001304,-0.344184,-2.613844,0.536679,0.262464,0.546920,-0.663272,-0.365932,0.553784,0.240000
0.671501,-0.169950,-0.328365,0.711930,0.258211,-0.001425,-0.340454,-2.601873,0.537666,0.260896,0.544914,-0.664302,-0.352068,0.555076,0.241257
0.671401,-0.170506,-0.330726,0.711930,0.258211,-0.000859,-0.338139,-2.607813,0.534411,0.263665,0.542667,-0.664661,-0.351211,0.555784,0.240139
0.671232,-0.171121,-0.332090,0.710643,0.258467,-0.000831,-0.335543,-2.602893,0.538764,0.260264,0.541386,-0.665472,-0.340988,0.555465,0.240779
0.671161,-0.171339,-0.333706,0.711341,0.259606,-0.000062,-0.333268,-2.600178,0.540827,0.258762,0.539361,-0.666099,-0.330028,0.555178,0.238870
0.671167,-0.171940,-0.337293,0.711723,0.259929,-0.000392,-0.331498,-2.593756,0.540038,0.257682,0.537723,-0.666200,-0.323760,0.551757,0.236121
0.671425,-0.172279,-0.341940,0.711723,0.259929,-0.000552,-0.330031,-2.588429,0.537217,0.257951,0.536712,-0.666743,-0.321290,0.551370,0.231078
0.671323,-0.172462,-0.343103,0.710839,0.259308,0.000183,-0.329386,-2.590292,0.540016,0.257496,0.535621,-0.666994,-0.316074,0.550158,0.229160
0.671399,-0.172421,-0.343807,0.710839,0.259308,0.000573,-0.328675,-2.588920,0.539687,0.258184,0.534280,-0.667281,-0.310704,0.550222,0.227708
0.671450,-0.172436,-0.343785,0.711441,0.259310,0.000734,-0.328217,-2.587054,0.539435,0.258929,0.533670,-0.667595,-0.307617,0.550239,0.228150
0.671475,-0.172450,-0.343607,0.710835,0.257931,0.001196,-0.327269,-2.584368,0.539588,0.258766,0.533750,-0.667580,-0.306895,0.549976,0.229705
0.671355,-0.172389,-0.342916,0.710835,0.257931,0.001089,-0.327341,-2.584286,0.539409,0.259335,0.533729,-0.667648,-0.307990,0.549976,0.229705
0.671383,-0.172430,-0.343083,0.712309,0.258535,0.001087,-0.327228,-2.583299,0.541727,0.258546,0.533822,-0.667619,-0.307134,0.550179,0.229066
0.671383,-0.172340,-0.344053,0.711930,0.258211,0.001098,-0.327322,-2.583276,0.540514,0.258184,0.533608,-0.667582,-0.307789,0.549122,0.229708
0.671416,-0.172494,-0.343818,0.711739,0.257351,0.001011,-0.327303,-2.583068,0.540514,0.258184,0.533953,-0.667658,-0.306648,0.549832,0.229429
0.671402,-0.172373,-0.344116,0.711739,0.257351,0.001152,-0.327361,-2.584137,0.540514,0.258184,0.533625,-0.667628,-0.308883,0.550487,0.229488
0.671411,-0.172539,-0.344688,0.712519,0.256808,0.001285,-0.327338,-2.584818,0.543561,0.258102,0.533739,-0.667643,-0.306962,0.549324,0.229066
0.671432,-0.172429,-0.343820,0.712113,0.256258,0.001194,-0.327383,-2.584490,0.539588,0.258766,0.533745,-0.667755,-0.308574,0.549982,0.229123
0.671388,-0.172455,-0.343746,0.712113,0.256258,0.001134,-0.327312,-2.582317,0.541350,0.258557,0.533723,-0.667753,-0.308532,0.550689,0.228847
0.671454,-0.172381,-0.343218,0.711431,0.255150,0.001084,-0.327337,-2.584031,0.541350,0.258557,0.533717,-0.667684,-0.307525,0.548980,0.229426
0.671420,-0.172427,-0.343612,0.712923,0.255945,0.001067,-0.327384,-2.583289,0.541350,0.258557,0.533726,-0.667770,-0.308331,0.549689,0.229149
0.671511,-0.172497,-0.344375,0.711924,0.255391,0.001151,-0.327367,-2.583929,0.543128,0.258350,0.533647,-0.667586,-0.307666,0.550239,0.228150
0.671350,-0.172445,-0.343327,0.710952,0.255080,0.001099,-0.327357,-2.582754,0.542344,0.257739,0.533765,-0.667784,-0.308278,0.550183,0.228481
0.671444,-0.172445,-0.343809,0.712141,0.255078,0.001132,-0.327353,-2.583520,0.542344,0.257739,0.533713,-0.667755,-0.308378,0.549182,0.228784
0.671383,-0.172403,-0.342618,0.711734,0.254524,0.001175,-0.327381,-2.584483,0.540140,0.258195,0.533732,-0.667598,-0.307011,0.548468,0.229060
0.671389,-0.172424,-0.343812,0.712327,0.254524,0.001042,-0.327311,-2.582142,0.540140,0.258195,0.533691,-0.667783,-0.308338,0.549182,0.228784
0.671444,-0.172419,-0.344086,0.711357,0.254216,0.001100,-0.327357,-2.585537,0.541906,0.257988,0.533805,-0.667628,-0.306825,0.549182,0.228784
0.671313,-0.172437,-0.343454,0.712221,0.254741,0.001080,-0.327280,-2.583643,0.542522,0.257185,0.533593,-0.667672,-0.308594,0.549893,0.228508
0.671416,-0.172428,-0.344043,0.712139,0.253657,0.001156,-0.327368,-2.584342,0.544297,0.256985,0.533719,-0.667622,-0.306605,0.549893,0.228508
0.671430,-0.172389,-0.343274,0.711734,0.253099,0.001162,-0.327303,-2.584414,0.541906,0.257988,0.533658,-0.667603,-0.306653,0.549893,0.228508
0.671170,-0.172753,-0.346920,0.711734,0.253099,0.001103,-0.327324,-2.586503,0.543179,0.258114,0.533556,-0.667924,-0.307049,0.549893,0.228508
0.655426,-0.174422,-0.365815,0.712512,0.253969,-0.015495,-0.325383,-2.609085,0.523000,0.274391,0.514754,-0.669487,-0.346011,0.552037,0.241650
0.625792,-0.177283,-0.369152,0.700450,0.304061,-0.045666,-0.324622,-2.618489,0.498361,0.269972,0.482731,-0.671337,-0.362708,0.553841,0.243445
0.595154,-0.179164,-0.366349,0.708706,0.273752,-0.075614,-0.325859,-2.616874,0.488466,0.254482,0.450023,-0.673481,-0.351929,0.547811,0.220119
0.565504,-0.181002,-0.369111,0.700887,0.304062,-0.101643,-0.323233,-2.594785,0.462093,0.262941,0.417602,-0.675564,-0.358221,0.544519,0.222307
0.536234,-0.181922,-0.362628,0.710563,0.270489,-0.132083,-0.322312,-2.613112,0.445013,0.251801,0.386318,-0.678087,-0.365688,0.541841,0.230507
0.506699,-0.183560,-0.367362,0.711945,0.293488,-0.161252,-0.320227,-2.613652,0.430267,0.251584,0.357292,-0.680833,-0.353888,0.541322,0.228419
0.477587,-0.184909,-0.366455,0.714448,0.242285,-0.191376,-0.319907,-2.623610,0.414334,0.243536,0.328595,-0.681923,-0.350341,0.545230,0.237730
0.448389,-0.186362,-0.362507,0.710328,0.262309,-0.220581,-0.319041,-2.606449,0.397086,0.240948,0.299738,-0.683611,-0.352590,0.537682,0.238847
0.419800,-0.188495,-0.357870,0.713720,0.249500,-0.248692,-0.319324,-2.609973,0.382286,0.257234,0.268927,-0.684809,-0.347864,0.537841,0.237582
0.390663,-0.190037,-0.358619,0.707249,0.271639,-0.278487,-0.318900,-2.610616,0.366047,0.244926,0.236499,-0.686145,-0.352085,0.545984,0.269980
0.361881,-0.191494,-0.362721,0.706530,0.272925,-0.306742,-0.318787,-2.611419,0.346658,0.254580,0.203588,-0.687529,-0.352121,0.545776,0.270934
0.332608,-0.191059,-0.356405,0.703824,0.267554,-0.336095,-0.318395,-2.603025,0.328571,0.251808,0.172178,-0.688096,-0.350454,0.531821,0.244451
0.302293,-0.191834,-0.356729,0.691273,0.307884,-0.365089,-0.316405,-2.598928,0.321590,0.257603,0.140396,-0.688570,-0.350462,0.534280,0.263727
0.273646,-0.191834,-0.355168,0.700681,0.264226,-0.395598,-0.315839,-2.614529,0.309963,0.269129,0.108045,-0.689752,-0.358297,0.527440,0.244947
0.245076,-0.192342,-0.354653,0.693947,0.290821,-0.424386,-0.314143,-2.607897,0.294904,0.272592,0.076825,-0.689554,-0.349688,0.513810,0.247060
0.219089,-0.194074,-0.345144,0.698186,0.273353,-0.452598,-0.313731,-2.610990,0.294904,0.272592,0.045325,-0.688115,-0.360377,0.519749,0.262300
0.195026,-0.194748,-0.339509,0.688287,0.286949,-0.477292,-0.312866,-2.603256,0.276408,0.253499,0.019522,-0.688806,-0.353571,0.510046,0.247994
0.173302,-0.195008,-0.330435,0.680584,0.297769,-0.499752,-0.313147,-2.581984,0.272552,0.257634,-0.002539,-0.688847,-0.350381,0.501085,0.242451
0.153788,-0.196232,-0.333637,0.663763,0.310206,-0.520160,-0.311344,-2.606224,0.270322,0.256341,-0.023049,-0.688298,-0.348165,0.500766,0.248103
0.137031,-0.196802,-0.337090,0.671852,0.300843,-0.537186,-0.310411,-2.597910,0.264233,0.247343,-0.040441,-0.685894,-0.349171,0.495486,0.247673
0.122525,-0.196314,-0.328089,0.660132,0.306235,-0.553922,-0.310609,-2.585772,0.263807,0.252174,-0.056710,-0.686272,-0.349521,0.492207,0.252145
0.109304,-0.197132,-0.326058,0.652335,0.307366,-0.566796,-0.310090,-2.591572,0.263807,0.252174,-0.071620,-0.684781,-0.338288,0.488242,0.245560
0.097562,-0.198645,-0.327400,0.648354,0.311536,-0.580384,-0.309187,-2.586542,0.262917,0.250922,-0.084760,-0.684568,-0.356354,0.483296,0.242195
0.086904,-0.199968,-0.325339,0.644218,0.315119,-0.592180,-0.309246,-2.582609,0.263853,0.251325,-0.096767,-0.684358,-0.362452,0.481835,0.243291
0.078159,-0.201632,-0.324055,0.644389,0.297649,-0.602239,-0.309808,-2.583438,0.262752,0.241516,-0.106181,-0.684137,-0.368014,0.476114,0.241766
0.071248,-0.202022,-0.311629,0.632921,0.309729,-0.611682,-0.308357,-2.585648,0.261570,0.244859,-0.114778,-0.683800,-0.352947,0.476165,0.245545
0.064427,-0.202500,-0.302489,0.623858,0.324689,-0.619176,-0.308625,-2.576092,0.256579,0.252801,-0.121253,-0.682117,-0.351772,0.469109,0.247578
0.059433,-0.202402,-0.298709,0.618287,0.313516,-0.626425,-0.307453,-2.575528,0.256579,0.252801,-0.128885,-0.679387,-0.359715,0.470444,0.244541
0.055525,-0.202863,-0.290231,0.618768,0.323039,-0.632597,-0.305892,-2.586143,0.255778,0.246870,-0.134306,-0.679405,-0.358999,0.471656,0.239761
0.051287,-0.203130,-0.274342,0.613917,0.327292,-0.637988,-0.304412,-2.588506,0.255778,0.246870,-0.139787,-0.677290,-0.349164,0.469020,0.243353
0.047814,-0.202683,-0.268588,0.614507,0.326780,-0.643705,-0.306298,-2.574358,0.253085,0.247454,-0.144260,-0.676792,-0.348762,0.466626,0.244876
0.044128,-0.202265,-0.264220,0.614813,0.327077,-0.648098,-0.306613,-2.571997,0.253085,0.247454,-0.148652,-0.676212,-0.342637,0.466510,0.248500
0.040617,-0.202420,-0.253668,0.557191,0.308756,-0.652712,-0.307052,-2.570176,0.246733,0.252814,-0.152060,-0.675213,-0.341791,0.465476,0.248833
0.038215,-0.202090,-0.246883,0.603880,0.310370,-0.656615,-0.307079,-2.569921,0.246733,0.252814,-0.154605,-0.675155,-0.326208,0.465207,0.249806
0.036676,-0.202206,-0.242187,0.604186,0.308071,-0.659754,-0.308326,-2.563156,0.244069,0.245363,-0.156944,-0.673962,-0.330269,0.464462,0.249849
0.035967,-0.202408,-0.238597,0.602140,0.308971,-0.662695,-0.307602,-2.558463,0.244069,0.245363,-0.159457,-0.674122,-0.330624,0.465269,0.246562
0.035952,-0.202395,-0.238321,0.599755,0.311964,-0.663820,-0.307802,-2.548916,0.245846,0.242426,-0.161247,-0.674107,-0.331908,0.465116,0.245317
0.035680,-0.202442,-0.237484,0.599184,0.311489,-0.666028,-0.309623,-2.559491,0.244900,0.240277,-0.163954,-0.673948,-0.328467,0.464339,0.244104
0.034512,-0.202745,-0.232940,0.597827,0.313559,-0.666759,-0.310780,-2.554335,0.244900,0.240277,-0.164838,-0.674007,-0.323361,0.461599,0.244709
0.033486,-0.203198,-0.228621,0.597868,0.317608,-0.668188,-0.309718,-2.554130,0.243845,0.239874,-0.166450,-0.674327,-0.316632,0.460636,0.247492
0.032542,-0.203420,-0.223285,0.596457,0.322107,-0.668373,-0.309511,-2.551654,0.242650,0.238941,-0.167079,-0.674685,-0.319544,0.460552,0.247075
0.031560,-0.203571,-0.218673,0.599069,0.321318,-0.670068,-0.309968,-2.531564,0.241866,0.240482,-0.167290,-0.674082,-0.313528,0.459274,0.247142
0.030551,-0.203637,-0.215983,0.599962,0.320611,-0.670630,-0.309943,-2.529527,0.241866,0.240482,-0.167068,-0.675200,-0.310529,0.459747,0.246363
0.029798,-0.204080,-0.209287,0.600163,0.322687,-0.671265,-0.309880,-2.522264,0.240181,0.242399,-0.167159,-0.674509,-0.305091,0.459604,0.246961
0.029708,-0.204145,-0.208703,0.598815,0.324255,-0.672490,-0.309955,-2.522969,0.240181,0.242399,-0.167220,-0.674105,-0.312432,0.459929,0.247238
0.029686,-0.204116,-0.208815,0.597784,0.324565,-0.673817,-0.309869,-2.519255,0.238680,0.242852,-0.167283,-0.674058,-0.312858,0.459462,0.247103
0.029695,-0.204163,-0.208753,0.599240,0.324395,-0.674175,-0.309281,-2.531608,0.238486,0.243767,-0.167219,-0.674099,-0.313189,0.459320,0.247707
0.029649,-0.204129,-0.208925,0.598574,0.323162,-0.675163,-0.309814,-2.542954,0.238807,0.243998,-0.167309,-0.674635,-0.305697,0.460083,0.246941
0.029688,-0.204156,-0.208634,0.599240,0.324395,-0.675091,-0.310190,-2.551177,0.239187,0.244621,-0.167118,-0.674655,-0.305565,0.459940,0.247547
0.029663,-0.204138,-0.208759,0.599240,0.324395,-0.674276,-0.310296,-2.526173,0.239187,0.244621,-0.167219,-0.674614,-0.305855,0.459800,0.247690
0.029678,-0.204074,-0.209533,0.599240,0.324395,-0.673905,-0.310681,-2.532845,0.239616,0.244169,-0.167207,-0.674710,-0.305605,0.460126,0.247964
0.029718,-0.204139,-0.208663,0.597119,0.323333,-0.673915,-0.310681,-2.532749,0.239616,0.244169,-0.167147,-0.674616,-0.306098,0.460130,0.247495
0.026139,-0.197991,-0.187408,0.598358,0.325110,-0.678957,-0.317338,-2.500127,0.239218,0.243953,-0.163622,-0.673984,-0.297329,0.459660,0.247833
0.008804,-0.173643,-0.139400,0.587686,0.358789,-0.689651,-0.343829,-2.441600,0.231081,0.243870,-0.141863,-0.664724,-0.292548,0.464517,0.246388
-0.013854,-0.146013,-0.136486,0.573668,0.393355,-0.699410,-0.379095,-2.399332,0.231081,0.243870,-0.119145,-0.655879,-0.296645,0.469625,0.248056
-0.039095,-0.119122,-0.152809,0.517733,0.374178,-0.707325,-0.413732,-2.389371,0.233784,0.244154,-0.101906,-0.645302,-0.293739,0.475958,0.242758
-0.063853,-0.096545,-0.152969,0.452499,0.345197,-0.714393,-0.447066,-2.383079,0.233784,0.244154,-0.088298,-0.633376,-0.286085,0.481690,0.239859
-0.087201,-0.079988,-0.154717,0.411451,0.320299,-0.713544,-0.478991,-2.393740,0.246960,0.247740,-0.075679,-0.621005,-0.274971,0.485218,0.246007
-0.108441,-0.068318,-0.164773,0.345880,0.318286,-0.711700,-0.505891,-2.395379,0.241653,0.242326,-0.065122,-0.608412,-0.277163,0.486839,0.243921
-0.129097,-0.058429,-0.173762,0.298509,0.305359,-0.705173,-0.530984,-2.441088,0.243065,0.242124,-0.055416,-0.597655,-0.275403,0.492639,0.243973
-0.146334,-0.050471,-0.165583,0.265398,0.291338,-0.702568,-0.550378,-2.398677,0.247788,0.238290,-0.046500,-0.587471,-0.269684,0.493042,0.250608
-0.160142,-0.046744,-0.170386,0.253674,0.266929,-0.697190,-0.569286,-2.408266,0.247788,0.238290,-0.040089,-0.577962,-0.258718,0.502617,0.256563
-0.172837,-0.044181,-0.168003,0.242967,0.269916,-0.693558,-0.583961,-2.382428,0.251621,0.247708,-0.034972,-0.569520,-0.256416,0.505480,0.253622
-0.186324,-0.041859,-0.165060,0.246982,0.264918,-0.687770,-0.598664,-2.357844,0.251621,0.247708,-0.031421,-0.566866,-0.259783,0.507816,0.255512
-0.195915,-0.039963,-0.165289,0.243918,0.260258,-0.683722,-0.610694,-2.358181,0.251553,0.246974,-0.029435,-0.562292,-0.272108,0.507174,0.252684
-0.206067,-0.038428,-0.159471,0.237237,0.255417,-0.679888,-0.620403,-2.354692,0.251907,0.245706,-0.027049,-0.553779,-0.264734,0.505251,0.259716
-0.216207,-0.036757,-0.152778,0.240833,0.249862,-0.672943,-0.629057,-2.350918,0.248664,0.244293,-0.024578,-0.547333,-0.262984,0.506262,0.255378
-0.221689,-0.035967,-0.150382,0.240283,0.239798,-0.666891,-0.636749,-2.347670,0.250431,0.239979,-0.023784,-0.541460,-0.261705,0.506884,0.255239
-0.226442,-0.036191,-0.146339,0.237534,0.244712,-0.661437,-0.642517,-2.350582,0.250708,0.242671,-0.021820,-0.534377,-0.257049,0.507352,0.254993
-0.232125,-0.035807,-0.138093,0.235332,0.248993,-0.656578,-0.647638,-2.343536,0.250708,0.242671,-0.020631,-0.527750,-0.253378,0.507029,0.257365
-0.237217,-0.035466,-0.130850,0.229550,0.252399,-0.652556,-0.653265,-2.345030,0.248962,0.247585,-0.018910,-0.523312,-0.250783,0.504721,0.259491
-0.242510,-0.034996,-0.122217,0.234872,0.247205,-0.647376,-0.658800,-2.363172,0.256506,0.243832,-0.018563,-0.518431,-0.248255,0.506360,0.258643
-0.244870,-0.034879,-0.120614,0.234829,0.242696,-0.643882,-0.661708,-2.329845,0.258363,0.241090,-0.017837,-0.514848,-0.249143,0.508720,0.254049
-0.247362,-0.034900,-0.119067,0.234033,0.241186,-0.639756,-0.665387,-2.338489,0.255352,0.238778,-0.017349,-0.510123,-0.236345,0.512865,0.252962
-0.249415,-0.035236,-0.119036,0.234641,0.242769,-0.637407,-0.668562,-2.353377,0.257034,0.237240,-0.017335,-0.506854,-0.224191,0.513928,0.257852
-0.251991,-0.035486,-0.109972,0.233676,0.243239,-0.633882,-0.672464,-2.358004,0.256395,0.235241,-0.017101,-0.503658,-0.210554,0.514970,0.265925
-0.255084,-0.036032,-0.104524,0.234934,0.240145,-0.630334,-0.674094,-2.343238,0.264679,0.243897,-0.016144,-0.500827,-0.196518,0.512884,0.260446
-0.258481,-0.036274,-0.102519,0.236247,0.239585,-0.627764,-0.675430,-2.323333,0.264123,0.246952,-0.016272,-0.498920,-0.198951,0.512113,0.255156
-0.260737,-0.035906,-0.095161,0.236247,0.239585,-0.625005,-0.676793,-2.310068,0.261906,0.244800,-0.015918,-0.496697,-0.185522,0.512411,0.254686
-0.262363,-0.036089,-0.094314,0.237995,0.244235,-0.624813,-0.677137,-2.317798,0.259813,0.241301,-0.015265,-0.495384,-0.170679,0.513170,0.257130
-0.263357,-0.036409,-0.092566,0.237887,0.243332,-0.622569,-0.679396,-2.318506,0.260480,0.241708,-0.015972,-0.493308,-0.169093,0.513847,0.263306
-0.263516,-0.036806,-0.080382,0.237887,0.243332,-0.622005,-0.679872,-2.303575,0.260280,0.243142,-0.015896,-0.491636,-0.162191,0.515180,0.269284
-0.264462,-0.036602,-0.084622,0.239901,0.240515,-0.619465,-0.681543,-2.280864,0.259949,0.241423,-0.015588,-0.489821,-0.152140,0.515271,0.271398
-0.264454,-0.036658,-0.083882,0.239983,0.240967,-0.619614,-0.682030,-2.290659,0.259628,0.242742,-0.015047,-0.488222,-0.139647,0.515222,0.271141
-0.264514,-0.036638,-0.083908,0.239983,0.240967,-0.618156,-0.683548,-2.283627,0.268694,0.238438,-0.015508,-0.486964,-0.139542,0.515222,0.271141
-0.263841,-0.036856,-0.078738,0.239983,0.240967,-0.618123,-0.683615,-2.278515,0.264717,0.246712,-0.015160,-0.485821,-0.132117,0.514636,0.272688
-0.263846,-0.036857,-0.078929,0.239983,0.240967,-0.615954,-0.685081,-2.258773,0.265352,0.247436,-0.015266,-0.484583,-0.127104,0.516333,0.273798
-0.263851,-0.036852,-0.078750,0.239983,0.240967,-0.615666,-0.685462,-2.262544,0.265216,0.245886,-0.015127,-0.483378,-0.126102,0.515587,0.273220
-0.264472,-0.036674,-0.084026,0.239983,0.240967,-0.614695,-0.686371,-2.237802,0.263962,0.244907,-0.015198,-0.481994,-0.122357,0.514431,0.267988
-0.264013,-0.036874,-0.079229,0.239983,0.240967,-0.614351,-0.686468,-2.251269,0.262830,0.242507,-0.014958,-0.480850,-0.116110,0.512663,0.262903
-0.264073,-0.036884,-0.081039,0.239983,0.240967,-0.612688,-0.687650,-2.236156,0.262830,0.242507,-0.014797,-0.479523,-0.110327,0.512941,0.258967
-0.263832,-0.036901,-0.078268,0.239983,0.240967,-0.611748,-0.688700,-2.254889,0.261931,0.241818,-0.014512,-0.480714,-0.114946,0.511763,0.258231
-0.263917,-0.036887,-0.078072,0.239983,0.240967,-0.611530,-0.688496,-2.242486,0.261037,0.240725,-0.014661,-0.480496,-0.112983,0.511763,0.258231
-0.263972,-0.036805,-0.079498,0.239983,0.240967,-0.611442,-0.688217,-2.237557,0.260917,0.240467,-0.014480,-0.480421,-0.110724,0.511763,0.258231
-0.263900,-0.036924,-0.080124,0.239983,0.240967,-0.610530,-0.688904,-2.233946,0.261371,0.239888,-0.014825,-0.480223,-0.110960,0.511763,0.258231
-0.263867,-0.036955,-0.080055,0.239983,0.240967,-0.609408,-0.690285,-2.215739,0.263029,0.242812,-0.014485,-0.480789,-0.113900,0.511763,0.258231
-0.264524,-0.036687,-0.084440,0.239983,0.240967,-0.608993,-0.690034,-2.216649,0.263411,0.241660,-0.014455,-0.480658,-0.113008,0.511763,0.258231
-0.263967,-0.036895,-0.079280,0.239983,0.240967,-0.609029,-0.689632,-2.225817,0.264216,0.242787,-0.014542,-0.480039,-0.106754,0.511763,0.258231
-0.263874,-0.036858,-0.078771,0.239983,0.240967,-0.609030,-0.690020,-2.216648,0.264216,0.242787,-0.014783,-0.480069,-0.109103,0.511198,0.258447
-0.263942,-0.036905,-0.079285,0.239983,0.240967,-0.609078,-0.689656,-2.225595,0.264812,0.242727,-0.014600,-0.480699,-0.114397,0.511198,0.258447
-0.263881,-0.036875,-0.080134,0.239983,0.240967,-0.609388,-0.689524,-2.233211,0.265488,0.243039,-0.014449,-0.480524,-0.111290,0.511198,0.258447
-0.264001,-0.036944,-0.079683,0.239983,0.240967,-0.609093,-0.690145,-2.225239,0.264812,0.242727,-0.014965,-0.480065,-0.109832,0.512328,0.258017
-0.264448,-0.036649,-0.084118,0.239983,0.240967,-0.609434,-0.689528,-2.233182,0.264812,0.242727,-0.014427,-0.480663,-0.113028,0.512328,0.258017
-0.263829,-0.036984,-0.080366,0.239983,0.240967,-0.609377,-0.689530,-2.233372,0.264216,0.242787,-0.015316,-0.480313,-0.120354,0.511763,0.258231
-0.261293,-0.037105,-0.084601,0.239983,0.240967,-0.611259,-0.687463,-2.208257,0.264216,0.242787,-0.014839,-0.480751,-0.111878,0.511763,0.258231
-0.237462,-0.040519,-0.095776,0.239685,0.242088,-0.630476,-0.669393,-2.152973,0.258580,0.236063,-0.020156,-0.501611,-0.065289,0.518694,0.278033
-0.205349,-0.046815,-0.107889,0.235805,0.244547,-0.651108,-0.642760,-2.110851,0.258400,0.236979,-0.029527,-0.535198,-0.035563,0.511266,0.264035
-0.169824,-0.057022,-0.131147,0.237756,0.244865,-0.666741,-0.609689,-2.124575,0.252645,0.238134,-0.046444,-0.569188,-0.039881,0.501435,0.255429
-0.133014,-0.071881,-0.174696,0.250301,0.260854,-0.676891,-0.574362,-2.186117,0.242064,0.240193,-0.066356,-0.601076,-0.061888,0.496844,0.247705
-0.095642,-0.089098,-0.208151,0.295970,0.290152,-0.685754,-0.535645,-2.210851,0.242411,0.249360,-0.091015,-0.630927,-0.079529,0.486789,0.246899
-0.059570,-0.111598,-0.269577,0.348752,0.305576,-0.692767,-0.498135,-2.247933,0.242407,0.246516,-0.118570,-0.654530,-0.082288,0.478411,0.243492
-0.026184,-0.138724,-0.329392,0.436689,0.326655,-0.695064,-0.458963,-2.325217,0.242419,0.238747,-0.146410,-0.672698,-0.080332,0.468442,0.246047
0.002578,-0.170145,-0.365984,0.506571,0.363841,-0.695960,-0.418485,-2.352593,0.239177,0.241233,-0.174802,-0.686853,-0.085403,0.466173,0.246904
0.027326,-0.203556,-0.374730,0.554527,0.360367,-0.695682,-0.380401,-2.394819,0.237582,0.238825,-0.202393,-0.697211,-0.089555,0.463432,0.245494
0.045970,-0.237678,-0.377910,0.585840,0.362911,-0.690173,-0.342641,-2.460254,0.235278,0.241834,-0.226840,-0.702385,-0.090032,0.456324,0.244737
0.062959,-0.272487,-0.375404,0.606964,0.298167,-0.680496,-0.305645,-2.491254,0.230226,0.247805,-0.251753,-0.703153,-0.078613,0.445454,0.241302
0.074064,-0.304534,-0.366000,0.609389,0.310951,-0.668465,-0.270207,-2.517174,0.237537,0.247906,-0.271743,-0.703131,-0.076224,0.440147,0.236032
0.078434,-0.330535,-0.360652,0.600387,0.324048,-0.653418,-0.240610,-2.525662,0.237868,0.255560,-0.288207,-0.703263,-0.076782,0.434213,0.249339
0.081399,-0.358827,-0.358872,0.616110,0.282793,-0.637802,-0.205359,-2.545724,0.231572,0.259531,-0.308664,-0.702704,-0.082306,0.434170,0.242816
0.082576,-0.381336,-0.360059,0.615600,0.278707,-0.620665,-0.177819,-2.544827,0.231445,0.260914,-0.324241,-0.701156,-0.080084,0.428127,0.242035
0.081059,-0.400133,-0.359671,0.611421,0.279328,-0.605335,-0.154940,-2.533087,0.230818,0.258276,-0.338195,-0.698172,-0.084866,0.424666,0.232517
0.078391,-0.414220,-0.355731,0.603482,0.306697,-0.591724,-0.139381,-2.527770,0.228482,0.255549,-0.349605,-0.694836,-0.092701,0.419548,0.237496
0.074932,-0.429383,-0.363641,0.600570,0.295354,-0.574355,-0.123302,-2.516552,0.226991,0.258764,-0.361785,-0.691943,-0.101669,0.416478,0.237858
0.071634,-0.441486,-0.370187,0.602084,0.292152,-0.560717,-0.109782,-2.520121,0.224159,0.254099,-0.372972,-0.687910,-0.102644,0.412411,0.250978
0.067681,-0.449916,-0.377929,0.602898,0.278482,-0.550106,-0.101064,-2.519207,0.228076,0.262331,-0.380412,-0.686378,-0.111117,0.410442,0.249457
0.062370,-0.459766,-0.380201,0.588970,0.306261,-0.538072,-0.090765,-2.515498,0.194075,0.234644,-0.390685,-0.682250,-0.107438,0.405889,0.258984
0.058319,-0.467277,-0.382930,0.592247,0.285761,-0.528000,-0.082937,-2.518694,0.222189,0.263632,-0.397513,-0.678637,-0.112982,0.401599,0.259584
0.056049,-0.473581,2.765973,0.592981,0.285894,-0.519254,-0.075512,-2.500917,0.221872,0.267574,-0.402714,-0.674510,-0.108813,0.400638,0.262959
0.055924,-0.474013,2.765509,0.591642,0.284749,-0.512955,-0.069962,-2.490974,0.221512,0.263826,-0.409288,-0.672513,-0.118443,0.400316,0.265155
0.061678,-0.465218,2.782667,0.592686,0.280364,-0.505579,-0.064679,-2.489871,0.221965,0.262720,-0.414791,-0.669938,-0.116902,0.395786,0.268790
0.063373,-0.459824,-0.377405,0.595054,0.278534,-0.499748,-0.059544,-2.497970,0.222475,0.266629,-0.419093,-0.667379,-0.118736,0.390098,0.270211
0.062742,-0.458895,-0.367823,0.593537,0.293546,-0.492915,-0.055162,-2.479285,0.218363,0.269306,-0.423615,-0.664070,-0.126058,0.393872,0.261168
0.057781,-0.467948,-0.377191,0.593883,0.287670,-0.487703,-0.051334,-2.484260,0.220040,0.269142,-0.428216,-0.660969,-0.123604,0.397600,0.255053
0.053414,-0.475543,-0.377835,0.593817,0.277013,-0.482724,-0.046773,-2.497143,0.218958,0.274037,-0.431747,-0.658571,-0.126402,0.399909,0.253160
0.051278,-0.481638,-0.382175,0.590747,0.292480,-0.477766,-0.043139,-2.487555,0.221563,0.268918,-0.435827,-0.657155,-0.132300,0.397110,0.258118
0.048833,-0.486338,-0.396562,0.584818,0.292021,-0.474476,-0.039652,-2.497106,0.220628,0.273321,-0.439735,-0.655176,-0.134513,0.396484,0.259577
0.046499,-0.488393,-0.404545,0.583284,0.286275,-0.471281,-0.037950,-2.493148,0.219872,0.277840,-0.440740,-0.654754,-0.145767,0.393049,0.258430
0.043790,-0.491626,-0.414534,0.580787,0.290146,-0.468606,-0.035914,-2.480276,0.217504,0.276706,-0.443076,-0.653041,-0.153991,0.390512,0.255254
0.041722,-0.493879,-0.418384,0.581274,0.292215,-0.465596,-0.032875,-2.498107,0.215471,0.280003,-0.444033,-0.652196,-0.161716,0.390648,0.251824
0.040149,-0.496067,-0.427644,0.581831,0.299838,-0.463131,-0.030988,-2.491014,0.216250,0.280583,-0.445359,-0.650676,-0.161976,0.391826,0.250479
0.039478,-0.498572,-0.441364,0.582675,0.300367,-0.460463,-0.030043,-2.493510,0.218695,0.279047,-0.447093,-0.649877,-0.172536,0.391338,0.253437
0.038324,-0.500811,-0.447139,0.582891,0.297933,-0.458614,-0.028781,-2.495220,0.217668,0.276406,-0.448009,-0.649086,-0.179097,0.391338,0.253437
0.036709,-0.502397,-0.451600,0.578882,0.298169,-0.457323,-0.027442,-2.492964,0.218445,0.277112,-0.449182,-0.648785,-0.187700,0.389715,0.251218
0.036103,-0.505246,-0.466342,0.578505,0.293757,-0.456792,-0.026323,-2.492068,0.216024,0.276357,-0.450275,-0.647333,-0.199446,0.389977,0.251147
0.035401,-0.507033,-0.468437,0.579129,0.284221,-0.456630,-0.026315,-2.492667,0.215126,0.276380,-0.451010,-0.646963,-0.203813,0.389977,0.251147
0.034889,-0.507203,-0.474862,0.577318,0.285650,-0.456596,-0.026319,-2.492767,0.215499,0.277030,-0.451258,-0.646832,-0.205251,0.388374,0.253673
0.034705,-0.508130,-0.471717,0.577318,0.285650,-0.456695,-0.026281,-2.492231,0.215359,0.276701,-0.451319,-0.646786,-0.205414,0.389192,0.253671
0.034775,-0.510794,-0.486457,0.576794,0.286236,-0.456454,-0.026419,-2.495179,0.215733,0.277360,-0.451223,-0.646856,-0.206087,0.389192,0.253671
0.033896,-0.509036,-0.480596,0.577783,0.285490,-0.456562,-0.026345,-2.494912,0.215356,0.277203,-0.451242,-0.646836,-0.203657,0.388424,0.254064
0.034403,-0.509970,-0.473631,0.578754,0.285944,-0.456427,-0.026403,-2.494724,0.215214,0.276879,-0.451212,-0.646798,-0.206723,0.388827,0.252963
0.034130,-0.510283,-0.485388,0.578734,0.284873,-0.456484,-0.026490,-2.497271,0.215070,0.276557,-0.451307,-0.646857,-0.203548,0.388827,0.252963
0.034386,-0.510154,-0.472557,0.576774,0.285162,-0.456434,-0.026651,-2.494836,0.215590,0.277544,-0.451430,-0.646665,-0.204075,0.388811,0.252705
0.033699,-0.509967,-0.487019,0.579239,0.285473,-0.456638,-0.026365,-2.494891,0.215447,0.277223,-0.451275,-0.646880,-0.203508,0.388827,0.252963
0.034399,-0.510082,-0.473408,0.577275,0.285767,-0.456903,-0.026300,-2.486701,0.216071,0.277218,-0.451282,-0.646816,-0.205499,0.388827,0.252963
0.034149,-0.510333,-0.485536,0.578746,0.285751,-0.456545,-0.026374,-2.494513,0.215689,0.277061,-0.451233,-0.646844,-0.203310,0.388827,0.252963
0.034354,-0.509979,-0.473775,0.578266,0.285024,-0.456611,-0.026312,-2.492913,0.215810,0.276655,-0.451299,-0.646793,-0.206902,0.388827,0.252963
0.034214,-0.509718,2.661478,0.578266,0.285024,-0.456829,-0.026287,-2.488938,0.215293,0.277421,-0.451430,-0.646814,-0.203947,0.388055,0.253355
0.034181,-0.509614,-0.476129,0.578768,0.285637,-0.456542,-0.026542,-2.495332,0.215011,0.276275,-0.451278,-0.646812,-0.203686,0.388827,0.252963
0.034348,-0.509862,-0.474230,0.578768,0.285637,-0.456595,-0.026343,-2.492223,0.215146,0.277106,-0.451244,-0.646905,-0.207057,0.388055,0.253355
0.033573,-0.510395,-0.481913,0.578855,0.286085,-0.456609,-0.026370,-2.495372,0.215432,0.278024,-0.451244,-0.646769,-0.203863,0.388055,0.253355
0.033553,-0.510439,-0.483786,0.579792,0.285591,-0.456544,-0.026670,-2.495313,0.215392,0.276950,-0.451409,-0.646827,-0.205385,0.388055,0.253355
0.034786,-0.511194,-0.479649,0.577829,0.285906,-0.456565,-0.026547,-2.495196,0.215917,0.277944,-0.451287,-0.646840,-0.203721,0.389242,0.254063
0.034103,-0.510848,-0.479010,0.577829,0.285906,-0.456453,-0.026368,-2.494983,0.216163,0.277790,-0.451304,-0.646772,-0.206820,0.389242,0.254063
0.033593,-0.510376,-0.481171,0.577359,0.285167,-0.456673,-0.026328,-2.491681,0.215378,0.277475,-0.451239,-0.646900,-0.204280,0.388055,0.253355
0.033654,-0.510519,-0.484009,0.578806,0.285167,-0.456553,-0.026390,-2.495089,0.216021,0.277480,-0.451440,-0.646837,-0.205483,0.388055,0.253355
0.033619,-0.510436,-0.481135,0.576854,0.285484,-0.456643,-0.026324,-2.492495,0.215627,0.277323,-0.451409,-0.646818,-0.205275,0.388055,0.253355
0.033671,-0.510453,-0.483648,0.578806,0.285167,-0.456641,-0.026262,-2.492075,0.215480,0.277015,-0.451374,-0.646673,-0.205462,0.388055,0.253355
0.033742,-0.510619,-0.483196,0.580284,0.285168,-0.456890,-0.026289,-2.486886,0.216138,0.277085,-0.451371,-0.646789,-0.205513,0.388055,0.253355
0.033475,-0.510218,-0.485352,0.576854,0.285484,-0.456615,-0.026301,-2.492770,0.215611,0.277852,-0.451348,-0.646715,-0.205787,0.389242,0.254063
0.033787,-0.510653,-0.478458,0.577855,0.285826,-0.456512,-0.026390,-2.494548,0.215596,0.276620,-0.451279,-0.646886,-0.203805,0.389242,0.254063
0.033617,-0.510456,-0.483478,0.576854,0.285484,-0.456583,-0.026334,-2.495260,0.215596,0.276620,-0.451219,-0.646903,-0.202572,0.390379,0.252310
0.033885,-0.510253,-0.485173,0.577855,0.285826,-0.456435,-0.026408,-2.495034,0.215462,0.277546,-0.451251,-0.646748,-0.206858,0.390379,0.252310
0.033658,-0.510412,-0.481387,0.579322,0.285829,-0.456521,-0.026656,-2.495168,0.216375,0.277472,-0.451423,-0.646798,-0.205560,0.389626,0.252702
0.034150,-0.510870,-0.479458,0.577855,0.285826,-0.456504,-0.026635,-2.494955,0.216246,0.278398,-0.451348,-0.646829,-0.207349,0.389626,0.252702
0.033713,-0.510591,-0.486351,0.577855,0.285826,-0.456527,-0.026671,-2.495032,0.215311,0.277242,-0.451401,-0.646788,-0.206391,0.390379,0.252310
0.033457,-0.510221,-0.484685,0.577855,0.285826,-0.456662,-0.026263,-2.492137,0.215830,0.277009,-0.451421,-0.646764,-0.205400,0.390379,0.252310
0.033647,-0.510486,-0.483114,0.577366,0.286150,-0.456991,-0.026271,-2.486486,0.216230,0.277168,-0.451517,-0.646755,-0.205218,0.390379,0.252310
0.033452,-0.510163,-0.485096,0.579322,0.285829,-0.456515,-0.026344,-2.495066,0.215158,0.276940,-0.451339,-0.646839,-0.203753,0.390379,0.252310
0.033649,-0.510464,-0.483377,0.579322,0.285829,-0.456799,-0.026303,-2.489301,0.215696,0.277935,-0.451349,-0.646760,-0.206907,0.390379,0.252310
0.034020,-0.510348,-0.487662,0.579322,0.285829,-0.456827,-0.026270,-2.489203,0.215696,0.277935,-0.451430,-0.646753,-0.206226,0.390379,0.252310
0.033835,-0.510637,-0.481355,0.576900,0.285407,-0.456666,-0.026317,-2.492159,0.215696,0.277935,-0.451278,-0.646867,-0.204210,0.390379,0.252310
0.033727,-0.509897,2.656173,0.579322,0.285829,-0.456534,-0.026622,-2.495325,0.215952,0.277792,-0.451390,-0.646715,-0.206700,0.389626,0.252702
0.034101,-0.510213,-0.475757,0.576854,0.285484,-0.456586,-0.026320,-2.492161,0.215952,0.277792,-0.451422,-0.646751,-0.205775,0.389626,0.252702
0.034082,-0.509278,-0.487928,0.576962,0.286253,-0.456530,-0.026363,-2.495126,0.216468,0.277565,-0.451324,-0.646779,-0.203421,0.389626,0.252702
0.033396,-0.510080,-0.485855,0.576889,0.286677,-0.456529,-0.026627,-2.495089,0.216064,0.277405,-0.451477,-0.646797,-0.206222,0.389626,0.252702
0.033425,-0.509680,-0.496492,0.577834,0.286025,-0.456575,-0.026539,-2.495440,0.216064,0.277405,-0.451542,-0.646679,-0.201358,0.389626,0.252702
0.033043,-0.510243,-0.489839,0.577834,0.286025,-0.457004,-0.026290,-2.486702,0.216064,0.277405,-0.451438,-0.646816,-0.203252,0.389626,0.252702
0.033460,-0.509694,-0.496565,0.577834,0.286025,-0.456499,-0.026369,-2.494359,0.215930,0.278332,-0.450934,-0.647613,-0.202055,0.389626,0.252702
0.034640,-0.510927,-0.491424,0.577314,0.285253,-0.454136,-0.026150,-2.480671,0.215930,0.278332,-0.448206,-0.647212,-0.192130,0.389626,0.252702
0.049881,-0.511974,-0.473122,0.579093,0.284380,-0.432608,-0.024316,-2.456967,0.213970,0.274920,-0.423885,-0.644471,-0.164948,0.391584,0.248417
0.080307,-0.516655,-0.466989,0.579093,0.284380,-0.402125,-0.021727,-2.442063,0.217200,0.273472,-0.392075,-0.640343,-0.167488,0.396002,0.263589
0.116718,-0.522253,-0.466110,0.585462,0.318232,-0.367288,-0.018170,-2.435030,0.218138,0.284470,-0.361126,-0.637501,-0.170312,0.402420,0.253535
0.144567,-0.526519,-0.471013,0.602774,0.292399,-0.339555,-0.016796,-2.447655,0.220865,0.283314,-0.336402,-0.635624,-0.174486,0.425416,0.248674
0.174963,-0.531052,-0.467934,0.618948,0.282857,-0.309296,-0.016179,-2.449635,0.219144,0.289905,-0.308511,-0.634069,-0.174639,0.428719,0.243484
0.205587,-0.533470,-0.476976,0.625727,0.279960,-0.278963,-0.015092,-2.455969,0.220307,0.291766,-0.280042,-0.632489,-0.169794,0.435029,0.243221
0.236689,-0.535832,-0.481945,0.626610,0.282365,-0.248080,-0.013649,-2.458598,0.231162,0.292553,-0.251666,-0.631851,-0.163514,0.441550,0.240569
0.267324,-0.537356,-0.473440,0.632907,0.264975,-0.218406,-0.014324,-2.436886,0.229302,0.314031,-0.222815,-0.629685,-0.156627,0.449801,0.252612
0.297725,-0.540123,-0.478153,0.646364,0.256880,-0.188085,-0.013815,-2.452815,0.223039,0.317149,-0.194962,-0.626932,-0.158991,0.460059,0.250383
0.328586,-0.542026,-0.493135,0.656958,0.242307,-0.156886,-0.011489,-2.461007,0.226351,0.327728,-0.166692,-0.626984,-0.168077,0.459884,0.252309
0.358370,-0.543910,-0.493934,0.653057,0.248794,-0.127264,-0.010833,-2.460092,0.227549,0.336811,-0.137267,-0.627740,-0.148562,0.464871,0.248934
0.388584,-0.545973,-0.493335,0.672258,0.234499,-0.097370,-0.011044,-2.454101,0.226422,0.369455,-0.108135,-0.625452,-0.161030,0.470724,0.250494
0.418763,-0.547521,-0.505223,0.672258,0.234499,-0.066762,-0.009906,-2.433909,0.226422,0.369455,-0.080196,-0.625318,-0.158086,0.480374,0.247453
0.446141,-0.548129,-0.510309,0.654097,0.274086,-0.037923,-0.009521,-2.440340,0.233776,0.393737,-0.053694,-0.624778,-0.169550,0.485545,0.244887
0.470915,-0.548462,-0.514062,0.657737,0.270035,-0.015269,-0.010563,-2.440891,0.257259,0.562809,-0.030047,-0.624700,-0.157254,0.494539,0.247961
0.491603,-0.549111,-0.512037,0.651367,0.275995,0.006764,-0.010213,-2.450411,0.365924,0.574711,-0.008825,-0.625112,-0.165892,0.501466,0.245604
0.510326,-0.549473,-0.510429,0.661131,0.263684,0.026025,-0.009822,-2.456844,0.588944,0.674668,0.010033,-0.626670,-0.166779,0.500601,0.243308
0.526696,-0.550297,-0.517378,0.656284,0.268456,0.043919,-0.010068,-2.457364,0.692218,0.684722,0.027095,-0.627907,-0.168776,0.505766,0.244838
0.540665,-0.550572,-0.524133,0.658895,0.268306,0.059514,-0.009565,-2.462617,0.724056,0.501124,0.042079,-0.628854,-0.170482,0.514178,0.258662
0.556239,-0.551339,-0.526981,0.660206,0.271230,0.077282,-0.010174,-2.460344,0.729360,0.449950,0.058094,-0.630090,-0.171041,0.519569,0.252685
0.565437,-0.551637,-0.530667,0.660206,0.271230,0.087325,-0.010305,-2.439017,0.735229,0.368367,0.068103,-0.631721,-0.173938,0.519569,0.252685
0.574157,-0.552000,-0.532473,0.676276,0.240433,0.098146,-0.010356,-2.459970,0.749497,0.350586,0.077256,-0.632482,-0.177891,0.519442,0.248109
0.581392,-0.552611,-0.542408,0.676276,0.240433,0.108908,-0.010440,-2.453583,0.752407,0.329327,0.085692,-0.633940,-0.175443,0.523366,0.248180
0.588356,-0.552439,-0.553812,0.667771,0.251672,0.117327,-0.010490,-2.447710,0.756606,0.292202,0.093631,-0.634259,-0.179799,0.527223,0.258315
0.594499,-0.551535,-0.569031,0.667771,0.251672,0.125464,-0.012766,-2.449093,0.762102,0.280558,0.101122,-0.634774,-0.179852,0.529599,0.265745
0.598890,-0.551762,-0.570759,0.679075,0.232190,0.132372,-0.013164,-2.458565,0.760412,0.269294,0.107691,-0.635490,-0.181223,0.529125,0.247374
0.601984,-0.552329,-0.581747,0.670646,0.250567,0.138505,-0.013070,-2.467391,0.759481,0.264195,0.112905,-0.636200,-0.180190,0.530326,0.248466
0.606267,-0.552794,-0.593196,0.670087,0.253878,0.142361,-0.012935,-2.468129,0.758325,0.255562,0.118479,-0.637285,-0.172822,0.535417,0.262651
0.609190,-0.552370,-0.593672,0.662872,0.263022,0.146658,-0.014177,-2.466974,0.759564,0.259241,0.123294,-0.637300,-0.180803,0.538173,0.270959
0.612546,-0.551914,-0.609081,0.665658,0.258485,0.151244,-0.015397,-2.474669,0.761766,0.257184,0.127808,-0.638201,-0.179323,0.538527,0.275063
0.615521,-0.551122,-0.612792,0.665658,0.258485,0.154399,-0.015937,-2.465832,0.761230,0.248940,0.131607,-0.638589,-0.177698,0.541209,0.277386
0.619081,-0.550797,-0.616273,0.668654,0.257375,0.157801,-0.016105,-2.482795,0.759538,0.246946,0.135138,-0.639196,-0.177141,0.541472,0.275990
0.621071,-0.550741,-0.627009,0.666432,0.255608,0.160691,-0.016956,-2.482905,0.760773,0.242801,0.137510,-0.639291,-0.176660,0.537724,0.267690
0.622359,-0.550281,-0.634118,0.668012,0.256619,0.162608,-0.017138,-2.487350,0.757803,0.239129,0.140654,-0.640078,-0.178530,0.538304,0.269051
0.624934,-0.550876,-0.645014,0.668783,0.257380,0.164135,-0.017331,-2.503075,0.756840,0.236834,0.142525,-0.639856,-0.178399,0.537953,0.273233
0.626546,-0.551201,-0.653489,0.670120,0.259000,0.164623,-0.017041,-2.506983,0.757587,0.236599,0.143706,-0.639702,-0.179804,0.543770,0.275062
0.628782,-0.550674,-0.648408,0.670120,0.259000,0.164535,-0.017128,-2.505982,0.757109,0.235949,0.143706,-0.639704,-0.180041,0.538088,0.277460
0.630901,-0.551331,-0.648423,0.668617,0.260840,0.164568,-0.017157,-2.506894,0.757852,0.234750,0.143680,-0.639722,-0.180349,0.539771,0.276117
0.631451,-0.551462,-0.670165,0.667683,0.261874,0.164616,-0.017083,-2.506355,0.757215,0.234650,0.143667,-0.639722,-0.180058,0.539487,0.276754
0.632985,-0.551400,-0.671264,0.668929,0.257950,0.164566,-0.017149,-2.506680,0.757215,0.234650,0.143698,-0.639699,-0.180082,0.539487,0.276754
0.634618,-0.551687,-0.675099,0.670250,0.248301,0.164530,-0.017125,-2.506859,0.757215,0.234650,0.143664,-0.639735,-0.180282,0.538669,0.277734
0.635947,-0.551638,-0.688699,0.667623,0.235346,0.164598,-0.017150,-2.507619,0.757852,0.234750,0.143498,-0.639628,-0.181487,0.538490,0.277149
0.634828,-0.551531,-0.670551,0.667623,0.235346,0.164236,-0.017719,-2.506034,0.757959,0.234417,0.141900,-0.639732,-0.188488,0.539090,0.276496
0.608552,-0.550480,-0.724847,0.669297,0.255470,0.146120,-0.018531,-2.518649,0.755996,0.267815,0.116980,-0.638354,-0.223483,0.541149,0.277526
0.576895,-0.546409,-0.719383,0.676148,0.232253,0.119516,-0.019809,-2.520254,0.751527,0.290191,0.084524,-0.640038,-0.214288,0.530247,0.247646
0.544584,-0.543741,-0.717083,0.682991,0.230528,0.089086,-0.019843,-2.524631,0.732737,0.339732,0.054155,-0.642595,-0.217173,0.525377,0.253166
0.513441,-0.541593,-0.716612,0.675838,0.235007,0.060063,-0.019787,-2.524209,0.697989,0.482472,0.024291,-0.643773,-0.212444,0.517828,0.255140
0.482957,-0.539709,-0.707504,0.659760,0.271405,0.031534,-0.021404,-2.532713,0.669995,0.575323,-0.005484,-0.645741,-0.212154,0.512865,0.264681
0.453472,-0.537694,2.424772,0.655227,0.274758,0.002672,-0.022638,-2.528821,0.562537,0.550272,-0.036317,-0.646783,-0.221571,0.500642,0.244327
0.429566,-0.536376,-0.680367,0.665262,0.259511,-0.025814,-0.023516,-2.524840,0.357809,0.478170,-0.066130,-0.648215,-0.212956,0.492296,0.251738
0.430877,-0.534974,-0.646624,0.666816,0.256955,-0.054622,-0.024787,-2.530378,0.298021,0.470576,-0.095432,-0.649446,-0.216207,0.485411,0.250047
0.406426,-0.535683,-0.679489,0.659664,0.271919,-0.083202,-0.023559,-2.506483,0.248878,0.397511,-0.124329,-0.649459,-0.214453,0.479542,0.245009
0.372941,-0.534702,-0.689678,0.658206,0.271839,-0.109672,-0.023565,-2.528214,0.239045,0.372213,-0.153343,-0.648136,-0.210262,0.472003,0.244922
0.338984,-0.533753,-0.677823,0.669489,0.244604,-0.136079,-0.022018,-2.514687,0.237658,0.362696,-0.181747,-0.647008,-0.217303,0.464312,0.249536
0.306904,-0.532484,-0.673195,0.658741,0.244158,-0.163221,-0.021241,-2.514910,0.231339,0.337064,-0.210666,-0.647624,-0.223878,0.461155,0.254018
0.273858,-0.531095,-0.670014,0.662242,0.240274,-0.191837,-0.021326,-2.523957,0.229208,0.324452,-0.239494,-0.649249,-0.225905,0.461514,0.246373
0.241391,-0.529579,-0.659901,0.642493,0.266499,-0.219457,-0.021111,-2.519505,0.232767,0.313639,-0.268297,-0.648674,-0.221184,0.454308,0.240139
0.209500,-0.528414,-0.656928,0.635550,0.270015,-0.247718,-0.021056,-2.513090,0.234133,0.311236,-0.296811,-0.648800,-0.225619,0.440036,0.240659
0.177740,-0.527322,-0.667195,0.623380,0.286528,-0.275737,-0.019940,-2.514821,0.230584,0.301926,-0.325021,-0.648117,-0.228906,0.430161,0.251644
0.146121,-0.527240,2.490161,0.625264,0.284263,-0.304840,-0.020850,-2.502646,0.227322,0.294780,-0.354278,-0.647525,-0.232419,0.431230,0.242404
0.127485,-0.527562,-0.629813,0.608068,0.287507,-0.326575,-0.019260,-2.512512,0.222566,0.278415,-0.375564,-0.648085,-0.219701,0.425975,0.248498
0.129270,-0.528181,-0.598299,0.602543,0.306070,-0.346923,-0.019705,-2.517665,0.217725,0.282157,-0.394847,-0.649076,-0.230711,0.412625,0.253095
0.108542,-0.528055,-0.608896,0.605222,0.295616,-0.364758,-0.020062,-2.520714,0.219794,0.278773,-0.413800,-0.647626,-0.224523,0.402327,0.254651
0.084704,-0.532101,-0.566127,0.593612,0.305917,-0.381835,-0.019621,-2.502448,0.220729,0.278760,-0.429626,-0.646542,-0.230822,0.400054,0.266194
0.066957,-0.528551,-0.594522,0.589676,0.282595,-0.395109,-0.017406,-2.513505,0.216547,0.281774,-0.444734,-0.644524,-0.227403,0.402557,0.251419
0.049679,-0.528870,-0.583085,0.587174,0.290123,-0.407774,-0.016987,-2.514296,0.213407,0.277523,-0.457297,-0.643615,-0.221984,0.389353,0.261029
0.038988,-0.533128,-0.564040,0.585641,0.285086,-0.420270,-0.016701,-2.513601,0.212379,0.272963,-0.467831,-0.643778,-0.221485,0.385902,0.254062
0.026865,-0.532777,-0.559738,0.577143,0.285380,-0.430576,-0.016899,-2.515808,0.214954,0.276365,-0.478212,-0.642079,-0.219594,0.379847,0.257967
0.017215,-0.533444,-0.550017,0.577841,0.275277,-0.440020,-0.016747,-2.508487,0.215416,0.276796,-0.487187,-0.641074,-0.214921,0.372201,0.271392
0.007242,-0.534459,-0.556581,0.576448,0.278963,-0.448458,-0.016054,-2.509100,0.212441,0.274237,-0.494436,-0.640725,-0.216793,0.377249,0.268639
-0.004153,-0.534741,-0.532989,0.567831,0.274021,-0.459513,-0.015692,-2.511787,0.213395,0.276687,-0.505128,-0.639517,-0.217940,0.376857,0.266541
-0.006751,-0.535158,-0.539124,0.570338,0.273189,-0.465306,-0.015632,-2.506437,0.211894,0.276608,-0.510357,-0.637505,-0.210807,0.376857,0.266541
-0.011999,-0.513323,-0.511233,0.565845,0.270274,-0.472194,0.005071,-2.493749,0.208751,0.277452,-0.518663,-0.611801,-0.231289,0.371881,0.270038
-0.019225,-0.479729,-0.511349,0.558426,0.278025,-0.477212,0.037858,-2.510344,0.186377,0.283319,-0.527721,-0.578773,-0.221159,0.372190,0.263097
-0.026588,-0.445611,-0.532970,0.559663,0.277697,-0.482774,0.069685,-2.521443,0.179498,0.283755,-0.536697,-0.548357,-0.215746,0.383864,0.249937
-0.031036,-0.414551,-0.543578,0.557072,0.279687,-0.487049,0.099740,-2.524845,0.176798,0.288962,-0.544002,-0.517755,-0.215725,0.385426,0.256835
-0.035010,-0.384556,-0.546219,0.556500,0.284840,-0.491672,0.130104,-2.523717,0.160264,0.296320,-0.550414,-0.486917,-0.211353,0.372406,0.259893
-0.039254,-0.354525,-0.556640,0.553306,0.285869,-0.495076,0.161037,-2.520019,0.155403,0.317353,-0.556496,-0.455799,-0.206706,0.365269,0.259052
-0.044536,-0.323477,-0.561938,0.549158,0.284601,-0.499110,0.191381,-2.522347,0.155299,0.320883,-0.561216,-0.424562,-0.200343,0.360842,0.251904
-0.046259,-0.293921,-0.581923,0.543621,0.283034,-0.501310,0.221643,-2.541457,0.146134,0.331711,-0.565883,-0.393679,-0.192898,0.370730,0.250605
-0.048772,-0.263168,-0.581276,0.524180,0.313889,-0.504089,0.252045,-2.538183,0.139636,0.323387,-0.571165,-0.362894,-0.178610,0.358155,0.254350
-0.050725,-0.233491,-0.599557,0.527403,0.297487,-0.507670,0.282845,-2.537409,0.133757,0.345940,-0.575736,-0.331707,-0.175860,0.349049,0.249622
-0.052630,-0.203454,-0.599333,0.516080,0.307419,-0.511167,0.313831,-2.524869,0.164747,0.291791,-0.579097,-0.299970,-0.164474,0.329501,0.257924
-0.055121,-0.172178,-0.602719,0.509268,0.307858,-0.512771,0.344284,-2.534045,0.118159,0.296004,-0.582612,-0.267777,-0.159597,0.324815,0.255342
-0.057149,-0.140771,-0.608021,0.495774,0.325956,-0.515019,0.374474,-2.532410,0.116743,0.296742,-0.584171,-0.235923,-0.158223,0.312649,0.257364
-0.058380,-0.109658,-0.615030,0.469751,0.333351,-0.517304,0.405271,-2.526537,0.102221,0.295533,-0.585473,-0.205707,-0.144784,0.307557,0.257678
-0.058804,-0.078212,-0.627276,0.447276,0.342275,-0.520791,0.436228,-2.520731,0.094502,0.285026,-0.587102,-0.173983,-0.141318,0.300973,0.256174
-0.059454,-0.048399,-0.637032,0.411043,0.358997,-0.523421,0.467266,-2.517554,0.085351,0.286143,-0.588318,-0.142559,-0.140426,0.287276,0.265755
-0.061206,-0.017654,-0.639362,0.329739,0.391636,-0.526386,0.498041,-2.510384,0.085351,0.286143,-0.590390,-0.111070,-0.136797,0.279978,0.259900
-0.062199,0.013146,-0.644213,0.230967,0.414726,-0.528662,0.527926,-2.504038,0.068784,0.282954,-0.591643,-0.079178,-0.139370,0.278856,0.251241
-0.064044,0.041169,-0.653784,0.160422,0.501806,-0.531387,0.555634,-2.488883,0.064742,0.277742,-0.591509,-0.051141,-0.129702,0.257000,0.264379
-0.065630,0.063843,-0.655996,0.133850,0.435622,-0.533478,0.578670,-2.482698,0.060498,0.275623,-0.593313,-0.026525,-0.124489,0.251590,0.259214
-0.065806,0.081656,-0.659020,0.091751,0.382918,-0.536017,0.599652,-2.483081,0.053788,0.274632,-0.593795,-0.005588,-0.118704,0.240564,0.275477
-0.070263,0.095633,-0.666438,0.087094,0.356184,-0.537869,0.617960,-2.467405,0.057121,0.277971,-0.593997,0.012056,-0.114712,0.240806,0.280624
-0.073075,0.110175,-0.671161,0.078970,0.332356,-0.540623,0.635237,-2.444631,0.048217,0.284210,-0.593900,0.027776,-0.105136,0.235329,0.278879
-0.073183,0.125409,-0.680264,0.062969,0.320013,-0.542300,0.649732,-2.438467,0.047927,0.273037,-0.593744,0.042096,-0.106197,0.235824,0.270525
-0.073146,0.137828,-0.682461,0.030451,0.347324,-0.542607,0.662430,-2.441174,0.041246,0.285342,-0.592659,0.053802,-0.101928,0.234026,0.258321
-0.074605,0.148346,-0.684103,0.045313,0.330506,-0.544737,0.674351,-2.430886,0.042711,0.283055,-0.592720,0.064238,-0.098310,0.181255,0.241216
-0.075804,0.158556,-0.686888,0.041864,0.314539,-0.545939,0.684835,-2.419581,0.039386,0.280387,-0.592594,0.073651,-0.099134,0.224511,0.263387
-0.073992,0.166538,-0.689260,0.039989,0.312578,-0.546141,0.694465,-2.405709,0.037242,0.281487,-0.591790,0.083070,-0.090361,0.221106,0.270950
-0.073964,0.173797,-0.696381,0.038680,0.312331,-0.547410,0.703192,-2.399536,0.037242,0.281487,-0.591086,0.090199,-0.088005,0.220239,0.265171
-0.073980,0.180753,-0.704128,0.037251,0.295799,-0.547700,0.710529,-2.391070,0.033775,0.291732,-0.591032,0.097688,-0.082436,0.219982,0.272890
-0.072679,0.186084,-0.720571,0.032889,0.301779,-0.548875,0.718004,-2.376622,0.030034,0.286945,-0.590298,0.104754,-0.082650,0.216436,0.261796
-0.073769,0.190681,-0.721120,0.032769,0.308241,-0.550128,0.723238,-2.360856,0.030034,0.286945,-0.589162,0.109660,-0.075221,0.214688,0.260236
-0.073464,0.195095,-0.732064,0.026998,0.314524,-0.550109,0.728475,-2.354418,0.031925,0.283113,-0.588503,0.113557,-0.069473,0.214489,0.262108
-0.073907,0.199948,-0.741093,0.026484,0.316145,-0.550412,0.733077,-2.350574,0.031261,0.282268,-0.588650,0.118211,-0.066218,0.213734,0.270851
-0.073646,0.204319,-0.751742,0.027383,0.299051,-0.550829,0.737399,-2.345781,0.031261,0.282268,-0.587770,0.121821,-0.054716,0.209404,0.289196
-0.073277,0.206981,-0.756923,0.024367,0.303131,-0.550214,0.741756,-2.340701,0.022484,0.288677,-0.587291,0.124284,-0.045412,0.208617,0.294866
-0.072746,0.209590,-0.765117,0.023068,0.300158,-0.550979,0.744676,-2.318588,0.024337,0.279979,-0.587568,0.127633,-0.034539,0.208338,0.298090
-0.072115,0.211331,-0.771335,0.022832,0.303939,-0.550896,0.747320,-2.307731,0.023769,0.280831,-0.587555,0.130377,-0.023842,0.207585,0.286830
-0.072452,0.212870,-0.771990,0.022567,0.305239,-0.550611,0.749467,-2.298804,0.023769,0.280831,-0.587546,0.132339,-0.017022,0.208726,0.278807
-0.072243,0.215279,-0.772211,0.023888,0.307254,-0.550226,0.751288,-2.292126,0.023896,0.287822,-0.587752,0.134112,-0.011806,0.208417,0.278378
-0.071400,0.217525,-0.772485,0.023938,0.304909,-0.549271,0.753355,-2.293790,0.023896,0.287822,-0.587855,0.135925,-0.004364,0.208417,0.278378
-0.071103,0.219546,-0.774943,0.024717,0.304656,-0.549133,0.755090,-2.287237,0.022636,0.299589,-0.588247,0.137531,0.004023,0.208125,0.276054
-0.071553,0.220928,-0.779397,0.024717,0.304656,-0.549462,0.757315,-2.262139,0.022636,0.299589,-0.587760,0.138544,0.008224,0.208684,0.277125
-0.072121,0.222258,-0.790485,0.022605,0.306144,-0.549662,0.758683,-2.259950,0.021629,0.308710,-0.588280,0.139849,0.010279,0.208881,0.278869
-0.072287,0.222935,-0.794867,0.022491,0.302068,-0.549436,0.759632,-2.258712,0.020798,0.312428,-0.588210,0.140691,0.015540,0.207955,0.279089
-0.072472,0.224610,-0.799068,0.023618,0.298870,-0.549236,0.760875,-2.252760,0.020798,0.312428,-0.588126,0.141681,0.022203,0.208102,0.279272
-0.072528,0.225748,-0.802530,0.026137,0.290423,-0.547723,0.762820,-2.256941,0.045775,0.322164,-0.588325,0.141749,0.021988,0.207255,0.277779
-0.072645,0.226397,-0.804695,0.027309,0.288621,-0.548029,0.763823,-2.240085,0.045775,0.322164,-0.588434,0.143152,0.028418,0.207043,0.277929
-0.072587,0.226873,-0.808867,0.027043,0.288671,-0.547992,0.765249,-2.227570,0.022369,0.304586,-0.588274,0.143600,0.030893,0.207572,0.278087
-0.072651,0.226883,-0.808042,0.027628,0.288576,-0.547629,0.766065,-2.230309,0.024812,0.296607,-0.588505,0.143799,0.029169,0.207938,0.278138
-0.072684,0.227312,-0.807581,0.026974,0.288250,-0.547448,0.767175,-2.225854,0.024812,0.296607,-0.588578,0.144029,0.027362,0.207930,0.278526
-0.072702,0.227543,-0.809859,0.027895,0.288850,-0.547381,0.767608,-2.222502,0.025421,0.294547,-0.588375,0.143669,0.030756,0.207565,0.278475
-0.073223,0.228017,-0.813424,0.027895,0.288850,-0.547250,0.767554,-2.223361,0.024876,0.295052,-0.588523,0.143765,0.029150,0.207786,0.277921
-0.072747,0.227777,-0.810722,0.027513,0.288795,-0.547229,0.767562,-2.224020,0.025523,0.294583,-0.588312,0.143648,0.030814,0.207420,0.277871
-0.072817,0.227841,-0.811353,0.027513,0.288795,-0.547506,0.767505,-2.221864,0.024872,0.294271,-0.588583,0.143923,0.026610,0.207052,0.277822
-0.072859,0.227948,-0.813250,0.027124,0.288740,-0.546877,0.767863,-2.233354,0.024872,0.294271,-0.588368,0.143627,0.030469,0.207559,0.278525
-0.073132,0.228034,-0.811533,0.028090,0.288708,-0.547411,0.767516,-2.224393,0.025520,0.294193,-0.588609,0.143933,0.026388,0.207559,0.278525
-0.073000,0.227844,-0.812404,0.027959,0.288542,-0.547263,0.767583,-2.223388,0.025520,0.294193,-0.588313,0.143689,0.031144,0.207780,0.278313
-0.072964,0.227874,-0.810322,0.027959,0.288542,-0.547514,0.767405,-2.224705,0.025615,0.294772,-0.588515,0.143785,0.028998,0.207642,0.277318
-0.073091,0.227908,-0.812381,0.027959,0.288542,-0.547213,0.767552,-2.223977,0.025615,0.294772,-0.588293,0.143646,0.030982,0.207642,0.277318
-0.072821,0.227800,-0.810617,0.027580,0.288488,-0.547404,0.767513,-2.223401,0.025496,0.293955,-0.588427,0.143799,0.028113,0.207274,0.277270
-0.073053,0.227989,-0.812446,0.027580,0.288488,-0.547378,0.767545,-2.223624,0.025496,0.293955,-0.588342,0.143642,0.030508,0.207274,0.277270
-0.068658,0.235913,-0.814210,0.027525,0.290317,-0.553611,0.765743,-2.268989,0.024215,0.300141,-0.581453,0.142529,0.026077,0.207406,0.275862
-0.053817,0.260476,-0.837768,0.989233,0.335447,-0.580290,0.754619,-2.355525,0.024215,0.300141,-0.556838,0.124954,-0.016171,0.209556,0.304797
-0.037964,0.294605,-0.848361,0.997874,0.299707,-0.615708,0.744266,-2.450720,0.041663,0.269071,-0.527606,0.099834,-0.073796,0.212662,0.298368
-0.025890,0.333136,-0.834120,0.988223,0.303608,-0.654255,0.734591,-2.547207,0.041663,0.269071,-0.493619,0.077224,-0.130008,0.218516,0.298873
-0.019594,0.375299,-0.801668,0.997531,0.297719,-0.692692,0.721249,-2.590849,0.030981,0.281152,-0.456660,0.062262,-0.160715,0.224912,0.283677
-0.017775,0.418421,-0.750498,0.973362,0.338144,-0.721272,0.699001,-2.586160,0.030981,0.281152,-0.418615,0.052859,-0.166231,0.231067,0.289027
-0.019610,0.462835,-0.692379,0.961822,0.321314,-0.747828,0.671673,-2.553503,0.033875,0.274494,-0.378780,0.048517,-0.151833,0.226482,0.295898
-0.025299,0.507813,-0.633771,0.796028,0.417365,-0.773510,0.641359,-2.490633,0.034765,0.297445,-0.338467,0.048889,-0.142119,0.227424,0.301311
-0.037383,0.551082,-0.601306,0.796028,0.417365,-0.794994,0.607773,-2.441610,0.020864,0.146330,-0.301056,0.053811,-0.133502,0.226232,0.300780
-0.053344,0.589239,-0.588191,0.945037,0.326563,-0.813759,0.573599,-2.388618,0.020864,0.146330,-0.266176,0.063500,-0.125448,0.221791,0.313105
-0.074448,0.625587,-0.579702,0.973193,0.275458,-0.830076,0.536595,-2.333181,0.942695,0.140463,-0.234969,0.078826,-0.128683,0.209886,0.345975
-0.096565,0.657576,-0.581669,0.976471,0.265867,-0.843159,0.497677,-2.264468,0.451748,0.813402,-0.207983,0.094767,-0.120689,0.231361,0.330797
-0.119872,0.683559,-0.587899,0.976471,0.265867,-0.850114,0.460029,-2.219649,0.451748,0.813402,-0.187298,0.112746,-0.124858,0.191823,0.359633
-0.143399,0.704206,-0.591240,0.978766,0.262794,-0.854442,0.422422,-2.203995,0.458849,0.812664,-0.168547,0.131142,-0.131369,0.179353,0.367940
-0.163755,0.719300,-0.593354,0.978766,0.262794,-0.856928,0.389207,-2.160322,0.458849,0.812664,-0.154577,0.146659,-0.126511,0.174930,0.348066
-0.187104,0.733472,-0.589641,0.981655,0.265653,-0.852644,0.349222,-2.186349,0.458849,0.812664,-0.142020,0.165173,-0.117346,0.160914,0.317746
-0.206972,0.743422,-0.587116,0.981655,0.265653,-0.850048,0.314564,-2.178829,0.458849,0.812664,-0.132640,0.181416,-0.110641,0.148574,0.315760
-0.224814,0.750681,-0.585909,0.970953,0.284803,-0.847667,0.283665,-2.184047,0.416865,0.787508,-0.125695,0.192956,-0.106055,0.133728,0.313472
-0.244647,0.758205,-0.577250,0.970953,0.284803,-0.839071,0.255671,-2.136611,0.460560,0.790792,-0.118166,0.207046,-0.096207,0.108889,0.309574
-0.260893,0.763097,-0.573651,0.964540,0.299904,-0.827207,0.233392,-2.187298,0.460560,0.790792,-0.112931,0.218876,-0.086211,0.106006,0.308223
-0.275636,0.765627,-0.572074,0.958366,0.318481,-0.817530,0.215385,-2.186970,0.420853,0.749498,-0.109024,0.228755,-0.074424,0.049223,0.310834
-0.287669,0.766666,-0.569094,0.944921,0.324859,-0.809305,0.199588,-2.172079,0.840182,0.152808,-0.105216,0.237712,-0.063117,0.031326,0.313601
-0.299025,0.767533,-0.566526,0.971356,0.304326,-0.802476,0.187167,-2.152825,0.840182,0.152808,-0.102214,0.246315,-0.051159,0.031326,0.313601
-0.309254,0.767280,-0.564503,0.971356,0.304326,-0.793410,0.174858,-2.161998,0.272410,0.231078,-0.099875,0.254268,-0.035851,0.010403,0.361788
-0.317980,0.767590,-0.562192,0.968781,0.308010,-0.785072,0.166004,-2.170373,0.144314,0.316480,-0.097867,0.261594,-0.019166,0.025937,0.344200
-0.325067,0.767740,-0.548822,0.968781,0.308010,-0.778328,0.158444,-2.131576,0.144802,0.313732,-0.096503,0.267098,-0.008897,0.016770,0.314652
-0.331170,0.767116,-0.540057,0.973939,0.294294,-0.770384,0.149963,-2.164602,0.144802,0.313732,-0.095981,0.272229,0.003217,0.016770,0.314652
-0.335603,0.765129,-0.533456,0.973939,0.294294,-0.763572,0.144563,-2.155466,0.147815,0.310722,-0.096490,0.278245,0.005570,0.016770,0.314652
-0.340722,0.763776,-0.527766,0.966863,0.303636,-0.756756,0.138856,-2.143135,0.147815,0.310722,-0.097329,0.283825,0.012321,0.016770,0.314652
-0.345687,0.761737,-0.513193,0.969986,0.303350,-0.751781,0.135002,-2.143358,0.147815,0.310722,-0.098181,0.290226,0.013597,0.016770,0.314652
-0.350651,0.760693,-0.504151,0.981734,0.290410,-0.745929,0.129327,-2.142580,0.147815,0.310722,-0.099117,0.294364,0.018383,0.016770,0.314652
-0.353397,0.759736,-0.502357,0.999894,0.258658,-0.739887,0.125634,-2.138851,0.152411,0.303055,-0.100898,0.299033,0.036015,0.016770,0.314652
-0.355555,0.759190,-0.491350,0.999142,0.259559,-0.736053,0.122825,-2.139891,0.152945,0.305666,-0.102200,0.300739,0.030629,0.016770,0.314652
-0.357653,0.758756,-0.488959,0.997668,0.260162,-0.735007,0.121371,-2.128701,0.150108,0.311799,-0.102520,0.302460,0.040541,0.985318,0.315903
-0.358952,0.758384,-0.483170,0.995177,0.264635,-0.729373,0.118736,-2.135900,0.150328,0.311504,-0.102915,0.304735,0.047869,0.982072,0.318465
-0.360515,0.758168,-0.477911,0.993678,0.268534,-0.726444,0.116496,-2.150943,0.151860,0.312288,-0.102901,0.306957,0.055913,0.993864,0.308804
-0.362322,0.757909,-0.471905,0.992506,0.270350,-0.724683,0.116871,-2.101722,0.153503,0.310030,-0.103122,0.308735,0.067688,0.003416,0.303940
-0.364091,0.757739,-0.465074,0.992284,0.271245,-0.722013,0.115602,-2.148343,0.154919,0.308842,-0.103728,0.309642,0.072929,0.003416,0.303940
-0.365025,0.757913,-0.458633,0.992033,0.272118,-0.720125,0.114746,-2.124725,0.154755,0.306316,-0.104305,0.311284,0.084228,0.994491,0.306855
-0.366190,0.757909,-0.455460,0.989231,0.273093,-0.717213,0.114359,-2.109293,0.154748,0.305352,-0.103989,0.312776,0.084824,0.994460,0.308504
-0.367641,0.758061,-0.449526,0.989020,0.274040,-0.717334,0.113797,-2.091732,0.153922,0.305163,-0.104126,0.313670,0.086200,0.996011,0.307633
-0.368792,0.758120,-0.441789,0.990328,0.268119,-0.715449,0.112648,-2.114094,0.152877,0.305289,-0.104444,0.314915,0.093496,0.995832,0.308275
-0.370811,0.758118,-0.434823,0.992038,0.262751,-0.714583,0.112224,-2.115881,0.152835,0.306277,-0.105200,0.316189,0.102717,0.994073,0.308137
-0.371197,0.758199,-0.432205,0.997914,0.256671,-0.713854,0.112091,-2.035025,0.153845,0.307671,-0.105001,0.317085,0.104017,0.995832,0.308275
-0.371208,0.758236,-0.432076,0.999554,0.256087,-0.714677,0.112530,-2.070003,0.154239,0.309718,-0.105161,0.317739,0.106842,0.998479,0.307853
-0.371212,0.758235,-0.431956,0.998430,0.256436,-0.713779,0.112147,-2.069529,0.154562,0.309630,-0.105278,0.317766,0.107235,0.996768,0.306471
-0.371221,0.758230,-0.432032,0.998094,0.255959,-0.711182,0.110668,-2.094415,0.154148,0.310241,-0.105183,0.317763,0.106969,0.998475,0.307041
-0.371209,0.758199,-0.431912,0.998311,0.256594,-0.711470,0.110490,-2.091910,0.155611,0.311234,-0.105298,0.317775,0.107229,0.999263,0.306952
-0.371224,0.758196,-0.432321,0.998311,0.256594,-0.711080,0.110551,-2.087060,0.154716,0.311329,-0.105199,0.317710,0.107565,0.998473,0.306639
-0.371234,0.758206,-0.432100,0.998311,0.256594,-0.711058,0.110508,-2.093638,0.155371,0.311909,-0.105365,0.317712,0.108009,0.997715,0.306580
-0.371341,0.758215,-0.431671,0.998591,0.256657,-0.711171,0.110501,-2.092691,0.154651,0.310996,-0.105267,0.317792,0.107179,0.000162,0.307215
-0.371230,0.758149,-0.431174,0.998591,0.256657,-0.711023,0.110547,-2.093527,0.155131,0.310712,-0.105330,0.317656,0.106535,0.998471,0.306240
-0.371239,0.758217,-0.432229,0.998311,0.256594,-0.710784,0.110499,-2.088397,0.154735,0.311841,-0.105212,0.317708,0.107224,0.998471,0.306240
-0.371228,0.758229,-0.432104,0.998591,0.256657,-0.711241,0.110506,-2.096447,0.155131,0.310712,-0.105226,0.317807,0.106399,0.000944,0.306875
-0.371233,0.758219,-0.432080,0.998591,0.256657,-0.711037,0.110492,-2.090384,0.154491,0.310644,-0.105306,0.317741,0.107933,0.000156,0.306817
-0.371261,0.758175,-0.430331,0.998311,0.256594,-0.710651,0.110282,-2.079134,0.154491,0.310644,-0.105256,0.317759,0.106603,0.998470,0.305844
-0.371237,0.758226,-0.431976,0.998311,0.256594,-0.711290,0.110569,-2.096317,0.154491,0.310644,-0.105179,0.317688,0.106689,0.998470,0.305844
-0.371229,0.758225,-0.431824,0.998591,0.256657,-0.710469,0.110325,-2.078760,0.155131,0.310712,-0.105226,0.317772,0.107142,0.998470,0.305844
-0.371238,0.758145,-0.431016,0.998311,0.256594,-0.711142,0.110580,-2.086670,0.155131,0.310712,-0.105581,0.317531,0.106212,0.000937,0.306479
-0.371212,0.758212,-0.432097,0.998311,0.256594,-0.711122,0.110575,-2.087319,0.155131,0.310712,-0.105289,0.317615,0.106528,0.000149,0.306422
-0.371221,0.758131,-0.431085,0.998311,0.256594,-0.710728,0.110345,-2.078174,0.154491,0.310644,-0.105300,0.317792,0.107381,0.000149,0.306422
-0.371225,0.758119,-0.431217,0.998311,0.256594,-0.710572,0.110566,-2.084860,0.155131,0.310712,-0.105181,0.317738,0.105565,0.000149,0.306422
-0.371349,0.758118,-0.430641,0.998311,0.256594,-0.711112,0.110561,-2.092689,0.155131,0.310712,-0.105282,0.317810,0.106920,0.999382,0.306365
-0.371243,0.758209,-0.432109,0.998311,0.256594,-0.711123,0.110556,-2.086671,0.154491,0.310644,-0.105215,0.317742,0.106788,0.000806,0.305481
-0.371230,0.758135,-0.431304,0.998311,0.256594,-0.710599,0.110562,-2.083127,0.155131,0.310712,-0.105208,0.317792,0.107153,0.000930,0.306087
-0.371256,0.758183,-0.430286,0.998375,0.256022,-0.710614,0.110587,-2.082758,0.154491,0.310644,-0.105337,0.317604,0.106368,0.000930,0.306087
-0.371209,0.758110,-0.431279,0.998311,0.256594,-0.710973,0.110509,-2.089715,0.154081,0.311262,-0.105284,0.317744,0.107100,0.000143,0.306030
-0.371229,0.758204,-0.432091,0.998375,0.256022,-0.711002,0.110485,-2.089229,0.154735,0.311841,-0.105258,0.317792,0.106923,0.000143,0.306030
-0.371337,0.758224,-0.431871,0.998708,0.256499,-0.710991,0.110482,-2.089406,0.155131,0.310712,-0.105341,0.317708,0.106501,0.000143,0.306030
-0.371230,0.758229,-0.431994,0.998375,0.256022,-0.711293,0.110574,-2.096275,0.155371,0.311909,-0.105224,0.317817,0.106982,0.999376,0.305974
-0.371240,0.758218,-0.431723,0.998375,0.256022,-0.711318,0.110671,-2.089500,0.155131,0.310712,-0.105254,0.317744,0.107066,0.998466,0.305061
-0.371216,0.758257,-0.432172,0.998708,0.256499,-0.711224,0.110526,-2.096750,0.154081,0.311262,-0.105214,0.317828,0.106397,0.000923,0.305697
-0.371203,0.758124,-0.431168,0.998375,0.256022,-0.710613,0.110300,-2.080429,0.154491,0.310644,-0.105256,0.317799,0.105515,0.000923,0.305697
-0.371231,0.758202,-0.432172,0.998375,0.256022,-0.710698,0.110298,-2.078718,0.154081,0.311262,-0.105400,0.317635,0.106751,0.000923,0.305697
-0.371238,0.758251,-0.431739,0.998375,0.256022,-0.710560,0.110564,-2.084422,0.155371,0.311909,-0.105165,0.317712,0.106721,0.000923,0.305697
-0.371233,0.758227,-0.431920,0.998375,0.256022,-0.710563,0.110367,-2.077588,0.155371,0.311909,-0.105424,0.317675,0.106871,0.999371,0.305585
-0.371250,0.758286,-0.431175,0.998708,0.256499,-0.711013,0.110460,-2.078109,0.154735,0.311841,-0.105407,0.317807,0.107747,0.000130,0.305255
-0.371252,0.758112,-0.431225,0.998708,0.256499,-0.711227,0.110540,-2.093130,0.154491,0.310644,-0.105246,0.317762,0.106959,0.000916,0.305310
-0.371233,0.758238,-0.431690,0.998708,0.256499,-0.711014,0.110472,-2.090487,0.154081,0.311262,-0.105318,0.317689,0.106199,0.000916,0.305310
-0.371233,0.758237,-0.431937,0.998708,0.256499,-0.711550,0.110737,-2.089200,0.155131,0.310712,-0.105074,0.317804,0.108736,0.000137,0.305641
-0.371255,0.758241,-0.432111,0.998708,0.256499,-0.711166,0.110525,-2.092514,0.155131,0.310712,-0.105278,0.317841,0.107602,0.000916,0.305310
-0.371241,0.758225,-0.432019,0.998708,0.256499,-0.711059,0.110528,-2.088357,0.155131,0.310712,-0.105202,0.317737,0.106739,0.000916,0.305310
-0.371257,0.758192,-0.430431,0.998430,0.256436,-0.710672,0.110336,-2.079161,0.154081,0.311262,-0.105367,0.317700,0.106102,0.000916,0.305310
-0.371244,0.758229,-0.432033,0.998708,0.256499,-0.710577,0.110382,-2.077411,0.155131,0.310712,-0.105273,0.317742,0.106433,0.000916,0.305310
-0.371242,0.758155,-0.430901,0.998708,0.256499,-0.711183,0.110523,-2.093555,0.155131,0.310712,-0.105526,0.317490,0.106279,0.000916,0.305310
-0.371228,0.758225,-0.431968,0.998430,0.256436,-0.710977,0.110456,-2.089331,0.155131,0.310712,-0.105169,0.317734,0.106901,0.000916,0.305310
-0.371220,0.758200,-0.432178,0.998430,0.256436,-0.711166,0.110507,-2.092531,0.154081,0.311262,-0.105306,0.317629,0.106642,0.000916,0.305310
-0.371216,0.758215,-0.432205,0.998430,0.256436,-0.711292,0.110563,-2.096361,0.155131,0.310712,-0.105203,0.317758,0.106936,0.000130,0.305255
-0.371243,0.758223,-0.432010,0.998430,0.256436,-0.711037,0.110488,-2.090088,0.155131,0.310712,-0.105389,0.317683,0.106335,0.000130,0.305255
-0.371237,0.758258,-0.431836,0.998430,0.256436,-0.711117,0.110545,-2.092605,0.154081,0.311262,-0.105282,0.317809,0.105936,0.000130,0.305255
-0.371336,0.758111,-0.430916,0.998430,0.256436,-0.711183,0.110508,-2.093522,0.155131,0.310712,-0.105251,0.317760,0.107149,0.000130,0.305255
-0.371245,0.758140,-0.431082,0.998430,0.256436,-0.711120,0.110566,-2.086735,0.155131,0.310712,-0.105365,0.317646,0.106558,0.000130,0.305255
-0.371237,0.758222,-0.432046,0.998430,0.256436,-0.710749,0.110716,-2.080188,0.155131,0.310712,-0.105272,0.317762,0.107130,0.000130,0.305255
-0.371316,0.758224,-0.432931,0.998430,0.256436,-0.711125,0.110484,-2.094190,0.155131,0.310712,-0.105218,0.317790,0.106011,0.002579,0.305896
-0.371310,0.758107,-0.431947,0.998430,0.256436,-0.711060,0.110554,-2.091875,0.154491,0.310644,-0.105268,0.317867,0.107155,0.002579,0.305896
-0.371189,0.758197,-0.432080,0.998430,0.256436,-0.711049,0.110533,-2.088301,0.154735,0.311841,-0.105139,0.317724,0.106672,0.000910,0.304926
-0.371227,0.758207,-0.432205,0.998430,0.256436,-0.711236,0.110747,-2.091489,0.155131,0.310712,-0.105356,0.317746,0.107678,0.000910,0.304926
-0.371259,0.758267,-0.431167,0.998430,0.256436,-0.711213,0.110513,-2.097328,0.154491,0.310644,-0.105214,0.317818,0.106563,0.000910,0.304926
-0.372265,0.755157,-0.438794,0.998708,0.256499,-0.706584,0.112776,-2.086562,0.155131,0.310712,-0.105482,0.316570,0.113662,0.000910,0.304926
-0.377564,0.739225,-0.456841,0.985661,0.262240,-0.687398,0.136395,-2.043900,0.157351,0.309651,-0.105095,0.302705,0.106965,0.005894,0.306935
-0.382351,0.725640,-0.458184,0.999721,0.249580,-0.668381,0.158065,-2.024436,0.150863,0.301335,-0.104933,0.292802,0.105368,0.005894,0.306935
-0.383996,0.715075,-0.467515,0.997812,0.266623,-0.649601,0.181025,-2.049071,0.151921,0.312039,-0.104436,0.283252,0.095632,0.986570,0.321075
-0.385028,0.706494,-0.478666,0.997119,0.259671,-0.634793,0.202627,-2.035905,0.148381,0.321814,-0.107154,0.275215,0.103706,0.002386,0.299791
-0.385185,0.698866,-0.485105,0.996907,0.260710,-0.625869,0.223189,-2.049938,0.146334,0.332087,-0.109105,0.266947,0.090346,0.002386,0.299791
-0.385482,0.692271,-0.486781,0.989172,0.273953,-0.617017,0.241452,-2.048805,0.141334,0.317014,-0.111773,0.258494,0.083727,0.003885,0.319998
-0.386458,0.685832,-0.492863,0.995413,0.272319,-0.609600,0.257171,-2.045772,0.139545,0.309066,-0.113863,0.251332,0.089216,0.041147,0.300013
-0.386696,0.680269,-0.494856,0.999962,0.260501,-0.586364,0.252024,-2.764220,0.141038,0.309222,-0.115737,0.244854,0.084672,0.041147,0.300013
-0.386769,0.676186,-0.496244,0.005023,0.251089,-0.600930,0.286224,-2.042214,0.132379,0.285721,-0.118932,0.238656,0.086542,0.037038,0.332292
-0.387211,0.673307,-0.499734,0.002236,0.256687,-0.609445,0.300287,-1.995758,0.132069,0.311564,-0.121495,0.231846,0.090799,0.072880,0.306773
-0.387618,0.671399,-0.503376,0.998454,0.265647,-0.600663,0.309449,-2.046829,0.132335,0.300221,-0.124173,0.225262,0.095727,0.072880,0.306773
-0.387967,0.670112,-0.507861,0.996511,0.271490,-0.594542,0.320561,-2.048813,0.122323,0.299153,-0.126168,0.219523,0.096584,0.123171,0.298399
-0.388814,0.669141,-0.515693,0.993995,0.274601,-0.590721,0.329533,-2.036548,0.122432,0.302916,-0.128868,0.214146,0.101105,0.123171,0.298399
-0.389089,0.668408,-0.516500,0.992606,0.277893,-0.587384,0.337673,-2.029510,0.121315,0.300479,-0.131622,0.208507,0.113705,0.129148,0.303671
-0.389751,0.667470,-0.523152,0.992597,0.279080,-0.584517,0.345573,-2.026137,0.117883,0.292595,-0.136716,0.204019,0.104637,0.129148,0.303671
-0.390418,0.666192,-0.526349,0.991946,0.279287,-0.583154,0.351819,-2.015581,0.117410,0.296179,-0.140946,0.199791,0.105687,0.126059,0.308852
-0.391011,0.665150,-0.533466,0.993024,0.276677,-0.580805,0.358410,-2.008192,0.114819,0.300310,-0.145178,0.195689,0.101952,0.126059,0.308852
-0.391814,0.664056,-0.543288,0.993530,0.275390,-0.578486,0.364113,-2.004515,0.112820,0.299700,-0.149276,0.191775,0.099263,0.132290,0.314104
-0.392313,0.663601,-0.545908,0.994002,0.274429,-0.577015,0.368701,-1.993714,0.114907,0.300186,-0.152868,0.188058,0.096516,0.143831,0.312024
-0.392564,0.663175,-0.548306,0.994851,0.274855,-0.576186,0.372771,-1.999833,0.107040,0.289691,-0.156880,0.184645,0.094135,0.149123,0.315697
-0.393134,0.662589,-0.550894,0.994409,0.274349,-0.574501,0.377172,-1.992693,0.106356,0.287785,-0.161120,0.181932,0.102627,0.157108,0.321610
-0.393979,0.661580,-0.555757,0.995607,0.274466,-0.573879,0.381430,-1.982867,0.106014,0.289137,-0.163389,0.179382,0.095323,0.157454,0.318189
-0.394613,0.660259,-0.561373,0.999973,0.268291,-0.572635,0.385351,-1.984753,0.104923,0.290125,-0.166275,0.178304,0.099386,0.159996,0.312487
-0.394978,0.659152,-0.567670,0.004366,0.260446,-0.571627,0.389098,-1.972356,0.105631,0.291108,-0.169427,0.177436,0.102069,0.160920,0.316027
-0.395963,0.658204,-0.574714,0.004971,0.257358,-0.571043,0.391820,-1.977579,0.109378,0.289203,-0.172896,0.176012,0.109395,0.162045,0.320999
-0.396140,0.657858,-0.576426,0.005071,0.256440,-0.571036,0.393756,-1.968854,0.111751,0.283190,-0.175955,0.173367,0.105467,0.165955,0.327944
-0.396295,0.657719,-0.577281,0.005491,0.255840,-0.570570,0.396042,-1.968639,0.111770,0.284976,-0.179158,0.171223,0.107739,0.169594,0.328731
-0.396457,0.657596,-0.575876,0.005738,0.256032,-0.570387,0.398204,-1.965220,0.106696,0.290308,-0.181740,0.170286,0.111518,0.169813,0.331712
-0.396475,0.657592,-0.575984,0.006282,0.255801,-0.570318,0.399353,-1.957105,0.104791,0.291269,-0.184178,0.169015,0.111793,0.170840,0.335569
-0.396704,0.657268,-0.577467,0.005768,0.255735,-0.570542,0.400483,-1.950909,0.103912,0.291748,-0.185603,0.168154,0.122428,0.171814,0.338680
-0.396746,0.657198,-0.576582,0.006096,0.255016,-0.570732,0.402149,-1.948099,0.102810,0.290761,-0.186195,0.167679,0.127578,0.172426,0.339406
-0.396797,0.656957,-0.576766,0.005138,0.255838,-0.570819,0.403204,-1.932789,0.103188,0.291609,-0.186942,0.166934,0.131659,0.172925,0.339275
-0.396777,0.656913,-0.578018,0.006096,0.255016,-0.570795,0.404034,-1.933454,0.102972,0.290708,-0.187852,0.165871,0.135826,0.173794,0.339283
-0.396955,0.657011,-0.578486,0.005584,0.254950,-0.571067,0.405243,-1.928177,0.103471,0.291872,-0.188922,0.165012,0.142717,0.173974,0.338871
-0.396793,0.656975,-0.576551,0.005584,0.254950,-0.571294,0.405745,-1.923696,0.103204,0.292926,-0.189804,0.164760,0.149251,0.173974,0.338871
-0.396870,0.656931,-0.577351,0.005798,0.255440,-0.572227,0.406381,-1.929639,0.102773,0.292903,-0.189596,0.164387,0.146591,0.175103,0.338275
-0.396933,0.657009,-0.578445,0.005798,0.255440,-0.572361,0.406701,-1.928457,0.103062,0.291723,-0.190076,0.164484,0.151394,0.175103,0.338275
-0.396875,0.656933,-0.577406,0.006128,0.254723,-0.572350,0.406769,-1.926442,0.102962,0.292666,-0.189704,0.164473,0.145914,0.175103,0.338275
-0.396892,0.656964,-0.577227,0.004731,0.254885,-0.572048,0.406828,-1.924379,0.101480,0.291453,-0.190057,0.164714,0.149832,0.174762,0.338272
-0.396851,0.656895,-0.577871,0.005239,0.254951,-0.572443,0.406703,-1.927478,0.102299,0.291872,-0.189646,0.164423,0.146474,0.174762,0.338272
-0.396946,0.656984,-0.578740,0.005239,0.254951,-0.572481,0.406720,-1.927168,0.102136,0.291595,-0.189681,0.164401,0.146516,0.175387,0.337559
-0.396803,0.656930,-0.577763,0.004731,0.254885,-0.571636,0.406949,-1.922282,0.102057,0.291454,-0.189658,0.164419,0.146280,0.174955,0.338053
-0.396801,0.656825,-0.577686,0.004731,0.254885,-0.572421,0.406775,-1.926020,0.102451,0.292257,-0.189593,0.164473,0.145399,0.174955,0.338053
-0.396859,0.657040,-0.577896,0.006128,0.254723,-0.572157,0.406794,-1.927023,0.103182,0.292520,-0.189805,0.164603,0.149819,0.174613,0.338051
-0.396860,0.656917,-0.577490,0.006128,0.254723,-0.572510,0.406696,-1.926670,0.103106,0.292370,-0.189910,0.164678,0.149822,0.175288,0.338527
-0.396797,0.656825,-0.577397,0.006128,0.254723,-0.572419,0.406763,-1.926655,0.103030,0.292218,-0.189650,0.164440,0.146247,0.174806,0.337834
-0.396950,0.657017,-0.578452,0.006128,0.254723,-0.572390,0.406764,-1.926281,0.102956,0.292064,-0.189970,0.164675,0.149156,0.174806,0.337834
-0.396887,0.656863,-0.578834,0.006128,0.254723,-0.572492,0.406730,-1.927252,0.103684,0.292310,-0.189867,0.164608,0.149632,0.174463,0.337832
-0.396941,0.657011,-0.578643,0.006128,0.254723,-0.572392,0.406731,-1.927893,0.102545,0.292854,-0.189654,0.164423,0.146012,0.175139,0.338308
-0.396871,0.656864,-0.578853,0.005615,0.254657,-0.571687,0.406940,-1.920975,0.103273,0.293091,-0.189931,0.164636,0.149487,0.174797,0.338305
-0.396938,0.656999,-0.578545,0.005615,0.254657,-0.571825,0.406822,-1.924584,0.103204,0.292926,-0.189939,0.164611,0.149178,0.174806,0.337834
-0.396882,0.656874,-0.578704,0.006343,0.255213,-0.572473,0.406704,-1.927407,0.103135,0.292757,-0.189687,0.164415,0.146275,0.174806,0.337834
-0.396873,0.656882,-0.579030,0.005829,0.255147,-0.572322,0.406811,-1.926053,0.103131,0.293164,-0.189657,0.164502,0.144699,0.174463,0.337832
-0.396947,0.656998,-0.578748,0.005829,0.255147,-0.571832,0.406846,-1.924220,0.101783,0.292081,-0.189943,0.164634,0.149319,0.174797,0.338305
-0.396862,0.656877,-0.578682,0.005829,0.255147,-0.572419,0.406747,-1.926364,0.103861,0.292978,-0.189655,0.164401,0.146247,0.174990,0.338091
-0.396879,0.656872,-0.578964,0.005829,0.255147,-0.571726,0.406896,-1.923632,0.103002,0.292412,-0.189731,0.164500,0.145681,0.174990,0.338091
-0.397803,0.649579,-0.581853,0.998588,0.274567,-0.570348,0.402636,-1.933895,0.103793,0.291711,-0.199476,0.173071,0.134000,0.175280,0.326383
-0.398618,0.637285,-0.577290,0.998588,0.274567,-0.568808,0.398002,-1.929584,0.105462,0.288894,-0.218071,0.187451,0.124829,0.175280,0.326383
-0.399427,0.627586,-0.578742,0.987394,0.285756,-0.567389,0.394394,-1.939253,0.110489,0.279018,-0.232346,0.198606,0.128905,0.174726,0.325184
-0.400774,0.621810,-0.585981,0.011785,0.253310,-0.564855,0.390962,-1.945369,0.115506,0.270753,-0.241961,0.207577,0.128368,0.173860,0.319728
-0.401237,0.618198,-0.587025,0.015062,0.258234,-0.563706,0.387792,-1.950193,0.113174,0.273088,-0.249612,0.218059,0.139490,0.174425,0.312491
-0.401929,0.613445,-0.585977,0.011380,0.270885,-0.562685,0.385080,-1.952362,0.109344,0.286111,-0.257005,0.226366,0.131730,0.171398,0.319571
-0.403127,0.607878,-0.592098,0.011380,0.270885,-0.561893,0.382203,-1.965027,0.108964,0.288750,-0.264537,0.234185,0.134609,0.173370,0.316024
-0.403248,0.602693,-0.582790,0.018314,0.249617,-0.560102,0.379226,-1.977561,0.106410,0.290027,-0.268704,0.242059,0.145140,0.173705,0.308501
-0.404535,0.598217,-0.588866,0.018314,0.249617,-0.558591,0.376370,-1.982105,0.106410,0.290027,-0.273169,0.247913,0.156881,0.170917,0.297027
-0.404463,0.595800,-0.588396,0.026043,0.239868,-0.557233,0.373234,-1.992776,0.106410,0.290027,-0.276073,0.252930,0.161526,0.164502,0.312039
-0.404648,0.594841,-0.591249,0.027876,0.240732,-0.555080,0.371339,-1.984002,0.106410,0.290027,-0.280507,0.258770,0.169267,0.175891,0.304457
-0.404615,0.594712,-0.592123,0.027876,0.240732,-0.554959,0.369059,-1.995854,0.106410,0.290027,-0.282623,0.263020,0.179917,0.164480,0.333519
-0.404730,0.594773,-0.591958,0.028060,0.241326,-0.554420,0.367036,-2.010208,0.106410,0.290027,-0.286412,0.267419,0.194389,0.158835,0.328674
-0.404695,0.594835,-0.593000,0.027418,0.240750,-0.552731,0.363978,-2.008471,0.106410,0.290027,-0.287139,0.270424,0.202023,0.161992,0.311447
-0.404798,0.594909,-0.592520,0.027418,0.240750,-0.551278,0.361858,-2.007634,0.106410,0.290027,-0.288062,0.273289,0.215216,0.166008,0.304993
-0.404794,0.594793,-0.593460,0.027417,0.240683,-0.550875,0.359974,-2.013144,0.106410,0.290027,-0.288786,0.277147,0.213953,0.165958,0.303109
-0.404783,0.594998,-0.590649,0.028043,0.240725,-0.549578,0.357629,-2.009817,0.113175,0.305087,-0.289089,0.281168,0.232491,0.165319,0.301225
-0.404748,0.595009,-0.590907,0.027500,0.240714,-0.548544,0.355920,-2.019196,0.113938,0.305550,-0.288075,0.284563,0.228469,0.164505,0.296558
-0.404686,0.594883,-0.592210,0.027682,0.241240,-0.548169,0.354138,-2.026264,0.116529,0.302230,-0.288876,0.287424,0.242236,0.165863,0.296803
-0.404891,0.594866,-0.591409,0.028840,0.241298,-0.547084,0.352724,-2.029958,0.120951,0.293200,-0.288958,0.289648,0.240643,0.166497,0.298294
-0.404649,0.595032,-0.588381,0.028123,0.240689,-0.547048,0.352007,-2.031443,0.122261,0.288652,-0.289102,0.291421,0.248657,0.166318,0.297658
-0.404788,0.594913,-0.591774,0.028123,0.240689,-0.546787,0.352037,-2.038265,0.122213,0.287756,-0.288751,0.293838,0.249132,0.165775,0.298598
-0.404914,0.594870,-0.591100,0.028123,0.240689,-0.547052,0.352056,-2.030809,0.122323,0.288035,-0.288623,0.294922,0.248815,0.165775,0.298598
-0.404924,0.594896,-0.591282,0.027582,0.240678,-0.545707,0.351381,-2.038594,0.123985,0.286284,-0.288844,0.295884,0.253594,0.165796,0.296018
-0.404966,0.594800,-0.592425,0.027582,0.240678,-0.545758,0.350282,-2.038323,0.124508,0.282784,-0.289003,0.296336,0.253680,0.165183,0.294280
-0.404918,0.594860,-0.591161,0.027765,0.241205,-0.545935,0.350015,-2.038426,0.126308,0.279947,-0.289489,0.296783,0.258655,0.164267,0.292826
-0.404859,0.594828,-0.592824,0.027765,0.241205,-0.545936,0.350042,-2.039907,0.124851,0.280510,-0.289347,0.298054,0.263291,0.164083,0.291111
-0.404865,0.594978,-0.589241,0.027765,0.241205,-0.546799,0.349245,-2.060303,0.125748,0.278594,-0.289794,0.298414,0.265087,0.163468,0.289688
-0.404697,0.594893,-0.591905,0.028921,0.241263,-0.546360,0.348050,-2.037328,0.126089,0.278236,-0.290357,0.298694,0.271043,0.162355,0.289063
-0.404809,0.595000,-0.590126,0.028741,0.240666,-0.546409,0.348629,-2.051699,0.126407,0.277787,-0.290499,0.298600,0.271324,0.162540,0.289206
-0.404801,0.595034,-0.590165,0.028741,0.240666,-0.546842,0.348679,-2.054430,0.127101,0.277002,-0.290566,0.298615,0.272866,0.162540,0.289206
-0.404909,0.594796,-0.592167,0.028204,0.240655,-0.546052,0.348217,-2.040950,0.126132,0.277179,-0.290624,0.298680,0.274213,0.161862,0.289209
-0.404810,0.594833,-0.592815,0.028204,0.240655,-0.546879,0.348751,-2.064592,0.126390,0.277511,-0.290441,0.298658,0.271823,0.161862,0.289209
-0.404868,0.594985,-0.589503,0.028204,0.240655,-0.546152,0.348597,-2.050190,0.126373,0.277241,-0.290440,0.298687,0.271852,0.163680,0.289056
-0.404819,0.594909,-0.592068,0.028204,0.240655,-0.546686,0.348802,-2.060024,0.126601,0.276821,-0.290487,0.298631,0.272087,0.161891,0.289737
-0.404785,0.595019,-0.589754,0.028204,0.240655,-0.546711,0.348767,-2.060586,0.126601,0.276821,-0.289920,0.298575,0.265057,0.162540,0.289206
-0.404863,0.594843,-0.592809,0.028204,0.240655,-0.546773,0.348638,-2.051891,0.126601,0.276821,-0.289817,0.298633,0.265059,0.162540,0.289206
-0.404822,0.594913,-0.591664,0.027665,0.240644,-0.546603,0.348775,-2.057837,0.126115,0.276911,-0.290406,0.298709,0.271468,0.162540,0.289206
-0.404824,0.594834,-0.593066,0.027665,0.240644,-0.546103,0.348156,-2.041008,0.126988,0.277564,-0.290457,0.298654,0.271939,0.162540,0.289206
-0.404823,0.595015,-0.589657,0.027665,0.240644,-0.546911,0.348743,-2.063088,0.126988,0.277564,-0.289937,0.298711,0.266778,0.162540,0.289206
-0.404806,0.594868,-0.591994,0.028384,0.241181,-0.546715,0.348746,-2.062350,0.126988,0.277564,-0.290545,0.298634,0.272221,0.163205,0.289203
-0.404743,0.594989,-0.590295,0.027849,0.241171,-0.546227,0.348693,-2.049179,0.126988,0.277564,-0.290462,0.298628,0.271356,0.162540,0.289206
-0.404882,0.594940,-0.589102,0.027849,0.241171,-0.546715,0.348812,-2.061118,0.126508,0.277655,-0.290503,0.298642,0.271027,0.162540,0.289206
-0.404843,0.594920,-0.591448,0.028464,0.241219,-0.546216,0.348072,-2.041616,0.126508,0.277655,-0.290409,0.298608,0.272962,0.162540,0.289206
-0.404897,0.594979,-0.589273,0.027849,0.241171,-0.546610,0.348795,-2.059197,0.126584,0.276559,-0.290419,0.298677,0.270581,0.163205,0.289203
-0.404952,0.594794,-0.592053,0.029002,0.241229,-0.546725,0.348752,-2.063051,0.127199,0.276886,-0.289810,0.298620,0.265356,0.163205,0.289203
-0.404789,0.595025,-0.590095,0.029002,0.241229,-0.546609,0.348783,-2.057882,0.126988,0.277564,-0.290606,0.298614,0.271894,0.163205,0.289203
-0.404916,0.594882,-0.590564,0.028821,0.240632,-0.546678,0.348782,-2.060851,0.126988,0.277564,-0.290316,0.298727,0.271663,0.162540,0.289206
-0.404827,0.594900,-0.591846,0.029002,0.241229,-0.546415,0.348635,-2.050305,0.127677,0.276795,-0.290497,0.298644,0.271579,0.162540,0.289206
-0.404908,0.594959,-0.589089,0.028286,0.240621,-0.546195,0.348698,-2.050036,0.127677,0.276795,-0.290368,0.298666,0.270732,0.163205,0.289203
-0.404914,0.594878,-0.591283,0.028286,0.240621,-0.546624,0.348523,-2.057322,0.126972,0.277305,-0.289623,0.298572,0.265563,0.161719,0.288826
-0.404958,0.594802,-0.591983,0.028286,0.240621,-0.546592,0.348759,-2.059040,0.126972,0.277305,-0.290566,0.298694,0.272547,0.162540,0.289206
-0.404863,0.594788,-0.593676,0.028286,0.240621,-0.546690,0.348809,-2.061285,0.127199,0.276886,-0.290579,0.298630,0.272375,0.163205,0.289203
-0.404900,0.594858,-0.591167,0.028286,0.240621,-0.546619,0.348769,-2.058400,0.126972,0.277305,-0.290461,0.298692,0.271392,0.163205,0.289203
-0.404799,0.595014,-0.590162,0.028286,0.240621,-0.546894,0.348768,-2.064451,0.127449,0.277213,-0.290237,0.298689,0.271230,0.163205,0.289203
-0.404882,0.594969,-0.589161,0.028286,0.240621,-0.546723,0.348781,-2.060497,0.126492,0.277397,-0.290589,0.298652,0.273550,0.163205,0.289203
-0.404813,0.594904,-0.591829,0.027748,0.240611,-0.546479,0.348658,-2.055061,0.126972,0.277305,-0.290407,0.298685,0.270936,0.163205,0.289203
-0.404896,0.594982,-0.589487,0.028286,0.240621,-0.546689,0.348807,-2.060598,0.126492,0.277397,-0.290422,0.298670,0.271485,0.163205,0.289203
-0.404937,0.594799,-0.592266,0.028286,0.240621,-0.546612,0.348707,-2.060355,0.127583,0.277634,-0.290463,0.298682,0.271923,0.163205,0.289203
-0.404894,0.594874,-0.591258,0.028467,0.241148,-0.546809,0.348548,-2.058569,0.126492,0.277397,-0.290498,0.298637,0.271389,0.161719,0.288826
-0.404872,0.594975,-0.589766,0.028467,0.241148,-0.546719,0.348762,-2.062889,0.126972,0.277305,-0.290390,0.298668,0.270695,0.162404,0.288823
-0.404838,0.594911,-0.591886,0.027748,0.240611,-0.546653,0.348600,-2.058203,0.126492,0.277397,-0.290302,0.298653,0.270278,0.163205,0.289203
-0.404946,0.594789,-0.592976,0.028467,0.241148,-0.546710,0.348790,-2.060232,0.126492,0.277397,-0.290410,0.298639,0.270651,0.163205,0.289203
-0.404885,0.594756,-0.591505,0.027934,0.241138,-0.546644,0.348848,-2.063759,0.127182,0.276634,-0.290357,0.298708,0.271206,0.161719,0.288826
-0.404872,0.594860,-0.591267,0.027748,0.240611,-0.546154,0.348241,-2.041090,0.127182,0.276634,-0.290590,0.298630,0.271941,0.163205,0.289203
-0.404963,0.594808,-0.592214,0.029083,0.241196,-0.546619,0.348726,-2.059044,0.127182,0.276634,-0.290331,0.298678,0.271944,0.162404,0.288823
-0.404865,0.594849,-0.592932,0.029083,0.241196,-0.546156,0.348451,-2.045177,0.127182,0.276634,-0.290476,0.298680,0.271306,0.161719,0.288826
-0.404972,0.594788,-0.592116,0.029083,0.241196,-0.546681,0.348778,-2.060453,0.127182,0.276634,-0.290463,0.298651,0.272401,0.162404,0.288823
-0.404832,0.594926,-0.591971,0.029083,0.241196,-0.546591,0.348742,-2.058292,0.126955,0.277053,-0.290134,0.298671,0.270192,0.161719,0.288826
-0.404892,0.594872,-0.590645,0.029083,0.241196,-0.546548,0.348757,-2.063211,0.126955,0.277053,-0.289829,0.298606,0.265479,0.162404,0.288823
-0.404900,0.594863,-0.591004,0.029083,0.241196,-0.545825,0.348628,-2.043392,0.126955,0.277053,-0.290570,0.298650,0.272071,0.161719,0.288826
-0.404896,0.594774,-0.592225,0.029083,0.241196,-0.546491,0.348778,-2.060917,0.126955,0.277053,-0.289896,0.298670,0.264002,0.161719,0.288826
-0.404825,0.594866,-0.591572,0.028369,0.240589,-0.546598,0.348723,-2.057668,0.126955,0.277053,-0.290465,0.298669,0.271667,0.161719,0.288826
-0.404866,0.594897,-0.590487,0.029083,0.241196,-0.546120,0.348041,-2.042717,0.126955,0.277053,-0.290348,0.298664,0.270806,0.161719,0.288826
-0.404809,0.594858,-0.591518,0.029083,0.241196,-0.546576,0.348711,-2.058111,0.126955,0.277053,-0.290430,0.298646,0.271627,0.162404,0.288823
-0.404919,0.594915,-0.590876,0.028547,0.241186,-0.546925,0.348825,-2.064841,0.127567,0.277385,-0.290389,0.298642,0.270586,0.161719,0.288826
-0.404893,0.594867,-0.591300,0.029083,0.241196,-0.546700,0.348739,-2.060175,0.127567,0.277385,-0.289928,0.298682,0.266547,0.163205,0.289203
-0.404907,0.594897,-0.590481,0.028369,0.240589,-0.546673,0.348839,-2.061429,0.126955,0.277053,-0.289716,0.298649,0.266143,0.163205,0.289203
-0.401520,0.594198,-0.599364,0.028369,0.240589,-0.540544,0.347541,-2.044562,0.126955,0.277053,-0.283438,0.300742,0.263971,0.162404,0.288823
-0.378196,0.589535,-0.577534,0.024259,0.242106,-0.513039,0.347228,-2.053884,0.111700,0.296555,-0.255571,0.304728,0.251509,0.155781,0.303781
-0.346063,0.582617,-0.571295,0.025198,0.241108,-0.483218,0.345948,-2.044660,0.111700,0.296555,-0.222783,0.309534,0.256890,0.139840,0.300334
-0.314789,0.575830,-0.579817,0.027033,0.244943,-0.454320,0.345898,-2.047429,0.112806,0.301884,-0.194639,0.313737,0.262419,0.111335,0.297857
-0.283739,0.570333,-0.574983,0.013793,0.248659,-0.426556,0.345403,-2.038211,0.112806,0.301884,-0.165172,0.317477,0.258227,0.051238,0.302546
-0.254436,0.566090,-0.572766,0.012982,0.250043,-0.397154,0.344820,-2.028484,0.121529,0.298670,-0.135494,0.319526,0.261401,0.045422,0.288461
-0.224832,0.561975,-0.579325,0.000938,0.271027,-0.367923,0.343736,-2.047813,0.121529,0.298670,-0.105942,0.321297,0.265202,0.013099,0.302505
-0.194842,0.557663,-0.588045,0.007888,0.257817,-0.338596,0.342237,-2.039692,0.098656,0.304627,-0.076749,0.324730,0.270134,0.989955,0.307471
-0.164591,0.554128,-0.589571,0.000492,0.271270,-0.309620,0.341851,-2.034370,0.098656,0.304627,-0.046846,0.327620,0.273495,0.943495,0.339834
-0.135417,0.550315,-0.590910,0.004628,0.261231,-0.279588,0.341458,-2.039983,0.090235,0.303077,-0.017246,0.329055,0.280975,0.944576,0.340280
-0.106563,0.547567,-0.593867,0.001274,0.267242,-0.250705,0.341648,-2.026779,0.090235,0.303077,0.012299,0.330354,0.266416,0.965511,0.322064
-0.077340,0.544877,-0.596212,0.989412,0.281144,-0.220860,0.340784,-2.030768,0.070863,0.291028,0.040739,0.331882,0.284340,0.920428,0.343780
-0.046743,0.543023,-0.600555,0.964979,0.331140,-0.191734,0.339399,-2.018486,0.070863,0.291028,0.070603,0.333717,0.285419,0.893814,0.348652
-0.016845,0.540007,-0.601833,0.946366,0.315395,-0.160636,0.338089,-2.025692,0.064536,0.289569,0.101417,0.334171,0.286309,0.885856,0.336470
0.013432,0.538936,-0.604522,0.941168,0.317805,-0.131273,0.338270,-2.020976,0.060933,0.287463,0.131981,0.336025,0.284500,0.902967,0.279655
0.043834,0.536873,-0.608909,0.932947,0.315547,-0.101531,0.338727,-2.016304,0.056264,0.294138,0.161685,0.337038,0.288876,0.890205,0.282155
0.073825,0.535309,-0.612810,0.950640,0.265917,-0.071131,0.337819,-2.007936,0.037159,0.307320,0.192748,0.337154,0.291381,0.883098,0.269589
0.103868,0.534136,-0.618917,0.929588,0.292988,-0.040113,0.336373,-2.008986,0.037159,0.307320,0.223284,0.336527,0.292311,0.877317,0.261010
0.133880,0.532243,-0.619411,0.942196,0.249765,-0.011713,0.336241,-1.998492,0.027961,0.310251,0.253298,0.337510,0.301087,0.868766,0.263542
0.165111,0.532245,-0.620112,0.930838,0.255970,0.018386,0.336836,-1.994144,0.027961,0.310251,0.283956,0.338735,0.298497,0.856641,0.258611
0.195241,0.530941,-0.617860,0.925330,0.256561,0.048431,0.336721,-1.994070,0.984637,0.312593,0.314825,0.340144,0.300936,0.851318,0.282078
0.225487,0.529959,-0.617806,0.924270,0.249751,0.078656,0.336445,-1.979928,0.984637,0.312593,0.346144,0.339965,0.295534,0.839393,0.247424
0.255051,0.529642,-0.624280,0.906926,0.265809,0.108525,0.336393,-1.990412,0.970048,0.262165,0.375557,0.341220,0.305036,0.836650,0.262350
0.282023,0.528474,-0.623496,0.910707,0.251538,0.135454,0.335888,-1.984427,0.970048,0.262165,0.403361,0.341808,0.308265,0.826027,0.248141
0.305640,0.528281,-0.630691,0.875256,0.248020,0.160600,0.336189,-1.985547,0.948436,0.259586,0.426991,0.341461,0.307204,0.811470,0.242209
0.325521,0.529928,-0.639542,0.896609,0.262703,0.181696,0.335303,-1.997151,0.948436,0.259586,0.448421,0.341558,0.321617,0.820216,0.257879
0.343475,0.531007,-0.640789,0.875409,0.300654,0.201510,0.334626,-1.983975,0.950618,0.235435,0.466989,0.341015,0.320662,0.817857,0.251822
0.359570,0.531742,-0.643449,0.884593,0.267552,0.218537,0.335006,-1.975417,0.950618,0.235435,0.483784,0.340660,0.315769,0.794814,0.234223
0.373194,0.531671,-0.653295,0.882589,0.268880,0.234382,0.334457,-1.960271,0.934472,0.249255,0.498019,0.341307,0.317292,0.792149,0.228946
0.385055,0.532697,-0.657524,0.880336,0.254877,0.246529,0.333586,-1.959350,0.929786,0.245193,0.510455,0.340655,0.323685,0.797385,0.234133
0.395746,0.532894,-0.662719,0.881298,0.253087,0.258822,0.333255,-1.960963,0.910554,0.275848,0.522536,0.340230,0.332865,0.800752,0.255594
0.404707,0.534134,-0.674850,0.892899,0.258253,0.269794,0.332526,-1.961288,0.902687,0.264647,0.534367,0.338680,0.333592,0.795572,0.240647
0.411596,0.535238,-0.685757,0.892899,0.258253,0.280126,0.332332,-1.956426,0.902687,0.264647,0.543394,0.338735,0.332232,0.793903,0.238846
0.417883,0.536284,-0.691849,0.870377,0.263566,0.288949,0.331649,-1.967013,0.889342,0.274050,0.551753,0.338291,0.332479,0.785571,0.228483
0.424778,0.536719,-0.701899,0.867966,0.265338,0.297300,0.331886,-1.964132,0.889342,0.274050,0.558797,0.336958,0.340193,0.776449,0.208966
0.431397,0.538131,-0.713786,0.867966,0.265338,0.303374,0.333024,-1.945750,0.894405,0.260821,0.564801,0.336733,0.339145,0.774096,0.205395
0.436615,0.538406,-0.720020,0.868377,0.259624,0.309910,0.333287,-1.942112,0.887566,0.273052,0.569677,0.336119,0.343721,0.776297,0.218813
0.440243,0.539090,-0.721672,0.867813,0.258716,0.315929,0.333153,-1.946818,0.887566,0.273052,0.573441,0.335443,0.358438,0.777919,0.225143
0.444204,0.539169,-0.730300,0.865950,0.258269,0.320747,0.333033,-1.947898,0.887868,0.262083,0.577044,0.334341,0.362326,0.781083,0.228861
0.447212,0.539032,-0.735589,0.869516,0.257274,0.323205,0.333864,-1.932672,0.887868,0.262083,0.579533,0.333042,0.377597,0.776302,0.224060
0.451122,0.539296,-0.742867,0.869516,0.257274,0.328261,0.334567,-1.923451,0.885368,0.264046,0.583046,0.332134,0.382467,0.774760,0.224505
0.453895,0.539678,-0.746492,0.870468,0.257302,0.332108,0.335365,-1.921047,0.885817,0.263901,0.584822,0.331854,0.398061,0.775824,0.225323
0.457784,0.539610,-0.755222,0.870468,0.257302,0.335056,0.335581,-1.923349,0.885817,0.263901,0.586223,0.331600,0.403613,0.774001,0.221680
0.460335,0.539238,-0.763428,0.872279,0.253304,0.338109,0.336219,-1.918619,0.886786,0.260413,0.588933,0.331638,0.416256,0.771214,0.213515
0.461509,0.538695,-0.771683,0.867969,0.251274,0.340060,0.336120,-1.912585,0.888001,0.257324,0.591034,0.331829,0.417720,0.770776,0.211218
0.461932,0.538944,-0.773453,0.867969,0.251274,0.342249,0.335416,-1.903119,0.888356,0.254918,0.592391,0.331933,0.427615,0.770296,0.209011
0.463318,0.538283,-0.775420,0.865947,0.254541,0.342581,0.335020,-1.902772,0.893269,0.243560,0.593484,0.331769,0.437519,0.770513,0.208793
0.463865,0.538291,-0.777891,0.865947,0.254541,0.344777,0.334703,-1.891524,0.893269,0.243560,0.594724,0.332013,0.446505,0.770513,0.208793
0.463601,0.538429,-0.777650,0.864408,0.255144,0.345738,0.334648,-1.882754,0.893583,0.243790,0.595900,0.331957,0.451156,0.769659,0.205863
0.465091,0.538056,-0.785521,0.864408,0.255144,0.346443,0.334119,-1.895697,0.893271,0.242728,0.597238,0.331595,0.452449,0.769526,0.207139
0.465737,0.537861,-0.785961,0.863356,0.257211,0.346719,0.333724,-1.904152,0.892379,0.244457,0.598471,0.332390,0.459174,0.769409,0.206947
0.466058,0.537965,-0.789731,0.863356,0.257211,0.346377,0.334239,-1.896055,0.892773,0.244037,0.599563,0.332199,0.460794,0.769409,0.206947
0.466950,0.537270,-0.792513,0.863600,0.256783,0.346371,0.334093,-1.893725,0.892086,0.243955,0.600458,0.332472,0.469087,0.768802,0.207176
0.467690,0.537091,-0.796358,0.862632,0.258437,0.346390,0.334155,-1.893746,0.893168,0.243623,0.601033,0.331988,0.474330,0.769921,0.208402
0.468594,0.537052,-0.801091,0.861953,0.260454,0.346474,0.334126,-1.895680,0.894353,0.242413,0.600840,0.331953,0.475265,0.769563,0.208156
0.468960,0.536819,-0.802597,0.861953,0.260454,0.346420,0.334086,-1.892828,0.895722,0.240575,0.602186,0.332406,0.473485,0.769864,0.208609
0.469346,0.536687,-0.804375,0.861557,0.260888,0.347434,0.333105,-1.888151,0.896912,0.240739,0.602767,0.332409,0.479535,0.769864,0.208609
0.470035,0.536660,-0.810375,0.862916,0.260170,0.348115,0.332860,-1.884624,0.893775,0.245197,0.602850,0.332361,0.479719,0.769864,0.208609
0.470322,0.536273,-0.810672,0.862781,0.261268,0.348110,0.332751,-1.884432,0.892105,0.247064,0.602785,0.332316,0.479477,0.789559,0.237262
0.471057,0.535922,-0.812319,0.863397,0.260366,0.348100,0.333150,-1.883894,0.894255,0.246359,0.604236,0.332636,0.486812,0.780430,0.218767
0.471294,0.535651,-0.813735,0.864260,0.259455,0.347977,0.333115,-1.884990,0.893962,0.245845,0.604639,0.332351,0.487025,0.780134,0.219578
0.471760,0.535692,-0.813784,0.863639,0.260353,0.348038,0.332930,-1.882607,0.894355,0.245421,0.604484,0.332419,0.484931,0.780669,0.219666
0.472761,0.535461,-0.820743,0.863750,0.259588,0.348144,0.333131,-1.886011,0.894551,0.245211,0.604502,0.332403,0.485291,0.780093,0.219687
0.472903,0.535360,-0.820120,0.864716,0.256958,0.348096,0.333119,-1.884122,0.894747,0.245002,0.604476,0.332407,0.484876,0.780093,0.219687
0.473246,0.535351,-0.824351,0.865502,0.256190,0.348182,0.333009,-1.884625,0.893384,0.244832,0.604501,0.332346,0.485251,0.780629,0.219774
0.473847,0.535245,-0.824023,0.866127,0.255726,0.348073,0.332892,-1.884172,0.894537,0.243867,0.604558,0.332390,0.485427,0.780629,0.219774
0.474586,0.534962,-0.823760,0.865346,0.254330,0.348070,0.332881,-1.884447,0.893678,0.244488,0.604517,0.332374,0.485514,0.780051,0.219795
0.473862,0.535213,-0.824690,0.865139,0.254498,0.348084,0.333138,-1.883857,0.894943,0.244794,0.604515,0.332400,0.485799,0.780051,0.219795
0.473889,0.535183,-0.824777,0.864932,0.254664,0.348085,0.333116,-1.884062,0.894261,0.244709,0.604534,0.332335,0.485387,0.780294,0.218811
0.474657,0.534809,-0.825656,0.865124,0.253821,0.348151,0.332783,-1.884638,0.894734,0.243663,0.604549,0.332343,0.485509,0.780294,0.218811
0.474657,0.534865,-0.825693,0.865820,0.253849,0.348077,0.333111,-1.884337,0.894734,0.243663,0.604524,0.332324,0.485203,0.780881,0.218790
0.473835,0.535208,-0.823837,0.865479,0.255036,0.348082,0.333147,-1.883927,0.895140,0.244588,0.604532,0.332395,0.485111,0.781172,0.219859
0.473850,0.535167,-0.824935,0.865612,0.254012,0.348139,0.332910,-1.884056,0.895140,0.244588,0.604455,0.332408,0.484885,0.781172,0.219859
0.473860,0.535232,-0.824324,0.865271,0.255200,0.348076,0.333173,-1.884580,0.893874,0.244282,0.604548,0.332350,0.484672,0.781172,0.219859
0.474697,0.534809,-0.826276,0.865940,0.255230,0.348105,0.333058,-1.883147,0.894457,0.244503,0.604521,0.332341,0.485650,0.781172,0.219859
0.473846,0.535296,-0.824898,0.866156,0.254380,0.348145,0.333138,-1.886044,0.894457,0.244503,0.604557,0.332392,0.485240,0.781172,0.219859
0.474522,0.535055,-0.822898,0.865404,0.254174,0.348101,0.333179,-1.884145,0.894056,0.243579,0.604451,0.332558,0.486498,0.781172,0.219859
0.473831,0.535280,-0.824288,0.865404,0.254174,0.347999,0.333114,-1.885287,0.894261,0.244709,0.604398,0.332666,0.489258,0.781172,0.219859
0.473889,0.535201,-0.824722,0.865404,0.254174,0.348075,0.333189,-1.883912,0.894943,0.244794,0.604425,0.332403,0.484558,0.781202,0.219475
0.473865,0.535254,-0.824677,0.865404,0.254174,0.348092,0.333279,-1.885976,0.894261,0.244709,0.604411,0.332654,0.488780,0.781172,0.219859
0.474650,0.534902,-0.825132,0.865404,0.254174,0.348079,0.333110,-1.882775,0.894261,0.244709,0.604534,0.332538,0.487371,0.781172,0.219859
0.473816,0.535310,-0.824563,0.865063,0.255364,0.348145,0.333134,-1.884606,0.893580,0.244625,0.604340,0.332711,0.489134,0.781172,0.219859
0.474678,0.534862,-0.825474,0.865063,0.255364,0.348190,0.332826,-1.883793,0.894734,0.243663,0.604525,0.332514,0.487290,0.780881,0.218790
0.474637,0.534893,-0.825588,0.865063,0.255364,0.348164,0.333083,-1.884530,0.894734,0.243663,0.604514,0.332375,0.484913,0.780881,0.218790
0.473854,0.535293,-0.825032,0.865947,0.254541,0.348149,0.333125,-1.886109,0.894734,0.243663,0.604521,0.332372,0.484989,0.781172,0.219859
0.475870,0.538440,-0.829330,0.865947,0.254541,0.348821,0.335249,-1.884432,0.894734,0.243663,0.605124,0.333980,0.478961,0.781172,0.219859
0.481990,0.561233,-0.835734,0.860199,0.262835,0.352469,0.357263,-1.870156,0.899631,0.239287,0.605772,0.356229,0.473205,0.786128,0.226375
0.486240,0.581715,2.290011,0.857274,0.252954,0.355886,0.375789,-1.869850,0.904488,0.228627,0.605973,0.375108,0.476575,0.786128,0.226375
0.489696,0.595294,-0.851703,0.856754,0.255922,0.357950,0.389494,-1.872777,0.906017,0.223821,0.605253,0.389768,0.481264,0.786627,0.231913
0.487850,0.584161,-0.859812,0.858204,0.250264,0.359027,0.404020,-1.873346,0.890650,0.241130,0.606275,0.405580,0.474861,0.787079,0.232143
0.490186,0.594331,-0.832504,0.855909,0.255419,0.362194,0.413863,-1.889284,0.903029,0.225988,0.605640,0.416660,0.475190,0.780489,0.210233
0.494542,0.613706,-0.849849,0.856848,0.250578,0.363553,0.424806,-1.871206,0.899767,0.231945,0.606247,0.427586,0.466160,0.785077,0.217221
0.495593,0.630520,-0.855356,0.856821,0.252611,0.365749,0.434723,-1.861652,0.893994,0.239147,0.607245,0.438096,0.473749,0.790106,0.226135
0.496723,0.640259,-0.858990,0.855717,0.256588,0.366768,0.441203,-1.859157,0.888170,0.240167,0.607239,0.446604,0.468450,0.791815,0.225341
0.496322,0.649563,-0.855772,0.853342,0.262647,0.367395,0.448265,-1.855705,0.895776,0.235431,0.607026,0.454032,0.464141,0.791762,0.225597
0.497466,0.658942,-0.865168,0.853746,0.248554,0.370199,0.456937,-1.853561,0.896232,0.233066,0.608115,0.460926,0.457418,0.798966,0.238743
0.498693,0.664175,-0.872623,0.852517,0.240707,0.370872,0.461699,-1.852242,0.897881,0.228409,0.607584,0.466342,0.461230,0.802564,0.242335
0.499138,0.668927,-0.879050,0.855012,0.244387,0.371410,0.466833,-1.838661,0.903731,0.221872,0.608996,0.472811,0.451518,0.806237,0.247125
0.499655,0.674669,-0.886044,0.852761,0.256964,0.371957,0.471476,-1.840908,0.898931,0.224886,0.608360,0.477990,0.456100,0.795418,0.229936
0.500065,0.678706,-0.892643,0.851607,0.262328,0.372697,0.476521,-1.848282,0.897756,0.226034,0.609387,0.481916,0.443151,0.795418,0.229936
0.500610,0.683768,-0.898886,0.851192,0.251558,0.373962,0.481235,-1.841798,0.903041,0.223069,0.609251,0.485186,0.450259,0.786084,0.221933
0.500910,0.687209,-0.908348,0.851137,0.244424,0.374148,0.484896,-1.837029,0.906649,0.221647,0.610558,0.488944,0.439827,0.795680,0.230756
0.501498,0.689404,-0.910957,0.848882,0.250543,0.374716,0.487945,-1.832194,0.908049,0.221196,0.610019,0.491425,0.443885,0.795680,0.230756
0.501940,0.691948,-0.920389,0.849163,0.254610,0.374426,0.490432,-1.817971,0.911309,0.220133,0.610398,0.494092,0.440316,0.799403,0.234803
0.501931,0.695061,-0.931042,0.846819,0.257174,0.374371,0.492514,-1.814473,0.910504,0.221181,0.610943,0.495744,0.436514,0.801194,0.240768
0.502814,0.697720,-0.933329,0.846644,0.256476,0.375081,0.494189,-1.822579,0.907435,0.222036,0.611618,0.496637,0.430654,0.798749,0.245416
0.502886,0.700008,-0.942681,0.846863,0.258175,0.374401,0.496351,-1.803712,0.905669,0.223286,0.612067,0.497982,0.422117,0.798749,0.245416
0.502432,0.702252,-0.951078,0.849488,0.258827,0.373861,0.497718,-1.796308,0.904032,0.223353,0.613596,0.499546,0.406675,0.798269,0.246662
0.502037,0.704366,-0.961583,0.849772,0.253759,0.372786,0.498194,-1.796320,0.905267,0.223846,0.614332,0.500880,0.403004,0.798269,0.246662
0.502168,0.705884,-0.967449,0.850854,0.247117,0.373220,0.499241,-1.793681,0.905303,0.224128,0.615042,0.501434,0.409507,0.796448,0.238294
0.502281,0.706715,-0.969674,0.850540,0.248326,0.373065,0.500781,-1.781976,0.906524,0.224621,0.614377,0.501392,0.403975,0.796448,0.238294
0.502186,0.707701,-0.976665,0.851785,0.247721,0.372614,0.501189,-1.780057,0.906358,0.225234,0.615124,0.501615,0.408387,0.798731,0.236505
0.502108,0.708474,-0.982327,0.851631,0.248857,0.372854,0.501841,-1.777724,0.905927,0.225551,0.615211,0.501566,0.408193,0.798250,0.237626
0.502208,0.708700,-0.982078,0.850767,0.250613,0.372899,0.502886,-1.785967,0.905927,0.225551,0.615137,0.501623,0.408216,0.798250,0.237626
0.502297,0.708632,-0.982186,0.852367,0.249634,0.372039,0.502876,-1.771144,0.906307,0.225346,0.615273,0.501605,0.408182,0.798785,0.236362
0.502283,0.708727,-0.982522,0.852022,0.249450,0.372932,0.503231,-1.785013,0.905958,0.225859,0.615244,0.501594,0.408332,0.798785,0.236362
0.502251,0.708865,-0.982801,0.851317,0.250077,0.371957,0.502893,-1.771384,0.907936,0.225043,0.615295,0.501610,0.407915,0.799101,0.237448
0.502310,0.709311,-0.984319,0.851264,0.249212,0.372800,0.503208,-1.785029,0.906730,0.225266,0.615196,0.501535,0.409792,0.798304,0.237482
0.502330,0.709621,-0.985518,0.850727,0.250142,0.371883,0.502852,-1.772302,0.906530,0.225334,0.615281,0.501576,0.408710,0.798409,0.237122
0.502319,0.709719,-0.986141,0.851480,0.250906,0.371670,0.503310,-1.769989,0.907162,0.225408,0.614228,0.501326,0.404223,0.798409,0.237122
0.502332,0.709674,-0.985920,0.851100,0.250325,0.372339,0.503992,-1.780638,0.907135,0.225341,0.614762,0.500845,0.403090,0.798304,0.237482
0.502345,0.709758,-0.985085,0.851815,0.250161,0.371346,0.503786,-1.763708,0.906909,0.225114,0.614455,0.500988,0.403108,0.798304,0.237482
0.502269,0.709714,-0.986383,0.851468,0.249977,0.372328,0.504009,-1.780516,0.906128,0.225477,0.615233,0.501583,0.408482,0.798409,0.237122
0.502357,0.709781,-0.985254,0.851095,0.249794,0.372371,0.504181,-1.779968,0.906128,0.225477,0.615205,0.501631,0.408749,0.798409,0.237122
0.502358,0.709648,-0.986045,0.851837,0.249627,0.371270,0.503853,-1.763195,0.907936,0.225043,0.615235,0.501573,0.408235,0.798409,0.237122
0.502348,0.709751,-0.985557,0.850717,0.249206,0.372257,0.504078,-1.780360,0.907936,0.225043,0.615071,0.501555,0.406674,0.799049,0.237593
0.502335,0.709691,-0.986068,0.850717,0.249206,0.372142,0.503898,-1.780789,0.906329,0.225405,0.614422,0.501312,0.404446,0.799049,0.237593
0.502325,0.709770,-0.985679,0.850741,0.249658,0.372320,0.504048,-1.780431,0.907533,0.224727,0.615138,0.501587,0.407823,0.799049,0.237593
0.502253,0.709759,-0.986729,0.850923,0.249477,0.372296,0.504135,-1.780284,0.906329,0.225405,0.614392,0.500974,0.404084,0.799049,0.237593
0.502378,0.709714,-0.985241,0.851453,0.248498,0.371491,0.503666,-1.768560,0.908136,0.224974,0.615141,0.501529,0.408200,0.798355,0.237266
0.502874,0.710178,-0.982471,0.850882,0.248078,0.372772,0.504150,-1.783813,0.907533,0.224727,0.615397,0.502054,0.405838,0.798731,0.236505
0.513872,0.712074,-0.970216,0.851377,0.244755,0.384012,0.507528,-1.764714,0.905225,0.223157,0.629585,0.506754,0.411376,0.795452,0.240000
0.522309,0.713565,-0.963252,0.846539,0.250831,0.393431,0.511860,-1.765623,0.905264,0.219961,0.640442,0.509536,0.413285,0.795452,0.240000
0.529123,0.714988,-0.957730,0.842864,0.256847,0.401383,0.514017,-1.763349,0.921101,0.213829,0.647433,0.513063,0.412622,0.790211,0.241585
0.536383,0.716058,-0.945183,0.843677,0.253725,0.407072,0.515178,-1.767428,0.914418,0.211578,0.653253,0.515502,0.424227,0.790211,0.241585
0.541516,0.716917,-0.945479,0.836911,0.243323,0.411441,0.516549,-1.748743,0.912628,0.213142,0.660574,0.517941,0.425005,0.783314,0.226187
0.544142,0.717550,-0.944475,0.831599,0.236394,0.417127,0.518409,-1.744725,0.912476,0.214246,0.665822,0.519911,0.440956,0.783314,0.226187
0.547492,0.718956,-0.941406,0.831115,0.236324,0.423175,0.520043,-1.757924,0.911030,0.217710,0.670126,0.521119,0.446849,0.779848,0.221767
0.551556,0.720125,-0.929279,0.831262,0.240128,0.426820,0.521360,-1.733868,0.910615,0.218827,0.674338,0.522705,0.458196,0.779848,0.221767
0.554927,0.721109,-0.922524,0.831832,0.241815,0.430645,0.522238,-1.732213,0.911010,0.218134,0.678703,0.524230,0.464724,0.778605,0.222170
0.557397,0.721960,-0.914024,0.832222,0.246460,0.432708,0.522341,-1.738992,0.910844,0.218387,0.682319,0.525255,0.472843,0.776743,0.215626
0.560208,0.723344,-0.901809,0.825826,0.234283,0.435606,0.523260,-1.729399,0.905125,0.222449,0.685527,0.525962,0.478186,0.776743,0.215626
0.561112,0.723574,-0.895421,0.823679,0.231191,0.438772,0.524397,-1.728194,0.897843,0.225193,0.686672,0.525872,0.486211,0.776038,0.216728
0.561455,0.723785,-0.893141,0.823577,0.230271,0.440476,0.524189,-1.712541,0.897326,0.228202,0.688645,0.525890,0.499891,0.773427,0.216628
0.562166,0.724277,-0.891550,0.823451,0.230541,0.442209,0.524514,-1.703624,0.896201,0.229916,0.691039,0.525966,0.508670,0.771517,0.215412
0.562913,0.724931,-0.886985,0.823957,0.231111,0.443241,0.523748,-1.709510,0.895266,0.230522,0.692938,0.526388,0.515577,0.770456,0.214558
0.563516,0.725231,-0.885365,0.824042,0.230097,0.444476,0.523462,-1.703025,0.894638,0.229788,0.694599,0.526559,0.524511,0.769854,0.211847
0.563955,0.725571,-0.882517,0.823447,0.231588,0.446191,0.524051,-1.687712,0.893711,0.230874,0.696590,0.526716,0.535878,0.768490,0.210700
0.564104,0.725730,-0.882734,0.824437,0.230808,0.446814,0.523667,-1.686258,0.891975,0.233413,0.697900,0.527170,0.536820,0.769383,0.211336
0.564069,0.725708,-0.883062,0.823642,0.231506,0.448542,0.524105,-1.678675,0.890053,0.235741,0.698880,0.527253,0.541914,0.769920,0.213404
0.564194,0.725574,-0.883144,0.823927,0.231290,0.449888,0.523657,-1.667518,0.889368,0.236939,0.700490,0.527318,0.551235,0.770695,0.214233
0.564152,0.725592,-0.882446,0.823747,0.231372,0.451449,0.524327,-1.681695,0.891189,0.233832,0.700717,0.527392,0.552327,0.770104,0.212714
0.564136,0.725463,-0.882213,0.823936,0.230225,0.452515,0.523839,-1.677025,0.891692,0.232130,0.700763,0.527524,0.551794,0.769663,0.212607
0.564215,0.725614,-0.883252,0.823142,0.230920,0.452130,0.523468,-1.660045,0.893312,0.228712,0.700576,0.527339,0.550567,0.769663,0.212607
0.564219,0.725584,-0.884234,0.823852,0.231241,0.452655,0.523156,-1.665025,0.892379,0.227636,0.700558,0.527192,0.550553,0.770699,0.212585
0.564238,0.725525,-0.883015,0.823852,0.231241,0.452138,0.523426,-1.660144,0.892379,0.227636,0.700593,0.527176,0.550791,0.769704,0.212093
0.564233,0.725571,-0.882914,0.823852,0.231241,0.452947,0.523075,-1.663921,0.892097,0.228421,0.700554,0.527196,0.550624,0.770253,0.212477
0.564166,0.725389,-0.882144,0.823852,0.231241,0.452669,0.523127,-1.664287,0.892587,0.227533,0.700738,0.527265,0.551565,0.770142,0.213042
0.564114,0.725400,-0.882458,0.823414,0.230707,0.452605,0.523160,-1.664805,0.891852,0.227463,0.700641,0.527078,0.550811,0.769269,0.211981
0.564255,0.725561,-0.880989,0.823245,0.230792,0.453254,0.522391,-1.646378,0.891852,0.227463,0.700604,0.527391,0.550360,0.769269,0.211981
0.564182,0.725667,-0.883143,0.823059,0.230876,0.452595,0.523219,-1.665114,0.893533,0.227502,0.700550,0.527250,0.550790,0.769779,0.211971
0.564210,0.725663,-0.883110,0.823059,0.230876,0.452677,0.523132,-1.664001,0.893533,0.227502,0.700583,0.527378,0.550497,0.770293,0.211961
0.564231,0.725665,-0.882707,0.823059,0.230876,0.452610,0.523272,-1.664431,0.892795,0.227431,0.700589,0.527405,0.550669,0.769779,0.211971
0.564140,0.725504,-0.882145,0.823059,0.230876,0.452121,0.523603,-1.659623,0.892060,0.227361,0.700622,0.527392,0.550954,0.769779,0.211971
0.564160,0.725651,-0.883310,0.823059,0.230876,0.452074,0.523586,-1.660763,0.893912,0.226788,0.700660,0.527314,0.551136,0.769779,0.211971
0.564211,0.725627,-0.883137,0.823059,0.230876,0.452086,0.523504,-1.660024,0.893741,0.227402,0.700667,0.527245,0.550672,0.769779,0.211971
0.564213,0.725652,-0.883084,0.823059,0.230876,0.452660,0.523199,-1.665176,0.893741,0.227402,0.700578,0.527240,0.551154,0.769269,0.211981
0.564196,0.725567,-0.883263,0.822861,0.230961,0.452614,0.523168,-1.664967,0.893741,0.227402,0.700799,0.527468,0.552170,0.769779,0.211971
0.564146,0.725458,-0.882271,0.822861,0.230961,0.452069,0.523454,-1.659326,0.893004,0.227332,0.700589,0.527207,0.550919,0.769779,0.211971
0.564191,0.725662,-0.883015,0.824147,0.229972,0.452673,0.523169,-1.664505,0.892268,0.227262,0.700563,0.527453,0.551640,0.769269,0.211981
0.563419,0.725610,-0.890125,0.824147,0.229972,0.452635,0.523137,-1.663128,0.893004,0.227332,0.699124,0.527580,0.542426,0.769269,0.211981
0.543770,0.725670,-0.921604,0.823348,0.230665,0.436627,0.525109,-1.650517,0.890954,0.233509,0.674305,0.526891,0.577525,0.772585,0.219691
0.513587,0.729354,-0.916988,0.841510,0.266501,0.404447,0.524430,-1.631006,0.904737,0.223813,0.642518,0.524179,0.575903,0.776714,0.214951
0.482112,0.733944,-0.911163,0.841510,0.266501,0.374580,0.523864,-1.623871,0.914970,0.217232,0.611330,0.522091,0.579045,0.794422,0.240250
0.451994,0.737967,-0.914827,0.859844,0.252180,0.343445,0.523864,-1.627844,0.899320,0.244226,0.581780,0.520408,0.568777,0.796748,0.235321
0.422376,0.741467,-0.906580,0.859844,0.252180,0.313703,0.523817,-1.645885,0.894944,0.275446,0.550472,0.519359,0.567312,0.806297,0.252844
0.393590,0.742122,-0.898670,0.868915,0.259241,0.284638,0.523722,-1.636347,0.902214,0.264291,0.521260,0.518576,0.561323,0.814261,0.243924
0.364411,0.743244,-0.892349,0.872303,0.259835,0.254196,0.523006,-1.635483,0.900512,0.287345,0.489620,0.517611,0.562721,0.822677,0.254384
0.334614,0.745442,-0.891385,0.878673,0.263788,0.224472,0.523201,-1.651786,0.936762,0.251312,0.459233,0.517631,0.558568,0.829343,0.251353
0.304194,0.747576,-0.885419,0.889073,0.264489,0.193855,0.523521,-1.660964,0.942415,0.252135,0.429520,0.517169,0.551868,0.826153,0.238185
0.274373,0.749280,-0.884209,0.889073,0.264489,0.163964,0.523473,-1.655395,0.972481,0.235468,0.399519,0.516351,0.554547,0.833904,0.240057
0.245119,0.749836,-0.876312,0.905962,0.257735,0.133223,0.523086,-1.655387,0.962887,0.254315,0.368893,0.514364,0.547097,0.838391,0.235023
0.216231,0.750115,-0.868379,0.905962,0.257735,0.103426,0.523018,-1.656293,0.954387,0.286438,0.338865,0.513337,0.549032,0.849313,0.258338
0.186995,0.750919,-0.860530,0.899926,0.266574,0.072111,0.521817,-1.659188,0.963636,0.296917,0.308803,0.512772,0.545755,0.927737,0.251319
0.157350,0.750555,-0.849187,0.746749,0.232491,0.042130,0.522763,-1.657321,0.951040,0.314996,0.277763,0.513314,0.535967,0.859134,0.259585
0.127483,0.751336,-0.843956,0.905807,0.273369,0.011968,0.521625,-1.662085,0.984295,0.301302,0.247542,0.512953,0.538994,0.860765,0.285467
0.097437,0.750837,-0.837937,0.907914,0.272998,-0.017675,0.522060,-1.657117,0.980148,0.323541,0.218554,0.512425,0.533154,0.874721,0.256683
0.066898,0.750893,-0.831324,0.911863,0.280062,-0.048410,0.522283,-1.677746,0.997210,0.327133,0.189125,0.512688,0.525319,0.875530,0.263181
0.036778,0.751694,-0.829877,0.919621,0.273602,-0.078589,0.522350,-1.671953,0.000949,0.334866,0.158615,0.511391,0.521567,0.886910,0.254586
0.006231,0.752653,-0.816936,0.933351,0.260813,-0.109864,0.521660,-1.668773,0.027950,0.290299,0.126881,0.511341,0.523369,0.881154,0.280598
-0.023169,0.753504,-0.812966,0.937357,0.263504,-0.138494,0.522167,-1.670465,0.027950,0.290299,0.096785,0.510020,0.516160,0.892947,0.269198
-0.052620,0.752845,-0.798989,0.934820,0.277599,-0.168857,0.522798,-1.672801,0.027950,0.290299,0.067909,0.509965,0.516600,0.895131,0.297154
-0.082370,0.753291,-0.801550,0.939387,0.281420,-0.199913,0.523141,-1.677200,0.031344,0.282291,0.036248,0.509998,0.519948,0.880370,0.335828
-0.112936,0.754732,-0.799650,0.956333,0.263728,-0.229435,0.523440,-1.677953,0.039466,0.305701,0.006318,0.509553,0.512926,0.898417,0.320235
-0.141803,0.756651,-0.795704,0.966566,0.252646,-0.260006,0.523277,-1.684521,0.042477,0.286875,-0.022821,0.509287,0.504817,0.888051,0.349813
-0.169482,0.757105,-0.785438,0.964886,0.255629,-0.290613,0.523727,-1.684155,0.047043,0.301916,-0.052558,0.509101,0.512075,0.913751,0.337264
-0.198067,0.756402,-0.776360,0.969851,0.256090,-0.320154,0.523134,-1.691233,0.051189,0.281208,-0.083663,0.508931,0.503629,0.903204,0.354345
-0.228958,0.756391,-0.777335,0.970176,0.266707,-0.350028,0.522163,-1.690566,0.056277,0.275727,-0.111554,0.509382,0.490027,0.955876,0.296262
-0.260875,0.757571,-0.777386,0.960480,0.294684,-0.379605,0.522202,-1.694914,0.056168,0.274409,-0.140608,0.509571,0.492026,0.970938,0.288367
-0.291905,0.758067,-0.771759,0.948918,0.320218,-0.410412,0.522183,-1.691288,0.060662,0.285155,-0.170821,0.509002,0.490985,0.980966,0.288284
-0.322794,0.758452,-0.769357,0.964442,0.307715,-0.440067,0.522583,-1.689119,0.063262,0.283911,-0.201689,0.508584,0.494683,0.951100,0.305444
-0.352405,0.757456,-0.757208,0.968524,0.296794,-0.469174,0.522880,-1.695371,0.069693,0.281629,-0.231435,0.508118,0.488895,0.967046,0.308557
-0.379629,0.757854,-0.754254,0.979013,0.297353,-0.496512,0.522793,-1.697891,0.069046,0.278990,-0.257586,0.508925,0.486955,0.944340,0.274711
-0.403592,0.757933,-0.755853,0.981572,0.291596,-0.519499,0.524199,-1.694867,0.068400,0.278845,-0.280502,0.508081,0.488651,0.996247,0.289208
-0.424012,0.757768,-0.744747,0.998701,0.249700,-0.540476,0.523443,-1.699150,0.073868,0.279205,-0.301373,0.509267,0.480158,0.988601,0.296521
-0.442235,0.756036,-0.740622,0.993375,0.255019,-0.559110,0.522045,-1.699775,0.073868,0.279205,-0.319452,0.510191,0.476412,0.054683,0.275796
-0.458125,0.755589,-0.726648,0.984182,0.269938,-0.575223,0.522609,-1.700027,0.073938,0.283039,-0.336059,0.510908,0.468920,0.018959,0.278346
-0.471878,0.753710,-0.717776,0.986766,0.270103,-0.590827,0.522984,-1.702723,0.068164,0.273292,-0.350943,0.511584,0.472400,0.013935,0.282085
-0.484176,0.752101,-0.709826,0.971526,0.294703,-0.604382,0.523259,-1.703351,0.069072,0.271929,-0.363584,0.512763,0.465271,0.085675,0.274320
-0.493928,0.751010,-0.702027,0.997263,0.264167,-0.616971,0.523493,-1.706595,0.074840,0.280590,-0.374114,0.513819,0.460299,0.092269,0.273947
-0.501902,0.750195,-0.688771,0.985543,0.287358,-0.626610,0.523906,-1.711239,0.074840,0.280590,-0.383298,0.514188,0.455048,0.069915,0.274181
-0.510542,0.749271,-0.679711,0.985543,0.287358,-0.635980,0.523709,-1.714447,0.064930,0.275042,-0.392810,0.515151,0.457162,0.073070,0.275868
-0.518271,0.747686,-0.675545,0.981986,0.290828,-0.645201,0.524070,-1.711221,0.067643,0.277952,-0.400322,0.516354,0.456734,0.076669,0.276206
-0.524060,0.745983,-0.665933,0.981986,0.290828,-0.652103,0.524231,-1.713450,0.072216,0.280409,-0.407757,0.517275,0.454414,0.082061,0.281668
-0.530620,0.744793,-0.657688,0.981986,0.290828,-0.658720,0.525289,-1.720275,0.072216,0.280409,-0.414192,0.517473,0.451702,0.093289,0.278162
-0.536685,0.744781,-0.637443,0.988147,0.277186,-0.664385,0.525292,-1.719231,0.069969,0.278099,-0.419139,0.518113,0.452186,0.107863,0.274927
-0.540197,0.744044,-0.633051,0.994323,0.258593,-0.669535,0.524756,-1.719860,0.069969,0.278099,-0.424571,0.518499,0.449377,0.102324,0.273405
-0.542990,0.743947,-0.626412,0.992755,0.266639,-0.673792,0.524493,-1.725841,0.067596,0.274131,-0.428182,0.519062,0.445632,0.100841,0.274793
-0.545873,0.743679,-0.619440,0.990307,0.272844,-0.677208,0.523885,-1.728063,0.067997,0.278371,-0.431980,0.519770,0.438821,0.100107,0.276783
-0.548488,0.743281,-0.611076,0.987337,0.280436,-0.681535,0.524468,-1.728811,0.068095,0.284186,-0.435100,0.520673,0.433176,0.096593,0.279074
-0.552027,0.742922,-0.604645,0.988137,0.278478,-0.685193,0.524724,-1.729886,0.069454,0.285253,-0.438305,0.521049,0.429723,0.097206,0.281425
-0.554877,0.742464,-0.597428,0.989181,0.276212,-0.687409,0.524938,-1.737995,0.070769,0.287315,-0.439688,0.521201,0.417877,0.103690,0.282487
-0.558393,0.742121,-0.592288,0.990330,0.272534,-0.689054,0.525411,-1.743497,0.070778,0.289579,-0.442332,0.521475,0.417203,0.104864,0.282710
-0.560671,0.742253,-0.584229,0.994031,0.258279,-0.691510,0.525529,-1.755332,0.068505,0.285417,-0.443741,0.522121,0.411695,0.100807,0.280997
-0.561702,0.742374,-0.576045,0.996291,0.250963,-0.692993,0.525254,-1.760229,0.066362,0.279780,-0.445661,0.522396,0.406286,0.103414,0.278894
-0.562963,0.742419,-0.572273,0.996657,0.251223,-0.694374,0.525352,-1.769424,0.064819,0.278499,-0.446706,0.522568,0.399126,0.101267,0.278206
-0.564326,0.742337,-0.570648,0.995745,0.251737,-0.695446,0.525705,-1.775769,0.065716,0.277844,-0.448115,0.522495,0.388658,0.099784,0.278672
-0.565249,0.742027,-0.562685,0.995160,0.253921,-0.696607,0.526075,-1.784664,0.065716,0.277844,-0.449275,0.522627,0.384038,0.101105,0.279291
-0.566504,0.741753,-0.563552,0.994081,0.255039,-0.697562,0.526558,-1.790511,0.067798,0.280797,-0.450467,0.522734,0.379779,0.100284,0.278810
-0.567260,0.741587,-0.561830,0.992884,0.255146,-0.697894,0.526476,-1.786484,0.067798,0.280797,-0.451785,0.522772,0.379110,0.102763,0.278449
-0.567899,0.741768,-0.561075,0.990958,0.257919,-0.697920,0.526580,-1.789240,0.068652,0.283132,-0.451391,0.522798,0.371843,0.101404,0.277119
-0.568690,0.741766,-0.555402,0.989963,0.258729,-0.697949,0.526412,-1.786836,0.068652,0.283132,-0.452013,0.522766,0.377737,0.102716,0.276973
-0.569696,0.741925,-0.554410,0.990766,0.258652,-0.697905,0.526644,-1.788281,0.067560,0.283092,-0.451647,0.522638,0.373042,0.102716,0.276973
-0.570453,0.741942,-0.553482,0.990684,0.259039,-0.697963,0.526653,-1.787676,0.067597,0.282561,-0.451635,0.522702,0.373438,0.102716,0.276973
-0.570585,0.741825,-0.548249,0.989823,0.259299,-0.697938,0.526576,-1.789155,0.068467,0.282744,-0.451635,0.522656,0.373355,0.104232,0.276965
-0.570813,0.741988,-0.546804,0.990562,0.259513,-0.697935,0.526344,-1.787392,0.068467,0.282744,-0.451485,0.522941,0.372942,0.103818,0.277925
-0.571030,0.741857,-0.546933,0.990804,0.260274,-0.697895,0.526645,-1.788722,0.067376,0.282705,-0.451616,0.522646,0.373409,0.100468,0.277727
-0.571037,0.741905,-0.545297,0.989684,0.259876,-0.697969,0.526506,-1.785306,0.068080,0.283285,-0.452015,0.522787,0.377788,0.101982,0.277717
-0.571009,0.741930,-0.548283,0.990940,0.259596,-0.697883,0.526634,-1.788670,0.068080,0.283285,-0.452016,0.522783,0.377530,0.101982,0.277717
-0.571230,0.741755,-0.547076,0.990562,0.259513,-0.697903,0.526419,-1.787031,0.068284,0.282357,-0.452091,0.522746,0.377658,0.101982,0.277717
-0.571227,0.741789,-0.549038,0.990562,0.259513,-0.697927,0.526610,-1.789032,0.068284,0.282357,-0.452122,0.522774,0.378621,0.101131,0.276946
-0.571285,0.741767,-0.547210,0.990562,0.259513,-0.697905,0.526443,-1.786501,0.067193,0.282319,-0.452057,0.522776,0.377906,0.101131,0.276946
-0.571031,0.741840,-0.546668,0.990562,0.259513,-0.697908,0.526629,-1.788853,0.067193,0.282319,-0.452035,0.522818,0.378570,0.101131,0.276946
-0.570980,0.742025,-0.546127,0.990871,0.259982,-0.697896,0.526495,-1.786059,0.067193,0.282319,-0.452022,0.522767,0.377638,0.100740,0.277903
-0.570924,0.741784,-0.546528,0.990871,0.259982,-0.697928,0.526576,-1.788972,0.066811,0.282861,-0.452210,0.522844,0.376450,0.101747,0.277339
-0.571047,0.741883,-0.546750,0.990871,0.259982,-0.697910,0.526509,-1.785870,0.066811,0.282861,-0.451438,0.522856,0.371942,0.103264,0.277329
-0.571039,0.741824,-0.546605,0.990871,0.259982,-0.697872,0.526430,-1.787490,0.067193,0.282319,-0.451702,0.522642,0.372626,0.103264,0.277329
-0.571120,0.741879,-0.547504,0.989753,0.259587,-0.697928,0.526596,-1.788678,0.066811,0.282861,-0.451624,0.522705,0.373342,0.101404,0.277119
-0.571256,0.741699,-0.549353,0.989753,0.259587,-0.699070,0.526397,-1.793741,0.066811,0.282861,-0.451651,0.522696,0.373193,0.101404,0.277119
-0.571040,0.741864,-0.546423,0.989753,0.259587,-0.697931,0.526605,-1.789145,0.066811,0.282861,-0.451772,0.522710,0.371690,0.102527,0.278066
-0.570986,0.741898,-0.545758,0.989753,0.259587,-0.697881,0.526450,-1.787214,0.068102,0.281973,-0.452054,0.522716,0.377181,0.103539,0.277501
-0.571045,0.741874,-0.546529,0.990630,0.259224,-0.697849,0.526453,-1.787431,0.068102,0.281973,-0.451550,0.522900,0.370807,0.100153,0.277297
-0.571129,0.741837,-0.548988,0.991008,0.259306,-0.697875,0.526503,-1.786718,0.067011,0.281935,-0.452143,0.522787,0.378046,0.100153,0.277297
-0.570961,0.741946,-0.547038,0.990630,0.259224,-0.697868,0.526431,-1.787666,0.067011,0.281935,-0.452056,0.522784,0.378057,0.101678,0.277287
-0.570836,0.741923,-0.548903,0.990630,0.259224,-0.697944,0.526623,-1.787973,0.068102,0.281973,-0.452117,0.522738,0.378148,0.101678,0.277287
-0.571155,0.741669,-0.549684,0.990630,0.259224,-0.697952,0.526656,-1.788022,0.068102,0.281973,-0.451407,0.522862,0.371860,0.101678,0.277287
-0.571153,0.741865,-0.547141,0.990630,0.259224,-0.697894,0.526509,-1.786164,0.067011,0.281935,-0.452010,0.522743,0.377454,0.103202,0.277278
-0.571185,0.741682,-0.549384,0.990630,0.259224,-0.697923,0.526637,-1.788392,0.067011,0.281935,-0.451620,0.522668,0.373198,0.102298,0.277678
-0.571233,0.741751,-0.547781,0.990630,0.259224,-0.697909,0.526496,-1.786175,0.068102,0.281973,-0.452024,0.522718,0.377499,0.102298,0.277678
-0.571033,0.741887,-0.546861,0.990242,0.259142,-0.697844,0.526457,-1.787259,0.068580,0.282700,-0.451618,0.522622,0.372915,0.100427,0.277461
-0.570954,0.741850,-0.545694,0.990938,0.259693,-0.697925,0.526542,-1.785899,0.068580,0.282700,-0.452057,0.522769,0.377378,0.100427,0.277461
-0.571009,0.741848,-0.546620,0.990630,0.259224,-0.697892,0.526590,-1.789027,0.068580,0.282700,-0.451457,0.522770,0.372668,0.101952,0.277452
-0.571335,0.741728,-0.549763,0.990630,0.259224,-0.697940,0.526658,-1.787836,0.067011,0.281935,-0.451603,0.522695,0.373077,0.101952,0.277452
-0.571249,0.741677,-0.548933,0.990938,0.259693,-0.697894,0.526623,-1.788746,0.067489,0.282663,-0.452032,0.522775,0.377759,0.101952,0.277452
-0.570979,0.741965,-0.547043,0.990242,0.259142,-0.697917,0.526423,-1.786805,0.068580,0.282700,-0.451655,0.522690,0.373104,0.103477,0.277443
-0.570995,0.741853,-0.545460,0.990938,0.259693,-0.697970,0.526651,-1.788121,0.068580,0.282700,-0.451662,0.522647,0.373492,0.103477,0.277443
-0.570948,0.741831,-0.546660,0.990938,0.259693,-0.697907,0.526619,-1.788386,0.067920,0.281590,-0.452042,0.522922,0.379422,0.099178,0.277632
-0.571003,0.741884,-0.546017,0.990938,0.259693,-0.697872,0.526521,-1.785917,0.067920,0.281590,-0.452080,0.522808,0.376336,0.103477,0.277443
-0.571226,0.741704,-0.549545,0.990938,0.259693,-0.697961,0.526618,-1.787878,0.067920,0.281590,-0.451609,0.522635,0.373563,0.100703,0.277622
-0.571053,0.741771,-0.547299,0.990938,0.259693,-0.697906,0.526441,-1.786753,0.067920,0.281590,-0.452045,0.522732,0.377226,0.100703,0.277622
-0.571037,0.741863,-0.546933,0.990549,0.259611,-0.697931,0.526580,-1.789097,0.068580,0.282700,-0.451667,0.522643,0.372854,0.100703,0.277622
-0.570893,0.741879,-0.545481,0.990938,0.259693,-0.697910,0.526553,-1.785717,0.067537,0.282132,-0.452022,0.522758,0.377234,0.102228,0.277612
-0.571057,0.741827,-0.546201,0.990938,0.259693,-0.697935,0.526580,-1.789208,0.066830,0.281553,-0.451654,0.522611,0.372940,0.102228,0.277612
-0.571048,0.741903,-0.545321,0.990549,0.259611,-0.697901,0.526514,-1.785995,0.066830,0.281553,-0.452024,0.522783,0.377716,0.100346,0.277394
-0.570978,0.741951,-0.547476,0.990698,0.258937,-0.697843,0.526501,-1.787015,0.066830,0.281553,-0.451439,0.522828,0.371751,0.100346,0.277394
-0.571005,0.741897,-0.545784,0.989823,0.259299,-0.697916,0.526546,-1.785788,0.066452,0.282095,-0.452036,0.522762,0.377346,0.100346,0.277394
-0.571023,0.741835,-0.546772,0.989823,0.259299,-0.697918,0.526577,-1.789145,0.066452,0.282095,-0.452026,0.522764,0.377694,0.100346,0.277394
-0.571049,0.741798,-0.547656,0.990549,0.259611,-0.697924,0.526518,-1.785141,0.066830,0.281553,-0.452075,0.522703,0.376630,0.099822,0.276838
-0.570947,0.741800,-0.546805,0.989823,0.259299,-0.697941,0.526583,-1.789125,0.066830,0.281553,-0.451634,0.522659,0.373286,0.101358,0.276829
-0.571038,0.741886,-0.546949,0.991076,0.259019,-0.697939,0.526640,-1.788124,0.066830,0.281553,-0.451635,0.522656,0.373484,0.100979,0.277779
-0.571217,0.741748,-0.548376,0.989823,0.259299,-0.697913,0.526492,-1.785685,0.068398,0.282318,-0.451697,0.522659,0.372807,0.100979,0.277779
-0.571146,0.741836,-0.548835,0.990549,0.259611,-0.697883,0.526508,-1.786317,0.068398,0.282318,-0.452056,0.522731,0.376898,0.102504,0.277769
-0.570979,0.741813,-0.546557,0.991076,0.259019,-0.697925,0.526430,-1.786509,0.067307,0.282281,-0.451666,0.522671,0.373298,0.102504,0.277769
-0.571179,0.741794,-0.549153,0.991076,0.259019,-0.697991,0.526571,-1.788316,0.067307,0.282281,-0.451737,0.522730,0.371981,0.100979,0.277779
-0.571039,0.741852,-0.547036,0.990549,0.259611,-0.697934,0.526656,-1.788231,0.067307,0.282281,-0.451630,0.522663,0.373242,0.099088,0.277558
-0.571236,0.741712,-0.549723,0.990549,0.259611,-0.697901,0.526189,-1.784898,0.067307,0.282281,-0.452124,0.522698,0.384779,0.099088,0.277558
-0.573238,0.726166,-0.554296,0.998278,0.248757,-0.700924,0.502105,-1.775669,0.067180,0.281372,-0.454345,0.499253,0.395074,0.097856,0.275405
-0.576806,0.695094,-0.555063,0.998278,0.248757,-0.703628,0.470482,-1.792978,0.069598,0.269669,-0.454655,0.465378,0.384525,0.113155,0.275021
-0.579078,0.664367,-0.556832,0.001363,0.251643,-0.703949,0.443017,-1.794208,0.082974,0.284428,-0.455042,0.437082,0.370675,0.122676,0.271624
-0.582745,0.627855,-0.560354,0.027608,0.240045,-0.705806,0.411795,-1.794576,0.073964,0.266907,-0.457046,0.404348,0.367584,0.158891,0.276497
-0.585552,0.596243,-0.560007,0.027608,0.240045,-0.707868,0.382792,-1.807826,0.098424,0.279336,-0.458209,0.374262,0.362010,0.163505,0.282260
-0.588447,0.565280,-0.561445,0.033797,0.236547,-0.708042,0.352832,-1.814429,0.120011,0.263796,-0.458247,0.344314,0.344260,0.170804,0.287931
-0.590742,0.536873,-0.558347,0.033797,0.236547,-0.706911,0.326494,-1.801184,0.115066,0.275835,-0.458618,0.316665,0.346745,0.177317,0.299980
-0.592656,0.502112,-0.553360,0.049289,0.235275,-0.707515,0.293885,-1.809384,0.128735,0.266182,-0.457554,0.283320,0.346471,0.179143,0.298120
-0.594866,0.473559,-0.554823,0.049289,0.235275,-0.709515,0.267446,-1.812225,0.123480,0.296170,-0.457878,0.256380,0.344579,0.183330,0.274277
-0.597654,0.440003,-0.552397,0.061865,0.247453,-0.710159,0.233944,-1.809566,0.127998,0.279702,-0.457475,0.222925,0.330828,0.183955,0.308274
-0.599374,0.409762,-0.546814,0.061865,0.247453,-0.713061,0.206111,-1.829309,0.145085,0.294572,-0.457329,0.192332,0.323773,0.197258,0.324684
-0.600336,0.382395,-0.539201,0.072489,0.256141,-0.713786,0.179601,-1.833797,0.140189,0.315887,-0.457361,0.165125,0.325418,0.197491,0.321936
-0.601139,0.355506,-0.536743,0.073217,0.244792,-0.713508,0.154233,-1.830948,0.145943,0.328788,-0.458188,0.139982,0.325056,0.201784,0.291370
-0.602741,0.329627,-0.546242,0.084811,0.249643,-0.714071,0.128645,-1.802734,0.149813,0.307712,-0.461085,0.115122,0.320461,0.207722,0.291078
-0.603790,0.312991,-0.536793,0.101121,0.243275,-0.716841,0.112463,-1.834599,0.150167,0.306221,-0.461180,0.097002,0.307721,0.216204,0.307248
-0.604623,0.294901,-0.546113,0.101121,0.243275,-0.719022,0.094627,-1.847791,0.157837,0.304589,-0.463297,0.079275,0.300425,0.221821,0.295194
-0.604610,0.278254,-0.527380,0.107226,0.260741,-0.719334,0.076066,-1.840024,0.160793,0.288326,-0.464543,0.061092,0.286860,0.246665,0.260750
-0.604539,0.266473,-0.521805,0.107226,0.260741,-0.719827,0.063235,-1.839567,0.157450,0.292042,-0.466083,0.048257,0.285099,0.229878,0.290785
-0.604021,0.255014,-0.514155,0.109981,0.225078,-0.722166,0.052047,-1.856080,0.174421,0.281426,-0.466327,0.035242,0.269670,0.230927,0.287271
-0.604282,0.244510,-0.522919,0.101432,0.199471,-0.723213,0.041411,-1.857189,0.169081,0.279571,-0.468080,0.025088,0.270678,0.233124,0.288309
-0.604620,0.237157,-0.515471,0.125816,0.266582,-0.724366,0.031138,-1.845864,0.162135,0.297204,-0.469245,0.014945,0.264485,0.235716,0.282258
-0.605069,0.229720,-0.516776,0.125816,0.266582,-0.723647,0.020488,-1.812124,0.162135,0.297204,-0.469653,0.005102,0.253893,0.273456,0.249031
-0.605559,0.222544,-0.518072,0.126055,0.263753,-0.724804,0.012355,-1.851476,0.171958,0.294916,-0.471200,-0.002830,0.250903,0.244920,0.278766
-0.605671,0.216733,-0.511724,0.125751,0.255301,-0.726770,0.005780,-1.897761,0.170816,0.296892,-0.471857,-0.007975,0.250421,0.244861,0.279884
-0.606195,0.211686,-0.522788,0.130106,0.261678,-0.728690,0.000107,-1.880418,0.174594,0.294728,-0.472286,-0.014450,0.245914,0.249850,0.276328
-0.606839,0.206943,-0.520639,0.131731,0.275172,-0.727438,-0.008008,-1.855362,0.187456,0.281797,-0.472580,-0.021046,0.237452,0.252199,0.272555
-0.607040,0.203012,-0.514875,0.132386,0.275557,-0.730127,-0.011556,-1.890097,0.187456,0.281797,-0.473371,-0.025284,0.236939,0.253060,0.274671
-0.606277,0.198330,-0.530087,0.133288,0.279273,-0.730452,-0.016408,-1.890300,0.187456,0.281797,-0.474801,-0.028605,0.236222,0.257649,0.268947
-0.607374,0.195080,-0.520439,0.134949,0.278267,-0.732066,-0.021685,-1.891024,0.187456,0.281797,-0.474958,-0.032656,0.232223,0.257325,0.270403
-0.607354,0.191506,-0.528203,0.134492,0.274368,-0.732853,-0.024666,-1.902148,0.187456,0.281797,-0.475362,-0.035316,0.231310,0.255706,0.271576
-0.607361,0.189396,-0.521410,0.134446,0.274146,-0.733407,-0.027914,-1.917070,0.187456,0.281797,-0.475171,-0.038223,0.219953,0.255236,0.271456
-0.607367,0.186826,-0.527402,0.134149,0.273561,-0.733461,-0.032957,-1.914159,0.184874,0.283850,-0.475552,-0.040574,0.212971,0.256581,0.271230
-0.607217,0.185601,-0.526838,0.133422,0.274497,-0.733843,-0.035430,-1.923613,0.183778,0.283312,-0.474494,-0.042445,0.208335,0.257844,0.271884
-0.607371,0.183830,-0.518450,0.133964,0.274126,-0.733025,-0.037641,-1.942817,0.184879,0.283653,-0.474278,-0.044163,0.198025,0.259295,0.275545
-0.607045,0.182506,-0.508617,0.133870,0.271856,-0.732089,-0.039320,-1.954462,0.182244,0.284202,-0.473693,-0.046463,0.194047,0.260119,0.275444
-0.606617,0.181242,-0.511736,0.133193,0.266248,-0.731636,-0.040706,-1.969368,0.178702,0.284291,-0.473137,-0.047412,0.189113,0.260410,0.275778
-0.606389,0.180764,-0.504700,0.132268,0.264094,-0.731928,-0.041929,-1.969819,0.178702,0.284291,-0.472992,-0.047992,0.186253,0.260883,0.274035
-0.606515,0.180721,-0.504613,0.132250,0.263603,-0.731179,-0.042827,-1.978520,0.178702,0.284291,-0.472533,-0.049914,0.179664,0.260883,0.274035
-0.606478,0.180700,-0.504822,0.133978,0.263151,-0.731578,-0.043865,-1.979163,0.178702,0.284291,-0.472280,-0.050429,0.177499,0.260942,0.274628
-0.606494,0.180733,-0.504703,0.132980,0.263532,-0.731671,-0.044875,-1.985590,0.187601,0.280774,-0.472253,-0.051237,0.175144,0.260823,0.273721
-0.606464,0.180667,-0.504652,0.132077,0.262796,-0.730881,-0.046454,-2.008780,0.188211,0.280318,-0.472155,-0.052193,0.171546,0.261535,0.274587
-0.606453,0.180678,-0.504780,0.133108,0.263628,-0.730213,-0.047714,-1.996072,0.190457,0.280344,-0.472065,-0.052421,0.170565,0.261535,0.274587
-0.606445,0.180668,-0.504713,0.133515,0.262938,-0.730750,-0.048175,-1.985385,0.189164,0.280503,-0.472060,-0.052194,0.171466,0.260663,0.274108
-0.606443,0.180679,-0.504686,0.132949,0.263316,-0.730850,-0.049183,-2.013530,0.190219,0.279664,-0.472124,-0.052411,0.169727,0.261001,0.275219
-0.606387,0.180657,-0.505265,0.132623,0.262200,-0.730924,-0.049366,-2.004654,0.191150,0.280394,-0.472164,-0.052122,0.172649,0.261695,0.274202
-0.606403,0.180680,-0.504916,0.133354,0.262622,-0.730418,-0.050890,-1.993488,0.190907,0.279699,-0.472090,-0.052517,0.169429,0.261475,0.273999
-0.606447,0.180682,-0.504694,0.132497,0.262597,-0.730140,-0.051748,-2.002190,0.190340,0.279486,-0.472024,-0.052367,0.171131,0.261475,0.273999
-0.606778,0.180792,-0.505885,0.132497,0.262597,-0.730308,-0.051200,-2.000753,0.191088,0.279596,-0.472146,-0.052402,0.170040,0.261475,0.273999
-0.606435,0.180679,-0.504932,0.131935,0.262976,-0.730679,-0.051169,-1.997451,0.191526,0.279462,-0.472021,-0.052371,0.170118,0.261475,0.273999
-0.606412,0.180674,-0.505288,0.132668,0.263396,-0.721829,-0.062403,-2.348319,0.191100,0.278874,-0.472174,-0.052414,0.170064,0.261475,0.273999
-0.606452,0.180683,-0.504950,0.133195,0.262302,-0.730114,-0.053286,-2.013048,0.192700,0.279298,-0.471966,-0.052305,0.171112,0.261257,0.273797
-0.606498,0.180714,-0.504859,0.133195,0.262302,-0.730209,-0.052424,-2.010122,0.192385,0.278164,-0.472428,-0.052017,0.168367,0.261257,0.273797
-0.606378,0.180709,-0.503816,0.131478,0.262254,-0.730018,-0.052870,-2.008604,0.192665,0.278422,-0.472019,-0.052442,0.170494,0.261257,0.273797
-0.606470,0.180724,-0.504960,0.132339,0.262278,-0.730958,-0.052506,-2.016937,0.192432,0.279377,-0.472093,-0.052354,0.171069,0.260823,0.273721
-0.606471,0.180720,-0.504839,0.132339,0.262278,-0.730018,-0.052994,-2.013839,0.193765,0.279108,-0.472169,-0.052123,0.172597,0.261257,0.273797
-0.606319,0.180694,-0.504110,0.133070,0.262698,-0.730618,-0.052802,-2.003701,0.192832,0.279229,-0.472027,-0.052388,0.171447,0.260823,0.273721
-0.606553,0.180748,-0.504665,0.132339,0.262278,-0.730644,-0.052890,-1.999809,0.193490,0.278850,-0.472161,-0.052409,0.169784,0.260823,0.273721
-0.606378,0.180649,-0.505077,0.132339,0.262278,-0.729056,-0.053049,-2.027796,0.193490,0.278850,-0.471986,-0.052323,0.171398,0.260603,0.273521
-0.606369,0.180690,-0.503685,0.131478,0.262254,-0.730474,-0.052879,-2.006538,0.194157,0.278961,-0.471969,-0.052329,0.171467,0.260942,0.274628
-0.606451,0.180673,-0.504932,0.131478,0.262254,-0.730992,-0.052193,-1.993184,0.193490,0.278850,-0.472017,-0.052317,0.171778,0.260726,0.274427
-0.606349,0.180756,-0.504517,0.132339,0.262278,-0.730804,-0.052356,-2.014935,0.192553,0.278973,-0.472184,-0.052457,0.169193,0.260823,0.273721
-0.606465,0.180666,-0.504643,0.133070,0.262698,-0.730729,-0.052756,-2.002252,0.192812,0.278740,-0.472017,-0.052464,0.170608,0.260942,0.274628
-0.606568,0.180743,-0.504708,0.132513,0.263073,-0.730644,-0.052551,-2.017435,0.192553,0.278973,-0.472144,-0.052412,0.170253,0.260942,0.274628
-0.606435,0.180668,-0.504926,0.133070,0.262698,-0.730229,-0.052756,-2.007852,0.193259,0.279807,-0.472028,-0.052382,0.171066,0.260942,0.274628
-0.606402,0.180670,-0.505157,0.133070,0.262698,-0.730990,-0.052709,-2.011134,0.192576,0.279696,-0.472136,-0.052425,0.170129,0.260942,0.274628
-0.606385,0.180673,-0.505254,0.132513,0.263073,-0.730241,-0.053062,-2.012619,0.191865,0.278864,-0.471981,-0.052236,0.171110,0.260942,0.274628
-0.606468,0.180677,-0.504875,0.133070,0.262698,-0.730646,-0.053103,-2.004146,0.193259,0.279807,-0.472104,-0.052495,0.169538,0.260726,0.274427
-0.606404,0.180734,-0.503676,0.133358,0.263098,-0.730423,-0.053007,-2.003855,0.192291,0.279441,-0.472014,-0.052430,0.170294,0.261416,0.273409
-0.606463,0.180671,-0.504698,0.132513,0.263073,-0.730836,-0.052768,-2.015602,0.192005,0.279189,-0.472104,-0.052504,0.169264,0.260942,0.274628
-0.606530,0.180730,-0.504310,0.133037,0.261979,-0.730214,-0.052696,-2.006932,0.192530,0.278485,-0.472351,-0.051954,0.169302,0.260726,0.274427
-0.606403,0.180677,-0.505219,0.132513,0.263073,-0.730406,-0.053002,-2.003861,0.192273,0.278719,-0.472049,-0.052433,0.170804,0.260726,0.274427
-0.606399,0.180716,-0.503925,0.132513,0.263073,-0.730307,-0.053043,-2.010894,0.192530,0.278485,-0.471985,-0.052438,0.170591,0.261416,0.273409
-0.606439,0.180678,-0.504972,0.133358,0.263098,-0.730209,-0.053298,-2.012051,0.193214,0.278595,-0.472045,-0.052373,0.171088,0.260726,0.274427
-0.606762,0.180790,-0.505842,0.133358,0.263098,-0.730407,-0.052667,-2.004164,0.192980,0.279551,-0.472104,-0.052426,0.170045,0.261416,0.273409
-0.606437,0.180667,-0.504938,0.132513,0.263073,-0.730587,-0.052933,-2.000318,0.193214,0.278595,-0.472029,-0.052288,0.170346,0.261416,0.273409
-0.606475,0.180659,-0.504627,0.133037,0.261979,-0.730277,-0.052775,-2.006964,0.192291,0.279441,-0.472420,-0.051869,0.169680,0.261416,0.273409
-0.606333,0.180719,-0.504033,0.133037,0.261979,-0.730476,-0.053120,-2.008804,0.192246,0.278232,-0.471989,-0.052338,0.171387,0.261416,0.273409
-0.606533,0.180747,-0.505104,0.132183,0.261955,-0.730321,-0.052792,-2.006287,0.192980,0.279551,-0.472188,-0.052335,0.171058,0.261416,0.273409
-0.606464,0.180673,-0.504640,0.132183,0.261955,-0.730557,-0.052933,-2.000519,0.192291,0.279441,-0.471991,-0.052310,0.171325,0.261416,0.273409
-0.606504,0.180677,-0.504708,0.133037,0.261979,-0.730481,-0.052994,-2.003729,0.192530,0.278485,-0.472177,-0.052354,0.170735,0.261416,0.273409
-0.606394,0.180664,-0.505015,0.132183,0.261955,-0.730428,-0.053011,-2.003912,0.192246,0.278232,-0.471992,-0.052303,0.171394,0.261197,0.273208
-0.606378,0.180715,-0.503905,0.132183,0.261955,-0.730905,-0.052759,-2.014368,0.192980,0.279551,-0.472160,-0.052479,0.169263,0.261197,0.273208
-0.606455,0.180681,-0.504755,0.132183,0.261955,-0.730484,-0.052975,-2.024390,0.192246,0.278232,-0.472103,-0.052433,0.170593,0.261197,0.273208
-0.606458,0.180894,-0.508154,0.132183,0.261955,-0.730849,-0.052787,-2.015971,0.192291,0.279441,-0.472368,-0.051968,0.169173,0.261197,0.273208
-0.606386,0.180711,-0.503742,0.132183,0.261955,-0.730414,-0.052994,-2.004082,0.192291,0.279441,-0.472398,-0.051936,0.168706,0.261532,0.274318
-0.606467,0.180685,-0.504880,0.133759,0.262396,-0.730756,-0.052817,-1.996809,0.192980,0.279551,-0.472172,-0.052347,0.171079,0.261532,0.274318
-0.606502,0.180748,-0.504992,0.132183,0.261955,-0.730290,-0.052711,-2.006705,0.192980,0.279551,-0.472063,-0.052434,0.170764,0.261197,0.273208
-0.606339,0.180713,-0.504129,0.132914,0.262371,-0.730414,-0.052858,-2.007903,0.193383,0.279408,-0.472392,-0.052032,0.168088,0.261197,0.273208
-0.606506,0.180743,-0.504992,0.132914,0.262371,-0.730932,-0.052678,-2.014530,0.192291,0.279441,-0.472138,-0.052471,0.169433,0.261197,0.273208
-0.606390,0.180695,-0.505277,0.132914,0.262371,-0.730941,-0.052634,-1.997929,0.193641,0.279178,-0.472044,-0.052433,0.170518,0.261197,0.273208
-0.606415,0.180654,-0.505108,0.132065,0.262347,-0.730863,-0.052806,-2.015985,0.192291,0.279441,-0.472401,-0.052004,0.168189,0.261197,0.273208
-0.606436,0.180652,-0.504897,0.132914,0.262371,-0.730380,-0.052867,-2.008463,0.192291,0.279441,-0.472017,-0.052319,0.170321,0.261197,0.273208
-0.606536,0.180750,-0.504504,0.132360,0.262746,-0.730247,-0.052677,-2.007046,0.192980,0.279551,-0.472064,-0.052426,0.170426,0.261532,0.274318
-0.606448,0.180678,-0.504862,0.132360,0.262746,-0.730437,-0.053005,-2.003908,0.192700,0.279298,-0.472115,-0.052377,0.170804,0.261197,0.273208
-0.606352,0.180709,-0.503938,0.132065,0.262347,-0.730827,-0.052758,-2.015230,0.192246,0.278232,-0.472113,-0.052421,0.170332,0.261197,0.273208
-0.606554,0.180721,-0.504521,0.131512,0.262723,-0.730446,-0.052924,-2.002858,0.192291,0.279441,-0.472204,-0.052131,0.172598,0.260883,0.274035
-0.606393,0.180678,-0.505207,0.132881,0.261651,-0.730317,-0.052674,-2.005010,0.192291,0.279441,-0.472030,-0.052416,0.170741,0.260883,0.274035
-0.606486,0.180722,-0.504594,0.132360,0.262746,-0.730837,-0.052364,-2.016090,0.193641,0.279178,-0.472148,-0.052440,0.169975,0.261317,0.274115
-0.606390,0.180642,-0.505194,0.132028,0.261627,-0.730252,-0.052806,-2.007577,0.192700,0.279298,-0.472336,-0.051919,0.170098,0.261317,0.274115
-0.606392,0.180685,-0.504991,0.132881,0.261651,-0.730457,-0.053001,-2.003939,0.192700,0.279298,-0.472394,-0.051907,0.168385,0.260883,0.274035
-0.606390,0.180658,-0.505261,0.132028,0.261627,-0.730788,-0.052660,-2.000127,0.192246,0.278232,-0.472071,-0.052491,0.169545,0.260883,0.274035
-0.606399,0.180717,-0.503920,0.133603,0.262065,-0.730798,-0.052694,-2.013877,0.192291,0.279441,-0.472214,-0.052100,0.172776,0.260883,0.274035
-0.606494,0.180690,-0.504802,0.132028,0.261627,-0.730401,-0.053036,-2.004145,0.192246,0.278232,-0.472445,-0.051934,0.168001,0.260883,0.274035
-0.606582,0.180766,-0.504754,0.133603,0.262065,-0.731010,-0.052803,-2.014556,0.192700,0.279298,-0.472075,-0.052466,0.169492,0.261532,0.274318
-0.606398,0.180724,-0.503774,0.133603,0.262065,-0.730814,-0.052727,-2.014667,0.192246,0.278232,-0.472150,-0.052379,0.170954,0.261532,0.274318
-0.606480,0.180721,-0.504911,0.132760,0.262041,-0.730268,-0.052744,-2.006806,0.193641,0.279178,-0.472057,-0.052479,0.169629,0.261101,0.274236
-0.606457,0.180721,-0.505151,0.133603,0.262065,-0.731006,-0.052508,-2.018092,0.192700,0.279298,-0.472119,-0.052378,0.170925,0.261101,0.274236
-0.606474,0.180710,-0.504818,0.132760,0.262041,-0.730809,-0.052721,-2.014429,0.192700,0.279298,-0.472148,-0.052485,0.169190,0.261317,0.274115
-0.606476,0.180732,-0.504907,0.132760,0.262041,-0.730423,-0.052989,-2.004081,0.192246,0.278232,-0.472009,-0.052434,0.170418,0.261317,0.274115
-0.606425,0.180646,-0.504791,0.132760,0.262041,-0.730611,-0.052936,-2.000101,0.192700,0.279298,-0.472391,-0.051958,0.169330,0.260883,0.274035
-0.606538,0.180737,-0.504728,0.132760,0.262041,-0.730782,-0.052657,-2.000047,0.193641,0.279178,-0.472086,-0.052429,0.170001,0.260883,0.274035
-0.606466,0.180677,-0.504662,0.132208,0.262415,-0.730398,-0.052668,-2.004449,0.193641,0.279178,-0.472062,-0.052477,0.169354,0.260883,0.274035
-0.606499,0.180723,-0.504920,0.132932,0.262828,-0.730847,-0.052702,-2.014468,0.192700,0.279298,-0.472185,-0.052502,0.169291,0.261317,0.274115
-0.606379,0.180666,-0.505189,0.131911,0.262017,-0.730619,-0.053096,-2.004319,0.193641,0.279178,-0.472382,-0.051937,0.168481,0.261317,0.274115
-0.606341,0.180707,-0.504239,0.132760,0.262041,-0.730561,-0.052986,-2.023615,0.192700,0.279298,-0.472126,-0.052428,0.170209,0.260883,0.274035
-0.606471,0.180735,-0.505001,0.132760,0.262041,-0.730793,-0.052653,-2.000140,0.192700,0.279298,-0.472055,-0.052362,0.171292,0.260883,0.274035
-0.606360,0.180693,-0.504180,0.131911,0.262017,-0.730853,-0.052771,-2.015354,0.192005,0.279189,-0.472371,-0.051943,0.169225,0.260883,0.274035
-0.606468,0.180674,-0.504850,0.132932,0.262828,-0.730593,-0.052763,-2.003579,0.193641,0.279178,-0.472070,-0.052382,0.171523,0.260883,0.274035
-0.606501,0.180717,-0.504824,0.131911,0.262017,-0.730801,-0.052833,-2.013452,0.192956,0.279067,-0.472152,-0.052396,0.170337,0.260883,0.274035
-0.606469,0.180674,-0.504803,0.132208,0.262415,-0.730792,-0.052640,-2.000261,0.193641,0.279178,-0.472054,-0.052426,0.170255,0.260883,0.274035
-0.606445,0.180666,-0.505231,0.132932,0.262828,-0.730351,-0.052492,-2.010965,0.192246,0.278232,-0.472201,-0.052403,0.169859,0.260883,0.274035
-0.606577,0.180753,-0.505738,0.132932,0.262828,-0.730944,-0.052632,-1.997807,0.192700,0.279298,-0.472023,-0.052442,0.170745,0.260883,0.274035
-0.606528,0.180529,-0.507562,0.133449,0.261730,-0.730625,-0.052831,-1.998750,0.192700,0.279298,-0.472454,-0.051962,0.167914,0.260883,0.274035
-0.606389,0.180643,-0.505438,0.132606,0.261706,-0.730776,-0.052841,-2.002494,0.193641,0.279178,-0.471964,-0.052262,0.171346,0.260883,0.274035
-0.606501,0.180743,-0.504982,0.132606,0.261706,-0.730939,-0.052755,-2.014934,0.192417,0.279046,-0.472168,-0.052376,0.169707,0.260883,0.274035
-0.606327,0.180725,-0.504472,0.132606,0.261706,-0.719438,-0.065359,-2.447072,0.192700,0.279298,-0.471956,-0.052298,0.171475,0.260883,0.274035
-0.606586,0.180737,-0.504730,0.131760,0.261683,-0.730864,-0.052750,-2.015642,0.192700,0.279298,-0.472196,-0.052444,0.169310,0.260883,0.274035
-0.606480,0.180721,-0.505134,0.131760,0.261683,-0.730725,-0.052787,-2.002254,0.194085,0.280245,-0.472020,-0.052469,0.170867,0.260883,0.274035
-0.606488,0.180681,-0.504774,0.131760,0.261683,-0.731040,-0.052674,-2.011290,0.192700,0.279298,-0.472164,-0.052328,0.171050,0.260883,0.274035
-0.606529,0.180732,-0.504651,0.131760,0.261683,-0.730589,-0.052903,-2.000144,0.192700,0.279298,-0.472042,-0.052442,0.170234,0.260883,0.274035
-0.606406,0.180662,-0.505003,0.131760,0.261683,-0.730814,-0.052681,-2.018354,0.192700,0.279298,-0.472119,-0.052357,0.171425,0.260883,0.274035
-0.606490,0.180735,-0.504832,0.131760,0.261683,-0.730902,-0.052750,-2.015240,0.192005,0.279189,-0.472401,-0.051885,0.169566,0.260883,0.274035
-0.606376,0.180695,-0.503910,0.132492,0.262094,-0.730949,-0.052812,-2.000165,0.192956,0.279067,-0.472026,-0.052451,0.170622,0.260883,0.274035
-0.606527,0.180761,-0.504924,0.132782,0.262490,-0.730716,-0.052504,-2.019583,0.192700,0.279298,-0.472173,-0.052476,0.169118,0.260668,0.273834
-0.606455,0.180740,-0.505278,0.132782,0.262490,-0.730456,-0.052845,-2.006242,0.192956,0.279067,-0.472021,-0.052373,0.171375,0.260668,0.273834
-0.606473,0.180520,-0.507960,0.131946,0.262466,-0.730633,-0.052912,-1.999460,0.192005,0.279189,-0.472228,-0.052447,0.169104,0.260668,0.273834
-0.606535,0.180727,-0.504684,0.132782,0.262490,-0.730592,-0.052760,-2.003748,0.192005,0.279189,-0.472020,-0.052371,0.170383,0.260883,0.274035
-0.606364,0.180699,-0.504373,0.132782,0.262490,-0.730465,-0.053017,-2.003604,0.192700,0.279298,-0.472207,-0.052389,0.170198,0.260668,0.273834
-0.606425,0.180659,-0.505084,0.133295,0.261392,-0.730826,-0.052808,-2.002956,0.192700,0.279298,-0.472012,-0.052325,0.171285,0.260668,0.273834
-0.606406,0.180659,-0.505137,0.133295,0.261392,-0.730478,-0.053014,-2.003978,0.192700,0.279298,-0.472165,-0.052413,0.170589,0.261357,0.272816
-0.606389,0.180707,-0.505106,0.132455,0.261368,-0.730965,-0.052621,-1.997868,0.192700,0.279298,-0.472411,-0.051921,0.168529,0.260668,0.273834
-0.606358,0.180724,-0.504045,0.132455,0.261368,-0.730466,-0.053006,-2.003600,0.192700,0.279298,-0.472181,-0.052467,0.169549,0.260883,0.274035
-0.606462,0.180663,-0.504774,0.132455,0.261368,-0.730408,-0.053028,-2.004215,0.192700,0.279298,-0.472023,-0.052392,0.170073,0.261357,0.272816
-0.606413,0.180641,-0.505228,0.133178,0.261777,-0.730320,-0.052786,-2.006746,0.192005,0.279189,-0.472149,-0.052358,0.170852,0.261357,0.272816
-0.606465,0.180726,-0.505067,0.133178,0.261777,-0.730651,-0.052456,-2.019308,0.192005,0.279189,-0.472067,-0.052447,0.170256,0.260668,0.273834
-0.606477,0.180713,-0.504991,0.133178,0.261777,-0.730592,-0.052929,-2.000588,0.192700,0.279298,-0.472083,-0.052448,0.170077,0.260668,0.273834
-0.606483,0.180731,-0.504961,0.132633,0.262148,-0.730244,-0.052768,-2.007521,0.192672,0.278814,-0.472080,-0.052494,0.169400,0.260668,0.273834
-0.606553,0.180726,-0.504544,0.132633,0.262148,-0.730305,-0.052782,-2.006156,0.192700,0.279298,-0.472165,-0.052487,0.169226,0.261357,0.272816
-0.606470,0.180733,-0.504967,0.132633,0.262148,-0.730830,-0.052789,-2.015602,0.192700,0.279298,-0.472141,-0.052146,0.172362,0.260883,0.274035
-0.606711,0.180802,-0.506248,0.132633,0.262148,-0.730416,-0.053148,-2.004463,0.192005,0.279189,-0.472067,-0.052495,0.169681,0.261357,0.272816
-0.606502,0.180711,-0.504875,0.132304,0.261026,-0.730668,-0.052464,-2.018932,0.192005,0.279189,-0.472150,-0.052411,0.170293,0.261357,0.272816
-0.606545,0.180745,-0.504578,0.132304,0.261026,-0.730592,-0.052926,-2.000858,0.192700,0.279298,-0.472032,-0.052286,0.171674,0.260668,0.273834
-0.606428,0.180504,-0.507918,0.132304,0.261026,-0.730699,-0.052563,-2.019681,0.192700,0.279298,-0.472371,-0.051934,0.169016,0.260668,0.273834
-0.606461,0.180718,-0.505092,0.131799,0.262125,-0.730720,-0.052760,-2.002517,0.193362,0.278925,-0.472014,-0.052288,0.170651,0.260668,0.273834
-0.606526,0.180723,-0.504469,0.132304,0.261026,-0.730816,-0.052789,-2.015204,0.192700,0.279298,-0.472392,-0.051874,0.169740,0.260668,0.273834
-0.606399,0.180725,-0.503828,0.133028,0.261431,-0.730431,-0.053004,-2.004145,0.192005,0.279189,-0.472010,-0.052285,0.171274,0.260883,0.274035
-0.606396,0.180710,-0.503751,0.133028,0.261431,-0.730466,-0.053032,-2.003463,0.192005,0.279189,-0.472385,-0.051961,0.168676,0.260883,0.274035
-0.606465,0.180721,-0.504784,0.133028,0.261431,-0.730243,-0.052768,-2.007225,0.192005,0.279189,-0.472106,-0.052506,0.169402,0.261357,0.272816
-0.606404,0.180676,-0.505080,0.133028,0.261431,-0.730620,-0.052905,-2.000412,0.192005,0.279189,-0.472089,-0.052473,0.169412,0.261357,0.272816
-0.606467,0.180723,-0.504848,0.133028,0.261431,-0.730662,-0.052760,-2.022708,0.192005,0.279189,-0.472134,-0.052221,0.171311,0.261357,0.272816
-0.606462,0.180718,-0.504942,0.133028,0.261431,-0.730456,-0.053032,-2.003857,0.192005,0.279189,-0.472131,-0.052427,0.170005,0.261689,0.273923
-0.606406,0.180520,-0.507915,0.132193,0.261408,-0.730462,-0.052993,-2.003249,0.192005,0.279189,-0.472128,-0.052462,0.169113,0.261357,0.272816
-0.606471,0.180701,-0.504973,0.132193,0.261408,-0.730666,-0.052481,-2.019612,0.192005,0.279189,-0.472144,-0.052433,0.169649,0.261631,0.273323
-0.606307,0.180705,-0.504274,0.132485,0.261802,-0.730123,-0.053282,-2.012799,0.192717,0.280023,-0.472013,-0.052420,0.170481,0.260943,0.274342
-0.606540,0.180717,-0.504617,0.132485,0.261802,-0.730918,-0.052776,-2.015056,0.192005,0.279189,-0.472181,-0.052419,0.169677,0.260883,0.274035
-0.606326,0.180705,-0.504179,0.132485,0.261802,-0.730602,-0.052928,-2.000613,0.191299,0.279079,-0.472054,-0.052416,0.170701,0.261357,0.272816
-0.605585,0.185382,-0.505969,0.132485,0.261802,-0.731981,-0.048554,-2.054640,0.191717,0.278937,-0.468332,-0.057081,0.161555,0.261689,0.273923
-0.604333,0.212434,-0.502508,0.133607,0.271111,-0.733581,-0.021163,-2.108571,0.182298,0.284382,-0.448462,-0.079269,0.156470,0.263045,0.269956
-0.602867,0.249849,-0.507765,0.134008,0.264632,-0.732429,0.014420,-2.189737,0.172550,0.283301,-0.421245,-0.104245,0.137094,0.276260,0.272910
-0.603230,0.291119,-0.507110,0.125090,0.277311,-0.732134,0.055247,-2.285738,0.162896,0.298177,-0.391338,-0.129135,0.093298,0.300011,0.267907
-0.607196,0.335029,-0.500760,0.108590,0.254924,-0.732374,0.094789,-2.336890,0.155054,0.312541,-0.355654,-0.152940,0.020809,0.317789,0.270470
-0.613700,0.379478,-0.463007,0.103493,0.223047,-0.738833,0.130612,-2.338994,0.154674,0.307707,-0.317365,-0.176749,-0.080674,0.336250,0.269343
-0.622668,0.423058,-0.436639,0.082603,0.247927,-0.750962,0.166324,-2.325593,0.151371,0.303411,-0.279944,-0.203276,-0.185658,0.354785,0.289678
-0.634124,0.466781,-0.412793,0.076043,0.260072,-0.763081,0.202300,-2.326604,0.142348,0.311951,-0.245419,-0.234984,-0.302949,0.383530,0.291459
-0.644844,0.509527,-0.394659,0.053406,0.230939,-0.774928,0.237873,-2.328131,0.135776,0.302015,-0.213965,-0.270436,-0.392325,0.402406,0.285798
-0.654868,0.552793,-0.391837,0.047481,0.243611,-0.788649,0.272804,-2.320543,0.133649,0.291376,-0.184939,-0.307127,-0.519318,0.421434,0.273778
-0.664154,0.595642,-0.383469,0.040191,0.247945,-0.804818,0.307599,-2.285678,0.638389,0.927575,-0.161380,-0.347559,-0.628810,0.432966,0.272643
-0.674066,0.638360,-0.375183,0.035652,0.237774,-0.818027,0.341973,-2.294709,0.639797,0.967640,-0.142377,-0.391245,-0.734407,0.457877,0.262123
-0.682371,0.680944,-0.385285,0.016800,0.246898,-0.831109,0.377793,-2.295685,0.639797,0.967640,-0.122917,-0.432971,-0.804382,0.469436,0.271148
-0.689448,0.723405,-0.396354,0.013060,0.250524,-0.843023,0.413307,-2.288102,0.599679,0.968552,-0.099187,-0.467729,-0.838444,0.480144,0.267367
-0.693550,0.760080,-0.400729,0.002739,0.253047,-0.855221,0.448483,-2.290773,0.599679,0.968552,-0.076661,-0.501315,-0.866881,0.486483,0.273660
-0.697412,0.790640,-0.408629,0.990255,0.261348,-0.867470,0.484098,-2.290148,0.429636,0.765250,-0.055031,-0.535458,-0.903691,0.495147,0.272342
-0.700123,0.817665,-0.417919,0.990255,0.261348,-0.880612,0.519099,-2.283985,0.429636,0.765250,-0.032837,-0.569307,-0.934895,0.494941,0.252492
-0.701387,0.842128,-0.418450,0.273934,0.233261,-0.891976,0.553817,-2.283913,0.413224,0.744798,-0.011843,-0.600466,-0.937454,0.503029,0.270914
-0.702442,0.863786,-0.420512,0.530999,0.745337,-0.903167,0.584945,-2.290475,0.426334,0.742395,0.008094,-0.632714,-0.960386,0.504754,0.244209
-0.702873,0.882615,-0.423106,0.526575,0.763513,-0.913352,0.613829,-2.281566,0.429002,0.757635,0.025593,-0.667691,-1.000350,0.508670,0.251110
-0.704174,0.899865,-0.424719,0.536210,0.778154,-0.922465,0.640609,-2.274978,0.422450,0.716779,0.043330,-0.704227,-1.024715,0.507623,0.244158
-0.704205,0.915478,-0.424357,0.529125,0.731355,-0.930364,0.665538,-2.269538,0.426925,0.753141,0.059323,-0.740099,-1.051744,0.505907,0.247472
-0.704902,0.928654,-0.428212,0.526657,0.769492,-0.935521,0.685431,-2.343828,0.438269,0.775277,0.073541,-0.776672,-1.076214,0.507154,0.242523
-0.704112,0.940833,-0.429775,0.536009,0.770238,-0.941348,0.710336,-2.275700,0.425076,0.754074,0.084018,-0.809314,-1.108551,0.499694,0.243593
-0.704677,0.950500,-0.421879,0.522022,0.739386,-0.946698,0.730956,-2.250695,0.432225,0.751005,0.092066,-0.840169,-1.125433,0.492267,0.244407
-0.704490,0.959798,-0.419592,0.562009,0.858252,-0.949690,0.750679,-2.257510,0.431264,0.760997,0.100002,-0.878386,-1.174506,0.496522,0.248426
