timestep,x_c,y_c,radius,p_current,q_current,beta_current,p_error,q_error,beta_error,vp,vq,vbeta,vx_c,vy_c,jacobian_cond
0,0.4915360478971104,0.49973503886541976,0.7009584834012161,0.33000000000000007,0.33,60.00000001518812,-5.551115123125783e-17,0.0,-1.5188128214830185e-08,-2.7755575615628914e-17,0.0,-2.6508284456383536e-12,-0.2821317367627991,-0.008832037819333144,10.674428169842715
1,0.47727997044253107,0.49931121721826055,0.690729948551244,0.3300000000000001,0.32999999999999585,60.00000001519395,-1.1102230246251565e-16,4.163336342344337e-15,-1.5193954991006624e-08,-5.551115123125783e-17,2.0816681711721685e-15,-2.6518454099289102e-12,-0.27771036608503363,-0.0079449617650936,10.67442816864871
2,0.4591778683314584,0.49882201979288027,0.6779879956132489,0.3300000000000002,0.3299999999999887,60.000000015203824,-1.6653345369377348e-16,1.1324274851176597e-14,-1.5203827432737886e-08,-8.326672684688674e-17,5.662137425588298e-15,-2.6535684760631285e-12,-0.2707615964287259,-0.006417409078954911,10.674428169796984
3,0.43862338016359054,0.4983463747661629,0.6638822025545726,0.3300000000000001,0.32999999999997937,60.000000015216536,-1.1102230246251565e-16,2.0650148258027912e-14,-1.5216536929245016e-08,-5.551115123125783e-17,1.0325074129013956e-14,-2.6557867016663295e-12,-0.26276722300372374,-0.004440227631700849,10.6744281698433
4,0.4165946728723247,0.49794918897886414,0.6492337916885625,0.3300000000000002,0.32999999999996865,60.00000001523119,-1.6653345369377348e-16,3.136380044566067e-14,-1.52311929252172e-08,-8.326672684688674e-17,1.5681900222830336e-14,-2.658344655515066e-12,-0.2546855191251057,-0.0021411422865491164,10.674428169732119
5,0.39376370114374754,0.49768453921686234,0.6346178006595176,0.33000000000000024,0.32999999999995694,60.00000001524714,-2.220446049250313e-16,4.3076653355456074e-14,-1.524714658749942e-08,-1.1102230246251565e-16,2.1538326677728037e-14,-2.6611290948608257e-12,-0.24702922082287596,0.0004460096369083705,10.674428169732424
6,0.3705814375021667,0.49759916986039504,0.6204317332849172,0.3300000000000003,0.32999999999994434,60.000000015264014,-2.7755575615628914e-16,5.56776846849516e-14,-1.5264016249529903e-08,-1.3877787807814457e-16,2.78388423424758e-14,-2.6640734063221316e-12,-0.24001944771906636,0.0033295158977968142,10.674428169056108
7,0.3473420010721184,0.4977330891591088,0.6069470271388211,0.3300000000000003,0.3299999999999311,60.00000001528148,-2.7755575615628914e-16,6.888933867799096e-14,-1.52814838558405e-08,-1.3877787807814457e-16,3.444466933899548e-14,-2.6671220787477522e-12,-0.23372839603123413,0.006455928274687703,10.674428168650463
8,0.3242290847152041,0.4981157215148729,0.5943431428018173,0.3300000000000003,0.32999999999991725,60.00000001529936,-2.7755575615628914e-16,8.276712648580542e-14,-1.5299358573150325e-08,-1.3877787807814457e-16,4.138356324290271e-14,-2.670241805446949e-12,-0.22817702852919677,0.009629628222139808,10.674428168716238
9,0.30134881068403035,0.4987593469891409,0.5827280599985843,0.3300000000000003,0.329999999999903,60.00000001531748,-2.7755575615628914e-16,9.703349235223868e-14,-1.531748773483467e-08,-1.3877787807814457e-16,4.851674617611934e-14,-2.673405941067131e-12,-0.2233744193776427,0.01252609417442166,10.674428169057174
10,0.2787529976310324,0.4996532898452493,0.5721508924588575,0.33000000000000035,0.32999999999988816,60.00000001533578,-3.3306690738754696e-16,1.1185496973098452e-13,-1.5335782285362444e-08,-1.6653345369377348e-16,5.592748486549226e-14,-2.6765989424859526e-12,-0.2193207077057296,0.014780167470683905,10.674428170251664
11,0.25645617270284593,0.5007619658650883,0.5626120465955735,0.33000000000000035,0.3299999999998728,60.00000001535416,-3.3306690738754696e-16,1.2723155862204294e-13,-1.5354165891421305e-08,-1.6653345369377348e-16,6.361577931102147e-14,-2.6798074870271195e-12,-0.21599185970278822,0.016097200685417673,10.674428169799954
12,0.23444864804503363,0.5020283738050555,0.5540745948656124,0.3300000000000004,0.3299999999998569,60.00000001537262,-3.885780586188048e-16,1.4310774787418268e-13,-1.5372625830792518e-08,-1.942890293094024e-16,7.155387393709134e-14,-2.6830293542445817e-12,-0.21332490693591616,0.016344490869316677,10.674428169394313
13,0.2127068922775123,0.503382489265588,0.5464779524569835,0.3300000000000004,0.3299999999998404,60.000000015391116,-3.885780586188048e-16,1.5959455978986625e-13,-1.539112393681991e-08,-1.942890293094024e-16,7.979727989493313e-14,-2.6862578828001915e-12,-0.21121628356828426,0.015587663418499459,10.674428169576073
14,0.1912014451536792,0.5047520587541693,0.5397523816023675,0.3300000000000004,0.3299999999998233,60.00000001540964,-3.885780586188048e-16,1.7669199436909366e-13,-1.5409647487284754e-08,-1.942890293094024e-16,8.834599718454683e-14,-2.6894908522479e-12,-0.2095406028854643,0.014056288873599367,10.67442816905892
15,0.16990221636314087,0.5060723422477245,0.5338314141310958,0.33000000000000046,0.32999999999980556,60.00000001542816,-4.440892098500626e-16,1.9445556276309617e-13,-1.5428158315530872e-08,-2.220446049250313e-16,9.722778138154808e-14,-2.6927216012495593e-12,-0.20818052679503296,0.012052828384936001,10.674428170524058
16,0.14878120918383833,0.507291987506812,0.5286596341643806,0.33000000000000046,0.329999999999787,60.000000015446716,-4.440892098500626e-16,2.1299628727433628e-13,-1.5446720032651892e-08,-2.220446049250313e-16,1.0649814363716814e-13,-2.6959612320354155e-12,-0.20705156753072,0.009848227119951307,10.6744281691711
17,0.12781324093621874,0.5083738921528681,0.5241948481063848,0.3300000000000005,0.3299999999997678,60.000000015465226,-4.996003610813204e-16,2.322031456003515e-13,-1.546523086089801e-08,-2.498001805406602e-16,1.1610157280017575e-13,-2.6991919810370746e-12,-0.2061087740701227,0.0076050988231495115,10.674428169396
18,0.10697553466741307,0.5092913597943541,0.5204050866186467,0.3300000000000005,0.32999999999974783,60.000000015483785,-4.996003610813204e-16,2.521871600436043e-13,-1.5483792578019033e-08,-2.498001805406602e-16,1.2609358002180215e-13,-2.702431611822931e-12,-0.20533761651559515,0.005337812974894281,10.674428169577736
19,0.08624704750778095,0.5100205397880003,0.5172615433312752,0.3300000000000005,0.3299999999997269,60.000000015502366,-4.996003610813204e-16,2.731148640577885e-13,-1.550236701735878e-08,-2.498001805406602e-16,1.3655743202889425e-13,-2.7056734630548363e-12,-0.2047364257154686,0.002898421486854791,10.674428169060562
20,0.06560825465741459,0.510530042407798,0.5147284403256732,0.3300000000000005,0.32999999999970514,60.00000001552094,-4.996003610813204e-16,2.948752353404416e-13,-1.5520941456698524e-08,-2.498001805406602e-16,1.474376176702208e-13,-2.708915314286742e-12,-0.2042950612873263,-3.077919181897204e-05,10.674428169578366
21,0.04504207345219837,0.5107695813006622,0.5127517465235267,0.3300000000000005,0.32999999999968244,60.0000000155395,-4.996003610813204e-16,3.1757929619402603e-13,-1.5539503173819548e-08,-2.498001805406602e-16,1.5878964809701301e-13,-2.712154945072598e-12,-0.20396754033185593,-0.0039037646997985426,10.674428169803242
22,0.02453655481377363,0.5106613780982249,0.5112505115922208,0.33000000000000057,0.32999999999965873,60.0000000155581,-5.551115123125783e-16,3.412825577697731e-13,-1.5558103057596744e-08,-2.7755575615628914e-16,1.7064127888488656e-13,-2.715401237196602e-12,-0.20363972649231082,-0.00919601424806905,10.674428169397565
23,0.004089367295782156,0.5100991549733273,0.5101155465474292,0.3300000000000006,0.3299999999996339,60.00000001557669,-6.106226635438361e-16,3.6609604237014537e-13,-1.5576690219155218e-08,-3.0531133177191805e-16,1.8304802118507268e-13,-2.7186453088745567e-12,-0.20311081570300293,-0.016216029439701282,10.674428169127182
24,-0.01628749095522078,0.5089581951012558,0.5092187415270026,0.3300000000000006,0.32999999999960805,60.0000000155953,-6.106226635438361e-16,3.919642388439115e-13,-1.5595302825151143e-08,-3.0531133177191805e-16,1.9598211942195576e-13,-2.7218938214446097e-12,-0.202127566280162,-0.024913456154742022,10.674428169804111
25,-0.03656648406117603,0.5071167540991636,0.5084333880113183,0.3300000000000006,0.329999999999581,60.000000015613914,-6.106226635438361e-16,4.189981694935341e-13,-1.561391543114707e-08,-3.0531133177191805e-16,2.0949908474676704e-13,-2.725142334014663e-12,-0.20050641100830588,-0.034758969721373975,10.674428168721729
26,-0.056710481125985944,0.5044824119726184,0.5076599084616114,0.3300000000000007,0.3299999999995528,60.00000001563252,-6.661338147750939e-16,4.4719783431901305e-13,-1.563252803714299e-08,-3.3306690738754696e-16,2.2359891715950653e-13,-2.728390846584716e-12,-0.19829006302124258,-0.044844447502642534,10.674428169398642
27,-0.07668299698385764,0.5010066743110336,0.5068411681489857,0.33000000000000074,0.3299999999995234,60.000000015651146,-7.216449660063518e-16,4.766187444715797e-13,-1.565115336535764e-08,-3.608224830031759e-16,2.3830937223578985e-13,-2.731641579600819e-12,-0.19572393041669428,-0.054389939100053616,10.67442816933348
28,-0.09645328085067052,0.4966754946530727,0.5059543283496375,0.33000000000000074,0.3299999999994927,60.00000001566976,-7.216449660063518e-16,5.073164111024653e-13,-1.5669765971353566e-08,-3.608224830031759e-16,2.5365820555123264e-13,-2.734890092170872e-12,-0.19298409220996138,-0.06327210982832035,10.674428170527868
29,-0.11599316859746135,0.4914873654619208,0.5049893519372253,0.3300000000000008,0.3299999999994607,60.000000015688364,-7.771561172376096e-16,5.392908342116698e-13,-1.5688365855130766e-08,-3.885780586188048e-16,2.696454171058349e-13,-2.738136384294876e-12,-0.19002296800060073,-0.0718767810192374,10.674428169851438
30,-0.13527117014594983,0.4854374788308169,0.5039323717784702,0.33000000000000085,0.32999999999942736,60.00000001570694,-8.326672684688674e-16,5.726530361016557e-13,-1.570694029447051e-08,-4.163336342344337e-16,2.8632651805082787e-13,-2.7413782355267812e-12,-0.18666933752437134,-0.08060653990983754,10.674428169805582
31,-0.15424785698473348,0.47851247716111583,0.502758980211443,0.3300000000000009,0.32999999999939267,60.0000000157255,-8.881784197001252e-16,6.073475056211919e-13,-1.5725502011591535e-08,-4.440892098500626e-16,3.0367375281059594e-13,-2.7446178663126375e-12,-0.18273619182793582,-0.08966936759752134,10.674428170076448
32,-0.17287349376552652,0.4706925317360477,0.5014346460694452,0.33000000000000096,0.32999999999935653,60.000000015744035,-9.43689570931383e-16,6.434852650727407e-13,-1.5744038284275104e-08,-4.718447854656915e-16,3.2174263253637037e-13,-2.747853056206395e-12,-0.17806519978803043,-0.09908147520914899,10.674428169615608
33,-0.19108818486144385,0.4619571472018875,0.4999190936987181,0.33000000000000096,0.3299999999993189,60.000000015762545,-9.43689570931383e-16,6.811218256075335e-13,-1.576254911252122e-08,-4.718447854656915e-16,3.4056091280376677e-13,-2.7510838052080545e-12,-0.1725581783119597,-0.10871409122030627,10.674428170076839
34,-0.20882505057131306,0.4522922090750123,0.49817280549631177,0.33000000000000096,0.3299999999992797,60.000000015781005,-9.43689570931383e-16,7.203126983768016e-13,-1.5781009051892435e-08,-4.718447854656915e-16,3.601563491884008e-13,-2.754305672425517e-12,-0.16621939809079078,-0.11833896509865284,10.674428169806344
35,-0.2260177380111306,0.44169729026303345,0.4961658131324391,0.330000000000001,0.329999999999239,60.000000015799415,-9.992007221626409e-16,7.610023722293136e-13,-1.5799418102388746e-08,-4.996003610813204e-16,3.805011861146568e-13,-2.757518657858782e-12,-0.15922938143019708,-0.1276487374387418,10.674428169852579
36,-0.24261376191547254,0.43019337463907487,0.49389045045853336,0.33000000000000107,0.3299999999991967,60.00000001581775,-1.0547118733938987e-15,8.03301869467532e-13,-1.58177508195727e-08,-5.273559366969494e-16,4.01650934733766e-13,-2.7607183206157515e-12,-0.15203808988222095,-0.13624908185231377,10.67442816913001
37,-0.25859169537385057,0.4178291987625282,0.49137654019586513,0.3300000000000012,0.32999999999915275,60.000000015836,-1.1657341758564144e-15,8.472667012426882e-13,-1.5836007203444303e-08,-5.828670879282072e-16,4.236333506213441e-13,-2.763904660696426e-12,-0.14535722417785812,-0.14371449799237615,10.67442816921568
38,-0.2739734755381683,0.40468067007138814,0.48870022511544947,0.3300000000000012,0.3299999999991071,60.000000015854205,-1.1657341758564144e-15,8.928968675547821e-13,-1.5854212698441e-08,-5.828670879282072e-16,4.4644843377739107e-13,-2.767082118992903e-12,-0.13990755811501077,-0.14978685258509694,10.6744281694009
39,-0.2888200448223654,0.3908378072240252,0.4859744950579994,0.3300000000000013,0.32999999999905966,60.00000001587234,-1.27675647831893e-15,9.403589018575076e-13,-1.587234186012534e-08,-6.38378239159465e-16,4.701794509287538e-13,-2.7702462546130846e-12,-0.13597743897239772,-0.15462975878534135,10.674428170259064
40,-0.30320751193456424,0.37638211283339945,0.4833200700927727,0.3300000000000013,0.3299999999990103,60.00000001589039,-1.27675647831893e-15,9.897083153020958e-13,-1.589039468849733e-08,-6.38378239159465e-16,4.948541576510479e-13,-2.773397067556971e-12,-0.13316228710860895,-0.15885634658223255,10.674428170077732
41,-0.3171958677238087,0.3613677167249007,0.4808324502277566,0.33000000000000135,0.32999999999895896,60.000000015908405,-1.3322676295501878e-15,1.0410561301910093e-12,-1.5908409350213138e-08,-6.661338147750939e-16,5.205280650955046e-13,-2.7765412191627093e-12,-0.1305709603567531,-0.16318033450186156,10.674428169582555
42,-0.3308066645489066,0.3458186705873288,0.4785641046262875,0.3300000000000014,0.3299999999989054,60.00000001592637,-1.3877787807814457e-15,1.094624391129173e-12,-1.5926373123054044e-08,-6.938893903907228e-16,5.473121955645865e-13,-2.779676488984251e-12,-0.12729825908747677,-0.167965628720588,10.674428169616816
43,-0.34401682746819,0.32973981639303696,0.47652484100641823,0.3300000000000015,0.3299999999988496,60.000000015944295,-1.4988010832439613e-15,1.1504130981165872e-12,-1.594429872923877e-08,-7.494005416219807e-16,5.752065490582936e-13,-2.7828050974676442e-12,-0.12275350472374447,-0.17315072993287936,10.674428169807229
44,-0.3567623769316834,0.3131283222284011,0.4746880446941106,0.3300000000000016,0.32999999999879137,60.00000001596217,-1.609823385706477e-15,1.2086442957581767e-12,-1.5962173446548596e-08,-8.049116928532385e-16,6.043221478790883e-13,-2.785924824166841e-12,-0.11661451399975699,-0.17854320762087253,10.674428169401242
45,-0.3689375804511266,0.29598011729140256,0.47298960675786944,0.33000000000000174,0.3299999999987308,60.00000001598002,-1.7208456881689926e-15,1.269206961751479e-12,-1.598002271942097e-08,-8.604228440844963e-16,6.346034808757395e-13,-2.7890401099739395e-12,-0.10844396316652415,-0.1840053007249308,10.674428169807225
46,-0.3803866338632618,0.2782907529015545,0.47131702109337964,0.33000000000000185,0.32999999999866775,60.000000015997806,-1.8318679906315083e-15,1.3322676295501878e-12,-1.5997808381199714e-08,-9.159339953157541e-16,6.661338147750939e-13,-2.7921442935507914e-12,-0.09754703161743122,-0.18952069779811548,10.674428169401207
47,-0.3909036209793077,0.26005138191244875,0.4695022493335985,0.33000000000000185,0.32999999999860213,60.00000001601548,-1.8318679906315083e-15,1.3978818103055346e-12,-1.6015479543009925e-08,-9.159339953157541e-16,6.989409051527673e-13,-2.7952284931132e-12,-0.08342165758498543,-0.19522719720687304,10.674428169807141
48,-0.40024731222222787,0.2412528393872766,0.4673337602330273,0.330000000000002,0.32999999999853397,60.00000001603302,-1.9984014443252818e-15,1.4660495040175192e-12,-1.6033023482632878e-08,-9.992007221626409e-16,7.330247520087596e-13,-2.7982904882151163e-12,-0.06606000872289436,-0.20103276109306928,10.67442816980706
49,-0.40816765101733576,0.22190416349916878,0.4645883006655198,0.33000000000000207,0.32999999999846324,60.00000001605042,-2.0539125955565396e-15,1.5367707106861417e-12,-1.6050427477849847e-08,-1.0269562977782698e-15,7.683853553430708e-13,-2.8013280584104904e-12,-0.04599183083542716,-0.206323204016038,10.67442816964779
50,-0.4144527567022614,0.2020537495246345,0.46108221092888374,0.3300000000000022,0.3299999999983901,60.00000001606761,-2.1649348980190553e-15,1.6099344080089395e-12,-1.6067615195348474e-08,-1.0824674490095276e-15,8.049672040044697e-13,-2.8043278810230276e-12,-0.024695617611651663,-0.2102113617617502,10.674428169667788
51,-0.41899599382602776,0.18179536918191677,0.45673537097344463,0.3300000000000023,0.32999999999831436,60.00000001608459,-2.275957200481571e-15,1.6856516182883752e-12,-1.608459935734749e-08,-1.1379786002407855e-15,8.428258091441876e-13,-2.807292176498777e-12,-0.0047887714772786305,-0.21210301868457884,10.674428169400697
52,-0.42184655595638026,0.16125027243577492,0.4516150652191212,0.3300000000000024,0.3299999999982359,60.000000016101325,-2.3869795029440866e-15,1.7640888749781425e-12,-1.6101329074971987e-08,-1.1934897514720433e-15,8.820444374890712e-13,-2.810212063053541e-12,0.010990128542793048,-0.21214101687443526,10.674428169840724
53,-0.4232031222169938,0.14053785330833918,0.44592798843168396,0.3300000000000025,0.3299999999981547,60.00000001611781,-2.4980018054066022e-15,1.8453016892294727e-12,-1.6117817070440696e-08,-1.2490009027033011e-15,9.226508446147363e-13,-2.8130897611333695e-12,0.021294241021090843,-0.21102838017100403,10.67442816980631
54,-0.423359543824531,0.11975480585231386,0.43997104094706097,0.3300000000000026,0.3299999999980705,60.000000016134095,-2.609024107869118e-15,1.929512105647291e-12,-1.613410151040979e-08,-1.304512053934559e-15,9.647560528236454e-13,-2.8159319320764098e-12,0.026439159163058605,-0.2094784688938007,10.674428169852147
55,-0.422643786145155,0.09896869937933678,0.4340766907171463,0.33000000000000274,0.329999999997983,60.0000000161502,-2.7200464103316335e-15,2.016997679987753e-12,-1.615020783931672e-08,-1.3600232051658168e-15,1.0084988399938766e-12,-2.8187430167747606e-12,0.027508426821715178,-0.207932441791771,10.674428169163386
56,-0.42136210977482264,0.07822124557554945,0.4285610701093604,0.3300000000000029,0.329999999997892,60.000000016166204,-2.886579864025407e-15,2.108035968007016e-12,-1.6166212390473843e-08,-1.4432899320127035e-15,1.054017984003508e-12,-2.8215363379047175e-12,0.026021533158956778,-0.20657264242323906,10.674428169485076
57,-0.4197455209665197,0.05753612221229787,0.4236705178917734,0.33000000000000307,0.329999999997797,60.00000001618215,-3.0531133177191805e-15,2.203015547763698e-12,-1.6182153330537338e-08,-1.5265566588595902e-15,1.101507773881849e-12,-2.8243185568044283e-12,0.023980511635660617,-0.20539685668647628,10.674428169399203
58,-0.417922113173836,0.036927066729832425,0.4195503556630051,0.33000000000000324,0.32999999999769786,60.00000001619805,-3.219646771412954e-15,2.3021584638627246e-12,-1.6198056103944656e-08,-1.609823385706477e-15,1.1510792319313623e-12,-2.827094114365991e-12,0.023059854229036305,-0.20431563760610705,10.674428169916345
59,-0.41593724524919456,0.016403491285064197,0.4162605752552454,0.33000000000000335,0.3299999999975942,60.00000001621394,-3.3306690738754696e-15,2.405797783211483e-12,-1.621394615513325e-08,-1.6653345369377348e-15,1.2028988916057415e-12,-2.8298674514815048e-12,0.0236160823254143,-0.20324122023454408,10.674428169936046
60,-0.41380153372154904,-0.0040278570245413,0.4138211364134467,0.33000000000000346,0.32999999999748597,60.00000001622982,-3.4416913763379853e-15,2.5140445281124357e-12,-1.6229823484103113e-08,-1.7208456881689926e-15,1.2570222640562179e-12,-2.832638568150969e-12,0.024876799346534383,-0.20216151660872214,10.674428170355716
61,-0.4115103951974521,-0.024363056210657985,0.4122309593704564,0.3300000000000036,0.3299999999973729,60.00000001624569,-3.608224830031759e-15,2.627120743170508e-12,-1.624570081307298e-08,-1.8041124150158794e-15,1.313560371585254e-12,-2.8354096848204338e-12,0.026538015158151036,-0.20110851231289376,10.674428169397567
62,-0.40901039970665787,-0.044597058859753624,0.4114345691931347,0.33000000000000385,0.32999999999725466,60.000000016261545,-3.83026943495679e-15,2.745359495293087e-12,-1.6261552697605393e-08,-1.915134717478395e-15,1.3726797476465435e-12,-2.8381763605977995e-12,0.029873284130858165,-0.1999787739602652,10.674428170255121
63,-0.40617067310854854,-0.0647147227218343,0.4112938256653208,0.33000000000000396,0.3299999999971312,60.0000000162774,-3.941291737419306e-15,2.8688162956314045e-12,-1.627740458213781e-08,-1.970645868709653e-15,1.4344081478157023e-12,-2.8409430363751656e-12,0.036324325151757125,-0.19846206692359236,10.674428170319977
64,-0.40282883643486406,-0.08468634254315151,0.4116343621186191,0.3300000000000041,0.3299999999970023,60.00000001629323,-4.107825191113079e-15,2.997713188790385e-12,-1.6293231022232772e-08,-2.0539125955565396e-15,1.4988565943951926e-12,-2.8437052712604327e-12,0.045134268500231695,-0.19630850392849467,10.674428169236734
65,-0.39888168266371044,-0.10448050645480926,0.41233817794825456,0.33000000000000435,0.3299999999968678,60.00000001630897,-4.3298697960381105e-15,3.132216708223723e-12,-1.6308968406796652e-08,-2.1649348980190553e-15,1.5661083541118614e-12,-2.8464519630233555e-12,0.05359560331911656,-0.19380100122433044,10.67442817031875
66,-0.39432117561384433,-0.1240824643660459,0.4133831727352183,0.3300000000000045,0.3299999999967274,60.00000001632465,-4.496403249731884e-15,3.272604409687574e-12,-1.632465490248563e-08,-2.248201624865942e-15,1.636302204843787e-12,-2.849189773002081e-12,0.059916647001908456,-0.19153477243568182,10.674428169912073
67,-0.3892008191020004,-0.14349670217900376,0.41481150071558737,0.3300000000000046,0.3299999999965809,60.000000016340245,-4.6074255521944e-15,3.4190983377868633e-12,-1.634025234264353e-08,-2.3037127760972e-15,1.7095491688934317e-12,-2.851912039858462e-12,0.06426671923121594,-0.1897622425028837,10.674428169674899
68,-0.3835813397417886,-0.1627347238109911,0.41667401470687493,0.33000000000000485,0.32999999999642804,60.00000001635577,-4.829470157119431e-15,3.5719760482777474e-12,-1.635577344948907e-08,-2.4147350785597155e-15,1.7859880241388737e-12,-2.854620984038547e-12,0.06784099339732194,-0.1882685054303742,10.67442816984515
69,-0.37748929024742,-0.18179995607002133,0.4189861433013777,0.330000000000005,0.32999999999626856,60.00000001637125,-4.9960036108132044e-15,3.731459585765151e-12,-1.6371256389678434e-08,-2.4980018054066022e-15,1.8657297928825756e-12,-2.857323266880485e-12,0.07194713140729726,-0.1866205705544493,10.67442816979824
70,-0.370907933133346,-0.20068105233760272,0.42171741679539193,0.33000000000000523,0.32999999999610197,60.00000001638666,-5.218048215738236e-15,3.898048550610156e-12,-1.6386662996555443e-08,-2.609024107869118e-15,1.949024275305078e-12,-2.860012227046127e-12,0.07723074893381264,-0.18451445620848958,10.674428169797343
71,-0.36380535983834417,-0.2193598219878851,0.42482122280985884,0.3300000000000054,0.3299999999959281,60.000000016402026,-5.384581669432009e-15,4.071909476266455e-12,-1.6402031436776275e-08,-2.6922908347160046e-15,2.0359547381332277e-12,-2.8626945258736215e-12,0.08318744383828065,-0.1820667420989976,10.674428169390398
72,-0.35617055118892216,-0.23782552416842453,0.42827379266096416,0.3300000000000056,0.32999999999574653,60.00000001641733,-5.6066262743570405e-15,4.2534864519439e-12,-1.6417336265903477e-08,-2.8033131371785203e-15,2.12674322597195e-12,-2.8653657224708697e-12,0.08876691143063001,-0.17968544751121282,10.674428169795386
73,-0.34801132628802295,-0.25607416458480264,0.43207159243874543,0.33000000000000596,0.32999999999555696,60.00000001643257,-5.9396931817445875e-15,4.443057033398645e-12,-1.643257748393705e-08,-2.9698465908722937e-15,2.2215285166993226e-12,-2.8680258168378715e-12,0.09382862821006611,-0.17742162966650588,10.674428169203193
74,-0.3393295304194084,-0.2740960550391596,0.43620313800187893,0.3300000000000062,0.329999999995359,60.000000016447736,-6.161737786669619e-15,4.641009798689311e-12,-1.644774236865827e-08,-3.0808688933348094e-15,2.3205048993446553e-12,-2.870672588528578e-12,0.09901128126610222,-0.1749280720962366,10.674428169387173
75,-0.33011950516710625,-0.29187379560306953,0.44064634374009903,0.3300000000000065,0.32999999999515234,60.00000001646284,-6.494804694057166e-15,4.8476778147232835e-12,-1.6462843642285856e-08,-3.247402347028583e-15,2.4238389073616418e-12,-2.8733082579890378e-12,0.10442560480899671,-0.17208057486182832,10.674428169791954
76,-0.320380864882064,-0.30938835597855047,0.4453819185796496,0.3300000000000068,0.3299999999949365,60.00000001647789,-6.772360450213455e-15,5.063505170710414e-12,-1.6477894027038542e-08,-3.3861802251067274e-15,2.531752585355207e-12,-2.875935045665301e-12,0.10972075361428538,-0.16900473269129532,10.674428169790675
77,-0.3101187484327751,-0.3266192790814824,0.4503929302256177,0.3300000000000071,0.3299999999947111,60.00000001649286,-7.105427357601002e-15,5.288935955860552e-12,-1.649286807847887e-08,-3.552713678800501e-15,2.644467977930276e-12,-2.8785485106652686e-12,0.11483560832523479,-0.1656910280030125,10.67442817057746
78,-0.2993324908643471,-0.3435376741700427,0.45565126320599275,0.3300000000000074,0.3299999999944757,60.00000001650776,-7.382983113757291e-15,5.524303237081085e-12,-1.6507765796606848e-08,-3.6914915568786455e-15,2.7621516185405426e-12,-2.881148652988941e-12,0.12009253513077682,-0.16189163055010428,10.67442817057602
79,-0.2880054550156594,-0.3600982364559477,0.46110506613727487,0.3300000000000078,0.32999999999422985,60.00000001652262,-7.771561172376096e-15,5.770162125884326e-12,-1.6522625348078645e-08,-3.885780586188048e-15,2.885081062942163e-12,-2.8837421339744654e-12,0.1258885183595214,-0.15725619079692987,10.674428169897837
80,-0.2761048501950904,-0.37623651035555,0.46667740466598034,0.3300000000000082,0.32999999999397317,60.00000001653742,-8.1601392309949e-15,6.026845689177662e-12,-1.6537421288456815e-08,-4.08006961549745e-15,3.013422844588831e-12,-2.8863245127297433e-12,0.13238932421616428,-0.1515293433154794,10.674428169378746
81,-0.2635922495344297,-0.3918744423029552,0.472277939930369,0.3300000000000085,0.32999999999370505,60.000000016552136,-8.493206138382448e-15,6.2949645496246376e-12,-1.655214089552263e-08,-4.246603069191224e-15,3.1474822748123188e-12,-2.888893568808726e-12,0.13940590954198667,-0.144704673922644,10.67442816978305
82,-0.250435277380644,-0.4069293344127578,0.4778172363596045,0.33000000000000895,0.32999999999342494,60.00000001656675,-8.93729534823251e-15,6.5750738187375646e-12,-1.6566758724838632e-08,-4.468647674116255e-15,3.2875369093687823e-12,-2.8914448613193144e-12,0.1466050563773452,-0.1369446582204901,10.67442816978126
83,-0.23661263792767614,-0.42131949638435473,0.4832138847970533,0.33000000000000934,0.32999999999313245,60.00000001658133,-9.325873406851315e-15,6.867562074575062e-12,-1.6581338387498462e-08,-4.6629367034256575e-15,3.433781037287531e-12,-2.8939894924917555e-12,0.15375863151049088,-0.128391249824378,10.67442816981358
84,-0.22211438370417128,-0.43496685292634907,0.48839631713694975,0.3300000000000098,0.32999999999282703,60.00000001659577,-9.769962616701378e-15,7.172984428649443e-12,-1.6595778105752306e-08,-4.884981308350689e-15,3.5864922143247213e-12,-2.8965096987576547e-12,0.16074688688080446,-0.11914143872909681,10.67442816997441
85,-0.2069397702203496,-0.44779736817411275,0.4933016840053488,0.33000000000001023,0.329999999992508,60.000000016610166,-1.021405182655144e-14,7.492007014775481e-12,-1.6610166935131247e-08,-5.10702591327572e-15,3.746003507387741e-12,-2.8990210232393567e-12,0.1675278509121656,-0.10924552227881196,10.67442816936928
86,-0.19109305874605095,-0.45973784653040917,0.4978709116159928,0.3300000000000107,0.32999999999217494,60.00000001662446,-1.0658141036401503e-14,7.825073922163028e-12,-1.6624466708979107e-08,-5.329070518200751e-15,3.912536961081514e-12,-2.901516804598714e-12,0.17414940118733216,-0.09863725609529701,10.674428170561217
87,-0.1745789386047902,-0.4707098722363548,0.5020414222204583,0.3300000000000112,0.32999999999182694,60.00000001663866,-1.1157741397482823e-14,8.173073329231784e-12,-1.663866470507716e-08,-5.578870698741412e-15,4.086536664615892e-12,-2.9039948223896773e-12,0.18071407030826908,-0.08712302855118616,10.674428169364752
88,-0.15739908485035048,-0.4806229595960391,0.5057399541291786,0.3300000000000117,0.32999999999146346,60.00000001665279,-1.1657341758564144e-14,8.53656034749406e-12,-1.6652799090081586e-08,-5.828670879282072e-15,4.26828017374703e-12,-2.9064617379503945e-12,0.18733232185178256,-0.0744223121839998,10.674428170556427
89,-0.13954993770708743,-0.48936735077166366,0.5088758091276578,0.3300000000000122,0.32999999999108376,60.000000016666824,-1.2156942119645464e-14,8.916256621915863e-12,-1.66668316973362e-08,-6.078471059822732e-15,4.458128310957932e-12,-2.9089108899427173e-12,0.19410831717171065,-0.0601743341281276,10.674428169877197
90,-0.12102160228519739,-0.49680540323293076,0.5113333911462378,0.3300000000000127,0.32999999999068713,60.00000001668077,-1.2712053631958042e-14,9.3128837974632e-12,-1.6680775249059738e-08,-6.356026815979021e-15,4.6564418987316e-12,-2.911344498812696e-12,0.2011310807200641,-0.04389928794428766,10.674428169357
91,-0.1017990968946097,-0.5027611056395477,0.5129637272482905,0.33000000000001334,0.3299999999902728,60.000000016694635,-1.3322676295501878e-14,9.727219030253309e-12,-1.669464246747092e-08,-6.661338147750939e-15,4.8636095151266545e-12,-2.9137647850063787e-12,0.20842235317534966,-0.02496885612430276,10.674428169871636
92,-0.08186871588796797,-0.50700954644287,0.5135768363403372,0.33000000000001395,0.32999999998984003,60.000000016708405,-1.3933298959045715e-14,1.0159983965252195e-11,-1.6708407908132293e-08,-6.966649479522857e-15,5.0799919826260975e-12,-2.9161673076316674e-12,0.2158209077742006,-0.0026483039563483524,10.674428169166047
93,-0.061232817701765745,-0.5092724372604072,0.5129404188761625,0.3300000000000146,0.3299999999893879,60.00000001672207,-1.459943277382081e-14,1.061212229203079e-11,-1.672207157104386e-08,-7.299716386910404e-15,5.306061146015395e-12,-2.9185520666885622e-12,0.2228210493849522,0.023700591492923362,10.674428170542152
94,-0.03993367124758273,-0.5092314034362361,0.5107947927934942,0.3300000000000153,0.32999999998891555,60.00000001673567,-1.5265566588595902e-14,1.1084466677857563e-11,-1.67356716228618e-08,-7.632783294297951e-15,5.5422333389287814e-12,-2.920925723515211e-12,0.22846725746122953,0.054168579881519144,10.67442816986219
95,-0.01808057212112936,-0.5065729229067976,0.5068954855890547,0.33000000000001595,0.32999999998842205,60.000000016749155,-1.5931700403370996e-14,1.1577960812303445e-11,-1.6749157174711203e-08,-7.965850201685498e-15,5.7889804061517225e-12,-2.9232793963274163e-12,0.2314565536173542,0.08765856175053507,10.674428170535368
96,0.0041285757845854025,-0.5010723627401904,0.5010893711106293,0.3300000000000166,0.3299999999879064,60.0000000167626,-1.659783421814609e-14,1.2093603896090599e-11,-1.676260455990443e-08,-8.298917109073045e-15,6.0468019480452995e-12,-2.925626407801474e-12,0.23039928390642622,0.12132079319988648,10.674428169855076
97,0.02639859197012952,-0.49271402129552483,0.4934207053207357,0.3300000000000174,0.32999999998736756,60.000000016775985,-1.73749903353837e-14,1.2632450641092419e-11,-1.677598833400403e-08,-8.68749516769185e-15,6.316225320546209e-12,-2.9279623170452853e-12,0.22412042171797686,0.15026497760119922,10.674428170527893
98,0.04836273270204003,-0.48181446592639493,0.4842356177423819,0.33000000000001817,0.32999999998680424,60.00000001678938,-1.815214645262131e-14,1.3195777803787223e-11,-1.6789384830322353e-08,-9.076073226310655e-15,6.5978889018936115e-12,-2.9303004467351456e-12,0.21250431340084583,0.1682905452619663,10.674428169769955
99,0.06967128020960177,-0.46905023217900216,0.474196380831002,0.33000000000001906,0.3299999999862151,60.000000016802815,-1.9040324872321435e-14,1.3784917651804562e-11,-1.6802819493296855e-08,-9.520162436160717e-15,6.892458825902281e-12,-2.9326452377631542e-12,0.19778829984068086,0.17115149963322568,10.674428169843011
100,0.09011345712095452,-0.45529625966371495,0.4641283434763051,0.3300000000000199,0.3299999999855989,60.00000001681639,-1.9872992140790302e-14,1.4401091430471524e-11,-1.6816394100677343e-08,-9.936496070395151e-15,7.200545715235762e-12,-2.9350144536977043e-12,0.18420645520186138,0.1606336297369111,10.674428169826745
101,0.10967736132842766,-0.44135370381153693,0.4547771052462166,0.33000000000002083,0.3299999999849544,60.00000001683011,-2.0816681711721685e-14,1.504563140741766e-11,-1.6830108652463812e-08,-1.0408340855860843e-14,7.52281570370883e-12,-2.937408094538796e-12,0.17514601231742438,0.14382583638242763,10.674428169919501
102,0.12850423599749686,-0.4277656895012898,0.44665067310350515,0.3300000000000217,0.32999999998428015,60.00000001684397,-2.170486013142181e-14,1.5719869850272516e-11,-1.6843975870874993e-08,-1.0852430065710905e-14,7.859934925136258e-12,-2.9398283807324787e-12,0.1710713907944855,0.1276075071239523,10.674428170235103
103,0.14679460880787193,-0.41479741898381367,0.44000631355775977,0.3300000000000227,0.329999999983575,60.00000001685795,-2.270406085358445e-14,1.6425028004363185e-11,-1.6857957589254706e-08,-1.1352030426792226e-14,8.212514002181592e-12,-2.942268650940605e-12,0.17038535140077418,0.11522201667665713,10.674428169909534
104,0.16473362790630744,-0.4025070378209446,0.4349127310835647,0.3300000000000238,0.3299999999828375,60.00000001687202,-2.375877272697835e-14,1.7162493648470445e-11,-1.68720283631655e-08,-1.1879386363489175e-14,8.581246824235222e-12,-2.944724464271076e-12,0.1711919377056509,0.10708639335441661,10.674428170224639
105,0.1824550291396815,-0.3908242697798084,0.4313159485890621,0.33000000000002483,0.32999999998206647,60.00000001688617,-2.481348460037225e-14,1.7933543539072616e-11,-1.6886175470388652e-08,-1.2406742300186124e-14,8.966771769536308e-12,-2.947193600277842e-12,0.17213626214885921,0.10265004090416079,10.674428169766964
106,0.20003373587961626,-0.3796071021336427,0.4290862937455098,0.33000000000002594,0.3299999999812603,60.00000001690036,-2.5923707624997405e-14,1.8739731988404174e-11,-1.690036074426798e-08,-1.2961853812498703e-14,9.369865994202087e-12,-2.9496693976227564e-12,0.1724575292189826,0.10130766724557815,10.674428170123148
107,0.2174937233738735,-0.36868020775145016,0.42805211749818906,0.3300000000000271,0.3299999999804174,60.000000016914576,-2.708944180085382e-14,1.9582613308699592e-11,-1.6914584184803484e-08,-1.354472090042691e-14,9.791306654349796e-12,-2.952151856305818e-12,0.17182975920998134,0.1024959009957829,10.674428170116995
108,0.23482294933916817,-0.357864516702098,0.4280290058521405,0.3300000000000283,0.3299999999795362,60.00000001692885,-2.8310687127941492e-14,2.046379732334458e-11,-1.6928858514213893e-08,-1.4155343563970746e-14,1.023189866167229e-11,-2.954643196773077e-12,0.17024115731037454,0.10556216606046996,10.674428169839889
109,0.25199083248504056,-0.3470014658728969,0.42884658909036805,0.3300000000000296,0.32999999997861507,60.000000016943126,-2.958744360626042e-14,2.138494936687607e-11,-1.69431328436243e-08,-1.479372180313021e-14,1.0692474683438036e-11,-2.9571345372403357e-12,0.1679141656720901,0.10973556982171469,10.674428170169207
110,0.2689612122516492,-0.33596514969775626,0.43036346906691847,0.33000000000003094,0.32999999997765195,60.000000016957465,-3.091971123581061e-14,2.2348067840738395e-11,-1.695747078412834e-08,-1.5459855617905305e-14,1.1174033920369197e-11,-2.959636979937841e-12,0.16509538548315858,0.11440601982321157,10.67442816982604
111,0.2856918541654852,-0.3246536797178822,0.43245791389553057,0.3300000000000324,0.32999999997664503,60.00000001697184,-3.236300116782331e-14,2.335498461292218e-11,-1.697184689128855e-08,-1.6181500583911657e-14,1.167749230646109e-11,-2.9621460839734936e-12,0.16171253590688933,0.11953495524240375,10.67442816941262
112,0.3021226724455357,-0.31296862998348557,0.4350028420129831,0.3300000000000338,0.3299999999755923,60.00000001698627,-3.3806291099836017e-14,2.4407698084871754e-11,-1.6986273887323673e-08,-1.6903145549918008e-14,1.2203849042435877e-11,-2.9646640697933435e-12,0.15731229801207125,0.12556735828269727,10.674428169470266
113,0.3181666980263182,-0.30080438086435946,0.43785080025068013,0.3300000000000354,0.3299999999744917,60.000000017000744,-3.5360603334311236e-14,2.5508317680333903e-11,-1.7000751772233692e-08,-1.7680301667155618e-14,1.2754158840166951e-11,-2.9671909373973906e-12,0.1514150928248044,0.13282381016815248,10.674428169836906
114,0.3337179612329491,-0.28806121109043065,0.4408479771807531,0.33000000000003704,0.3299999999733408,60.000000017015275,-3.702593787124897e-14,2.665923037881157e-11,-1.7015280546018617e-08,-1.8512968935624485e-14,1.3329615189405786e-11,-2.9697266867856344e-12,0.1440148433360076,0.14093984635120696,10.674428170064822
115,0.3486832389654815,-0.27467792636230565,0.44387832157715845,0.3300000000000387,0.32999999997213747,60.00000001702993,-3.8691272408186705e-14,2.7862545604051547e-11,-1.7029936541990804e-08,-1.9345636204093353e-14,1.3931272802025774e-11,-2.9722846406343705e-12,0.1359797829296025,0.14876886287901359,10.67442816981944
116,0.36302345554880233,-0.2606589602206368,0.4469106429946559,0.3300000000000405,0.3299999999708793,60.00000001704468,-4.0467629247586956e-14,2.9120705846708006e-11,-1.7044681593494068e-08,-2.0233814623793478e-14,1.4560352923354003e-11,-2.9748581376054516e-12,0.12881740568485373,0.15502222773255753,10.674428170046518
117,0.3767723940614027,-0.2460723517554142,0.4500100434714777,0.33000000000004226,0.32999999996956364,60.000000017059534,-4.2243986086987206e-14,3.043637564204005e-11,-1.7059541144965865e-08,-2.1121993043493603e-14,1.5218187821020024e-11,-2.977451618590976e-12,0.12369289680910886,0.1591110722016535,10.67442816942548
118,0.3900165903106509,-0.2310212016024011,0.4533031395295684,0.33000000000004415,0.3299999999681881,60.0000000170745,-4.413136522884997e-14,3.1811941969550617e-11,-1.707450247418747e-08,-2.2065682614424986e-14,1.5905970984775308e-11,-2.9800628631448945e-12,0.12066464301418385,0.16135080757841572,10.674428169349797
119,0.40284896554482136,-0.2156052819482286,0.4569167611770308,0.33000000000004615,0.3299999999667497,60.00000001708955,-4.6129766673175254e-14,3.325029140910374e-11,-1.7089552858940155e-08,-2.3064883336587627e-14,1.662514570455187e-11,-2.9826896508211576e-12,0.1187145953231485,0.162670484901948,10.674428169327197
120,0.41532399471904036,-0.19989000137392088,0.4609230231162765,0.33000000000004825,0.329999999965246,60.000000017104675,-4.823919041996305e-14,3.475403298480728e-11,-1.7104679577005197e-08,-2.4119595209981526e-14,1.737701649240364e-11,-2.985329761173716e-12,0.11641221700990856,0.16413789387940195,10.674428169930843
121,0.4274370313905287,-0.183895474577246,0.46531705467770934,0.3300000000000504,0.32999999996367374,60.000000017119866,-5.040412531798211e-14,3.63262753211302e-11,-1.7119869906163866e-08,-2.5202062658991053e-14,1.81631376605651e-11,-2.987980973756521e-12,0.11268387498442461,0.1664610131551475,10.674428169540612
122,0.43912067945921174,-0.16760014153242123,0.4700178492040567,0.3300000000000527,0.32999999996203,60.00000001713513,-5.268008251846368e-14,3.797001602023897e-11,-1.713513656863489e-08,-2.634004125923184e-14,1.8985008010119486e-11,-2.9906455090156214e-12,0.10681741328797247,0.1699721429049098,10.674428169785708
123,0.4502358975201748,-0.1509454850038933,0.474865141760119,0.3300000000000551,0.3299999999603114,60.00000001715048,-5.5067062021407764e-14,3.9688641262358715e-11,-1.715047956441827e-08,-2.7533531010703882e-14,1.9844320631179357e-11,-2.9933233669510172e-12,0.09788881376276473,0.1749307799048455,10.674428170290284
124,0.4605773900192593,-0.13385503750553138,0.47963392630480184,0.3300000000000576,0.32999999995851453,60.00000001716591,-5.756506382681437e-14,4.14854817165633e-11,-1.7165911615732732e-08,-2.8782531913407183e-14,2.074274085828165e-11,-2.996016768008758e-12,0.08536132854695372,0.18107293094623056,10.674428170276775
125,0.4699236461638998,-0.11627336542818023,0.4840947518120489,0.33000000000006013,0.3299999999566357,60.00000001718149,-6.011857678345223e-14,4.336431214113645e-11,-1.7181496333671903e-08,-3.0059288391726113e-14,2.1682156070568226e-11,-2.9987368144190897e-12,0.07024037984266612,0.18727862761640562,10.67442817026265
126,0.47809254416875085,-0.09818963148223327,0.4880713928518714,0.3300000000000629,0.3299999999546711,60.000000017197216,-6.289413434501512e-14,4.53289072943619e-11,-1.719722099601706e-08,-3.144706717250756e-14,2.266445364718095e-11,-3.0014812857359632e-12,0.054217290120051775,0.19255211639317937,10.674428169204647
127,0.4849552239672519,-0.07963212604368926,0.49144973776711437,0.33000000000006574,0.32999999995261675,60.00000001721317,-6.572520305780927e-14,4.738326397912829e-11,-1.721317465829928e-08,-3.2862601528904634e-14,2.3691631989564144e-11,-3.004265725081723e-12,0.038148373170151975,0.19662972254584135,10.67442816978027
128,0.49043145989397496,-0.06065616198771128,0.4941681766775508,0.33000000000006874,0.3299999999504686,60.00000001722931,-6.872280522429719e-14,4.95314345094755e-11,-1.7229319153862387e-08,-3.4361402612148595e-14,2.476571725473775e-11,-3.0070834711182217e-12,0.02241200225906587,0.1995236749663733,10.674428170216121
129,0.49450697457187487,-0.04133572800314638,0.49623158939126294,0.3300000000000718,0.3299999999482222,60.00000001724569,-7.177591854201637e-14,5.177780426635081e-11,-1.724569264936256e-08,-3.5887959271008185e-14,2.5888902133175407e-11,-3.0099411851836066e-12,0.008071650973118575,0.20124197151247564,10.67442816968167
130,0.4972466424538377,-0.02175034676056173,0.49772211224318674,0.33000000000007507,0.3299999999458732,60.000000017262266,-7.505107646466058e-14,5.412681414185272e-11,-1.726226970036235e-08,-3.752553823233029e-14,2.706340707092636e-11,-3.01283442638578e-12,-0.0037730797522358903,0.20203591511277197,10.674428169655716
131,0.4987526732619429,-0.0019711698151592036,0.49875656847441574,0.33000000000007845,0.329999999943417,60.000000017279085,-7.843725668976731e-14,5.6583016050382184e-11,-1.7279088473517927e-08,-3.9218628344883655e-14,2.8291508025191092e-11,-3.0157698560628887e-12,-0.013724556975615441,0.20231366918623994,10.674428169856112
132,0.4991019603087891,0.017940503390283257,0.49942429701204255,0.33000000000008206,0.32999999994084867,60.000000017296095,-8.204548151979907e-14,5.915135048439879e-11,-1.7296098079954394e-08,-4.1022740759899534e-14,2.9575675242199395e-11,-3.0187385924307365e-12,-0.023497817294233246,0.20220831145515425,10.674428170552092
133,0.49831967754147355,0.03792454193804667,0.4997607146487695,0.33000000000008584,0.32999999993816315,60.0000000173133,-8.58202398035246e-14,6.183686895866458e-11,-1.731329851967175e-08,-4.29101199017623e-14,3.091843447933229e-11,-3.021740635489323e-12,-0.03422612333690518,0.2015289101315882,10.674428170014245
134,0.49638998131108436,0.05791306624552125,0.4997568776795141,0.3300000000000897,0.3299999999353553,60.000000017330684,-8.970602038971265e-14,6.464473401024406e-11,-1.7330689792669994e-08,-4.4853010194856324e-14,3.232236700512203e-11,-3.0247759852386482e-12,-0.04606994310891401,0.19998991080113937,10.67442816982193
135,0.493283888022194,0.07782829933104897,0.499385861192581,0.3300000000000937,0.32999999993241935,60.00000001734827,-9.370282327836321e-14,6.758066328771406e-11,-1.7348271898949123e-08,-4.6851411639181606e-14,3.379033164385703e-11,-3.027844641678712e-12,-0.05851019758722649,0.19744220234298723,10.67442816937959
136,0.4889886808147817,0.0975881113452614,0.4986314966394678,0.330000000000098,0.3299999999293497,60.00000001736604,-9.797718192317006e-14,7.065031892850016e-11,-1.736604483850914e-08,-4.898859096158503e-14,3.532515946425008e-11,-3.0309466048095146e-12,-0.0706980635062526,0.19397162847790586,10.67442817046487
137,0.48352556538311514,0.11711306089582459,0.49750622248515675,0.33000000000010243,0.3299999999261401,60.00000001738402,-1.0241807402167069e-13,7.385991818154025e-11,-1.7384021333568773e-08,-5.1209037010835345e-14,3.6929959090770126e-11,-3.0340840950771055e-12,-0.08188234621587924,0.18976937135362765,10.674428170440477
138,0.4769541513271734,0.13633231067773968,0.4960562079068822,0.33000000000010715,0.3299999999227843,60.00000001740217,-1.071365218763276e-13,7.721573380692348e-11,-1.7402175939690565e-08,-5.35682609381638e-14,3.860786690346174e-11,-3.0372526715893854e-12,-0.09157444179244083,0.1850595032171759,10.674428170480395
139,0.46937005905160506,0.1551934809692113,0.4943614759155978,0.330000000000112,0.32999999991927553,60.000000017420504,-1.1196599203344704e-13,8.072448265394883e-11,-1.7420508656874523e-08,-5.598299601672352e-14,4.036224132697441e-11,-3.040452334346355e-12,-0.09947008121357012,0.18025651480418844,10.674428170473826
140,0.4608914990106893,0.17367114579090948,0.49252679190136206,0.33000000000011703,0.3299999999156071,60.00000001743904,-1.170175067954915e-13,8.43929370830665e-11,-1.7439044929558092e-08,-5.850875339774575e-14,4.219646854153325e-11,-3.043687524240113e-12,-0.10565651493386283,0.17582818725542498,10.674428170123916
141,0.451632841675158,0.19176151661687113,0.49065741911722976,0.3300000000001223,0.32999999991177165,60.000000017457715,-1.22291066162461e-13,8.82283690550878e-11,-1.7457721146647645e-08,-6.11455330812305e-14,4.41141845275439e-11,-3.0469471390404123e-12,-0.11078884356293539,0.17186684835892674,10.674428170331165
142,0.44167534490155064,0.20946330845310832,0.4888271554261544,0.3300000000001278,0.3299999999077618,60.00000001747653,-1.2778667013435552e-13,9.22382170642777e-11,-1.7476537308143184e-08,-6.389333506717776e-14,4.611910853213885e-11,-3.0502311787472537e-12,-0.11588122129110295,0.1679510752686319,10.674428170300606
143,0.43104965079130736,0.2267560594366501,0.48705452665851034,0.33000000000013363,0.3299999999035696,60.000000017495466,-1.336153410136376e-13,9.64304192052623e-11,-1.7495467969607256e-08,-6.68076705068188e-14,4.821520960263115e-11,-3.053535202468538e-12,-0.12184821229052327,0.16338322327236127,10.674428169973396
144,0.4197463345490577,0.24359254846009606,0.4853084740993647,0.3300000000001396,0.3299999998991867,60.00000001751452,-1.3961054534661343e-13,1.0081330215072626e-10,-1.7514525853258582e-08,-6.980527267330672e-14,5.040665107536313e-11,-3.0568614306503152e-12,-0.12884434550255994,0.1577187778320683,10.674428170025514
145,0.40775767088436776,0.25991945680002176,0.48355397029521197,0.33000000000014595,0.3299999998946046,60.000000017533694,-1.4593881658697683e-13,1.053954146179592e-10,-1.7533698236878445e-08,-7.296940829348841e-14,5.26977073089796e-11,-3.0602076428465354e-12,-0.13587807650374736,0.15137886745029813,10.674428170422463
146,0.39511852941799747,0.27571395007134486,0.48180580585271593,0.33000000000015256,0.32999999988981416,60.00000001755299,-1.525446435834965e-13,1.1018586043576306e-10,-1.7552997842685568e-08,-7.627232179174825e-14,5.509293021788153e-11,-3.063576059503248e-12,-0.14156923003615135,0.14552191444569054,10.674428170545058
147,0.38190543346516503,0.2909958568781054,0.48013576083274445,0.3300000000001595,0.32999999988480594,60.000000017572404,-1.5948353748740374e-13,1.1519407649984714e-10,-1.757241194846122e-08,-7.974176874370187e-14,5.759703824992357e-11,-3.066964460174404e-12,-0.1455232308790107,0.14085871722767493,10.674428170347616
148,0.36819761650449695,0.3057996830065532,0.47862608675927915,0.3300000000001667,0.32999999987957007,60.00000001759192,-1.6669998714746725e-13,1.204299437951306e-10,-1.759192783198668e-08,-8.334999357373363e-14,6.02149718975653e-11,-3.070370624413954e-12,-0.14862165978941072,0.1368830454570393,10.674428170112959
149,0.35403820170058387,0.32013464971896727,0.47731461554625493,0.3300000000001743,0.3299999998740963,60.00000001761153,-1.7430501486614958e-13,1.2590373188459125e-10,-1.761153277104322e-08,-8.715250743307479e-14,6.295186594229563e-11,-3.073792331775849e-12,-0.15213143104808152,0.13240961408322283,10.674428170071097
150,0.33942434314618714,0.33396537154860834,0.4761740796324603,0.33000000000018226,0.32999999986837386,60.000000017631194,-1.8224310949221945e-13,1.316261544204167e-10,-1.763120132119339e-08,-9.112155474610972e-14,6.581307721020835e-11,-3.0772251413679897e-12,-0.15674227305514843,0.12654150436491318,10.674428170112845
151,0.3243316623221557,0.34722803993821366,0.4751403360103061,0.3300000000001906,0.3299999998623914,60.00000001765099,-1.9056978217690812e-13,1.3760859118860935e-10,-1.765099709353082e-08,-9.528489108845406e-14,6.880429559430468e-11,-3.080680155420623e-12,-0.16209932786501502,0.11937210362843588,10.674428171373565
152,0.3087521516727568,0.35987206319891835,0.474168528092706,0.33000000000019925,0.32999999985613715,60.00000001767085,-1.9922952176898434e-13,1.4386286606438148e-10,-1.7670856476961877e-08,-9.961476088449217e-14,7.193143303219074e-11,-3.084146271703503e-12,-0.16715446908578516,0.11200517959925377,10.674428170282486
153,0.2927066523482624,0.37188249330064777,0.4732586746721425,0.33000000000020824,0.32999999984959866,60.000000017690816,-2.082223282684481e-13,1.5040135803445764e-10,-1.7690817638142745e-08,-1.0411116413422405e-13,7.520067901722882e-11,-3.0876301515547768e-12,-0.17132806233039294,0.10532046064109765,10.674428170232385
154,0.2762226843737457,0.38325423737294245,0.47242224950456524,0.3300000000002177,0.3299999998427632,60.00000001771089,-2.1765922397776194e-13,1.5723683466362104e-10,-1.771089329929214e-08,-1.0882961198888097e-13,7.861841733181052e-11,-3.0911340154204935e-12,-0.17507061491223508,0.09881476670270344,10.67442817096254
155,0.2593148109582307,0.3939593949573459,0.4716441201345152,0.33000000000022756,0.3299999998356171,60.00000001773104,-2.2754020889692583e-13,1.6438289618392332e-10,-1.7731045293753894e-08,-1.1377010444846292e-13,8.219144809196166e-11,-3.094651201962506e-12,-0.17896986111165863,0.09149789112648037,10.67442817021923
156,0.24199126185873976,0.4039522335727746,0.4708897724780382,0.33000000000023794,0.3299999998281465,60.000000017751255,-2.3792079417717105e-13,1.7185353140547477e-10,-1.7751260899309278e-08,-1.1896039708858552e-13,8.592676570273738e-11,-3.098179490734765e-12,-0.1829345902875597,0.08330761021146287,10.674428170773146
157,0.22426957602206868,0.41319718807966455,0.4701369576687841,0.3300000000002487,0.32999999982033645,60.00000001777155,-2.4868995751603507e-13,1.7966356180565413e-10,-1.7771552838177014e-08,-1.2434497875801753e-13,8.983178090282706e-11,-3.101721102183319e-12,-0.18650671556745488,0.07499891586958538,10.6744281705808
158,0.20618123795979107,0.42168521677992143,0.4693922932232285,0.33000000000026,0.3299999998121717,60.000000017791955,-2.599587212159804e-13,1.8782830846220122e-10,-1.7791959277013283e-08,-1.299793606079902e-13,9.391415423110061e-11,-3.1052826976463168e-12,-0.18943859922013687,0.06721868484772958,10.674428170872785
159,0.1877662115629458,0.4294303343434777,0.46868599537329036,0.33000000000027174,0.3299999998036361,60.00000001781241,-2.7172708527700706e-13,1.9636392512012435e-10,-1.7812416604724457e-08,-1.3586354263850353e-13,9.818196256006217e-11,-3.1088531748935112e-12,-0.1917729917749046,0.060116582445822075,10.674428170773018
160,0.1690662124243837,0.43645877084819623,0.4680594436968932,0.33000000000028407,0.3299999997947128,60.000000017832946,-2.840505608503463e-13,2.0528723165824658e-10,-1.7832950265747987e-08,-1.4202528042517315e-13,1.0264361582912329e-10,-3.112436974817001e-12,-0.19364935535888173,0.05356180700758428,10.67442817054405
161,0.1501209317948831,0.4428013486748705,0.46755676505772875,0.330000000000297,0.3299999997853843,60.00000001785356,-2.9698465908722937e-13,2.1461571408920577e-10,-1.785356026008387e-08,-1.4849232954361469e-13,1.0730785704460288e-10,-3.1160340974167868e-12,-0.19517604108344264,0.04742240911232679,10.674428171226307
162,0.13096679100343878,0.448491011068266,0.4672220963896869,0.3300000000003105,0.3299999997756322,60.00000001787421,-3.1047386883642503e-13,2.2436780211521068e-10,-1.787420842107593e-08,-1.5523693441821251e-13,1.1218390105760534e-10,-3.11963788135472e-12,-0.19641481169299868,0.041661930490744264,10.674428171229586
163,0.11163653799491206,0.45356228455001685,0.46709898584959475,0.3300000000003246,0.32999999976543737,60.00000001789491,-3.245737012491645e-13,2.345626470834361e-10,-1.7894920193161622e-08,-1.6228685062458226e-13,1.1728132354171805e-10,-3.1232527675228996e-12,-0.19741181515039155,0.03628366021242745,10.674428171853801
164,0.09215870306811486,0.4580489731616412,0.4672280903002632,0.3300000000003393,0.32999999975477956,60.00000001791568,-3.3928415632544784e-13,2.452204550529302e-10,-1.7915682854122214e-08,-1.6964207816272392e-13,1.226102275264651e-10,-3.126876535475276e-12,-0.19822192736081792,0.031226572479932463,10.67442817106923
165,0.07255685512604977,0.46197781576351876,0.46764088730928377,0.3300000000003547,0.32999999974363775,60.00000001793648,-3.5466074521650626e-13,2.5636226475000967e-10,-1.7936483681738985e-08,-1.7733037260825313e-13,1.2818113237500484e-10,-3.1305069647658004e-12,-0.19891211644343526,0.02627201912465163,10.674428170953329
166,0.052849223937551516,0.46535803324751795,0.4683493776859317,0.3300000000003708,0.3299999997319901,60.00000001795732,-3.7075897907357103e-13,2.6800989205710835e-10,-1.7957322676011936e-08,-1.8537948953678551e-13,1.3400494602855417e-10,-3.1341440553944722e-12,-0.19954458763495728,0.021000922089480786,10.674428170863713
167,0.03304969112665189,0.46816965248627507,0.4693347479067437,0.33000000000038765,0.3299999997198136,60.00000001797817,-3.876343690478734e-13,2.8018642961313844e-10,-1.797817439250361e-08,-1.938171845239367e-13,1.4009321480656922e-10,-3.1377833664691934e-12,-0.20013969929822775,0.014848899998571679,10.674428170501715
168,0.013171215194595812,0.47035656476405396,0.47054094287994114,0.33000000000040525,0.3299999997070842,60.0000000179991,-4.0523140398818214e-13,2.9291580272428064e-10,-1.799910244230764e-08,-2.0261570199409107e-13,1.4645790136214032e-10,-3.1414360002202103e-12,-0.20062676548074404,0.007292627021623917,10.674428171597869
169,-0.006768390917925992,0.47183113919893094,0.47187968279358966,0.3300000000004236,0.3299999996937769,60.000000018020025,-4.236055950457285e-13,3.0622310243089146e-10,-1.8020030492111668e-08,-2.1180279752286424e-13,1.5311155121544573e-10,-3.1450886339712272e-12,-0.20082243200261798,-0.0018754719856061523,10.674428170564608
170,-0.02674113280581943,0.47249385993512444,0.47324997185433776,0.3300000000004429,0.3299999996798654,60.00000001804099,-4.4286796452297494e-13,3.201346410186545e-10,-1.8040996708571877e-08,-2.2143398226148747e-13,1.6006732050932726e-10,-3.1487479290603916e-12,-0.20050058697080556,-0.012316045607334573,10.674428171651595
171,-0.046708661249914324,0.4722619996560718,0.4745662180928082,0.33000000000046303,0.3299999996653224,60.00000001806198,-4.630185124199215e-13,3.3467761895167314e-10,-1.8061988369469537e-08,-2.3150925620996077e-13,1.6733880947583657e-10,-3.1524116650416546e-12,-0.19955363741884963,-0.02319215981291102,10.674428172057056
172,-0.06662799207555224,0.471088804607161,0.4757772074765917,0.330000000000484,0.32999999965011906,60.000000018083014,-4.84001727585337e-13,3.498809575397388e-10,-1.8083018197023374e-08,-2.420008637926685e-13,1.749404787698694e-10,-3.156082062361065e-12,-0.19806869715891712,-0.03369642845243479,10.674428171207113
173,-0.08645672187386781,0.468958752722149,0.47686169537077416,0.330000000000506,0.32999999963422566,60.000000018104046,-5.059841434729151e-13,3.6577435524876023e-10,-1.810404802457721e-08,-2.5299207173645755e-13,1.8288717762438012e-10,-3.159752459680476e-12,-0.19617327401217155,-0.043627178359103416,10.674428170889986
174,-0.106153004474678,0.46586863301684006,0.4778096311168081,0.330000000000529,0.32999999961761056,60.00000001812507,-5.289657600826558e-13,3.8238945343493924e-10,-1.8125077852131047e-08,-2.644828800413279e-13,1.9119472671746962e-10,-3.163422856999887e-12,-0.19387239139951243,-0.05330277952662828,10.674428171279404
175,-0.1256723235773883,0.46181251177316046,0.4786066536766651,0.330000000000553,0.32999999960024134,60.0000000181461,-5.530020885657905e-13,3.997586706105949e-10,-1.8146107679684883e-08,-2.7650104428289524e-13,1.9987933530529745e-10,-3.1670932543192975e-12,-0.19106404273797953,-0.06310124833205147,10.674428172452016
176,-0.14496403615284362,0.45677602883259993,0.47922741187645257,0.3300000000005781,0.3299999995820837,60.000000018167135,-5.78093128922319e-13,4.179163126671881e-10,-1.816713750723872e-08,-2.890465644611595e-13,2.0895815633359405e-10,-3.1707636516387084e-12,-0.18760630678514456,-0.07323993566608565,10.674428172140972
177,-0.16396906283971277,0.4507377975755633,0.47963571148508444,0.3300000000006043,0.3299999995631017,60.00000001818815,-6.042943923034727e-13,4.368982953195655e-10,-1.818815461257383e-08,-3.0214719615173635e-13,2.1844914765978274e-10,-3.17443182851207e-12,-0.18336092946822422,-0.0837564399547254,10.674428172473396
178,-0.18261966528513995,0.4436751710319034,0.4797891198631387,0.33000000000063173,0.3299999995432581,60.00000001820916,-6.317169010117141e-13,4.5674192206135444e-10,-1.8209158995690216e-08,-3.1585845050585704e-13,2.2837096103067722e-10,-3.1780977849393823e-12,-0.17823612548717507,-0.09452882212437805,10.674428171236073
179,-0.20084239892097142,0.435572285519656,0.4796466252535791,0.33000000000066043,0.3299999995225138,60.00000001823012,-6.604161661982744e-13,4.774862172318706e-10,-1.8230125212150425e-08,-3.302080830991372e-13,2.387431086159353e-10,-3.1817570800285468e-12,-0.17224373080096583,-0.10530156438941532,10.674428172374357
180,-0.21856551005970656,0.4264290215593876,0.4791790819889328,0.3300000000006904,0.32999999950082787,60.00000001825105,-6.903921878631536e-13,4.991721480607225e-10,-1.8251053261954454e-08,-3.451960939315768e-13,2.4958607403036126e-10,-3.1854097137795633e-12,-0.1655732531216603,-0.11570813672305365,10.674428173315619
181,-0.23573122782880498,0.41626953210166384,0.4783822061174664,0.3300000000007217,0.3299999994781576,60.0000000182719,-7.21700477157583e-13,5.218424026232071e-10,-1.8271904978446128e-08,-3.608502385787915e-13,2.6092120131160357e-10,-3.189049024854285e-12,-0.1586513323993552,-0.1253068228510723,10.674428172814222
182,-0.25231028607100847,0.405147455540408,0.4772891588839003,0.33000000000075447,0.32999999945445846,60.00000001829272,-7.544520563840251e-13,5.455415563737631e-10,-1.8292718528281624e-08,-3.7722602819201256e-13,2.7277077818688156e-10,-3.192681674590858e-12,-0.15210186012771862,-0.1336811313615058,10.674428172582035
183,-0.26831137196293625,0.3931430443068358,0.4759752573521861,0.3300000000007888,0.3299999994296836,60.00000001831345,-7.887579478449425e-13,5.703164052128784e-10,-1.831345574480477e-08,-3.9437897392247123e-13,2.851582026064392e-10,-3.1963010016511363e-12,-0.1465248374127455,-0.14063192135629735,10.674428173222951
184,-0.2837767042705502,0.3803488391936334,0.47454658081435974,0.3300000000008246,0.3299999994037843,60.00000001833411,-8.245626403891038e-13,5.962156879313341e-10,-1.8334116628015553e-08,-4.122813201945519e-13,2.9810784396566703e-10,-3.1999070060351188e-12,-0.14215240610872448,-0.1463705749899159,10.674428173179832
185,-0.2987614882648832,0.3668475666393607,0.47311263354455896,0.33000000000086205,0.3299999993767094,60.00000001835472,-8.620326674702028e-13,6.232906413217165e-10,-1.835472662235144e-08,-4.310163337351014e-13,3.1164532066085826e-10,-3.2035041286349044e-12,-0.1386350459666783,-0.15151096583421364,10.674428173242287
186,-0.3133071887734249,0.35269491792289415,0.47175745851628414,0.33000000000090113,0.32999999934840546,60.000000018375296,-9.011125179370083e-13,6.515945560892078e-10,-1.8375298450031146e-08,-4.5055625896850415e-13,3.257972780446039e-10,-3.2070945898965422e-12,-0.1352117237501994,-0.15672526428236888,10.674428173754423
187,-0.32742278622303617,0.3379179729444541,0.47052549067712035,0.33000000000094204,0.32999999931881685,60.0000000183958,-9.420242363944453e-13,6.811831654296441e-10,-1.839580666661722e-08,-4.710121181972227e-13,3.4059158271482204e-10,-3.2106739489279335e-12,-0.13112023645431659,-0.162336362563617,10.67442817368273
188,-0.34107944068778395,0.32252546703722523,0.46942290287913285,0.3300000000009848,0.32999999928788504,60.00000001841626,-9.847678228425139e-13,7.121149780964231e-10,-1.8416263994328395e-08,-4.923839114212569e-13,3.5605748904821155e-10,-3.214244426175128e-12,-0.12585787500057488,-0.16828814741052595,10.674428173840292
189,-0.35421124531001497,0.30651842243388533,0.46842197813022113,0.3300000000010295,0.32999999925554924,60.0000000184367,-1.0295098107349077e-12,7.444507788001431e-10,-1.843670859982084e-08,-5.147549053674538e-13,3.7222538940007155e-10,-3.217812682976273e-12,-0.11907154989684315,-0.17440968227581646,10.674428173567271
190,-0.36671025835239374,0.2898962239860378,0.46745720046036554,0.3300000000010763,0.32999999922174555,60.00000001845707,-1.076305711222858e-12,7.782544608758712e-10,-1.8457076872000933e-08,-5.38152855611429e-13,3.891272304379356e-10,-3.221367617101123e-12,-0.11022499356049051,-0.18057557418347142,10.674428173700264
191,-0.37841826316736565,0.2726565891068296,0.4664139765079689,0.33000000000112517,0.3299999991864075,60.000000018477365,-1.1251555243063649e-12,8.135925266827826e-10,-1.8477368810868673e-08,-5.625777621531824e-13,4.067962633413913e-10,-3.2249092285496774e-12,-0.09862318951016383,-0.18680319885697988,10.674428175081754
192,-0.38912947504654083,0.25479288230255914,0.46512488776891114,0.3300000000011763,0.32999999914946554,60.00000001849755,-1.1762812945903534e-12,8.505344761822187e-10,-1.8497558971986602e-08,-5.881406472951767e-13,4.2526723809110933e-10,-3.2284330764298374e-12,-0.08385361695643781,-0.1931987462939627,10.674428174901466
193,-0.398606479878666,0.23630169737166637,0.4633849565771335,0.3300000000012297,0.3299999991108469,60.00000001851762,-1.2296830220748234e-12,8.891531400045949e-10,-1.8517621910917273e-08,-6.148415110374117e-13,4.4457657000229744e-10,-3.2319347198495052e-12,-0.06597188389003991,-0.1995530055965825,10.674428176383376
194,-0.4066083289750882,0.2172025649514552,0.46098512710650946,0.3300000000012855,0.3299999990704755,60.00000001853751,-1.2854717290622375e-12,9.295245129159468e-10,-1.853751946100451e-08,-6.427358645311188e-13,4.647622564579734e-10,-3.2354074974705326e-12,-0.045598190464460064,-0.20517676561933346,10.674428175083552
195,-0.4129398905167119,0.197556885061037,0.45776421443246723,0.3300000000013439,0.329999999028272,60.000000018557195,-1.3438694601575207e-12,9.717280313736865e-10,-1.8557200733373407e-08,-6.719347300787604e-13,4.858640156868432e-10,-3.238842527508723e-12,-0.024342239137584765,-0.20920957320880584,10.67442817527815
196,-0.4175168246884105,0.17746994557531046,0.4536693514889413,0.33000000000140484,0.3299999989841532,60.000000018576664,-1.4048207042094418e-12,1.015846795571207e-09,-1.8576665728023962e-08,-7.024103521047209e-13,5.079233977856035e-10,-3.242239809964076e-12,-0.004828036418731238,-0.21116545208091494,10.674428175611435
197,-0.4204084469709241,0.15707048519332692,0.44879215635232694,0.3300000000014687,0.32999999893803234,60.000000018595884,-1.4686585281253883e-12,1.0619676804601852e-09,-1.859588900051873e-08,-7.343292640626942e-13,5.309838402300926e-10,-3.2455949039444933e-12,0.010407721255840281,-0.21128675806561992,10.674428176663143
198,-0.4218246459740939,0.1364819436255966,0.4433546581316026,0.3300000000015353,0.32999999888981835,60.00000001861486,-1.5352719096028977e-12,1.1101816688174893e-09,-1.8614870550857703e-08,-7.676359548014489e-13,5.550908344087446e-10,-3.2489078094499747e-12,0.020264553152976233,-0.21029731001118412,10.674428176167048
199,-0.42206182697854205,0.11580349870054918,0.43766041185347443,0.330000000001605,0.32999999883941616,60.000000018633656,-1.6049939155493576e-12,1.1605838512451783e-09,-1.8633661267915788e-08,-8.024969577746788e-13,5.802919256225891e-10,-3.2521874082647175e-12,0.025138609925676528,-0.20888219425433194,10.674428177019559
200,-0.4214449470641901,0.0951048319380547,0.432042558625772,0.3300000000016779,0.32999999878672626,60.00000001865227,-1.677880057115999e-12,1.2132737592374099e-09,-1.8652273873911713e-08,-8.389400285579995e-13,6.066368796187049e-10,-3.2554359208347706e-12,0.026096887248835264,-0.2074585104985013,10.674428177232576
201,-0.4202716420378228,0.07442989951962829,0.4268115076279807,0.33000000000175406,0.32999999873164454,60.000000018670804,-1.7540413566052848e-12,1.2683554762027427e-09,-1.8670810146595282e-08,-8.770206783026424e-13,6.341777381013713e-10,-3.2586711107285282e-12,0.024716302877344828,-0.20619552282247025,10.67442817682782
202,-0.41875959132650564,0.053804869038658144,0.42220203606828943,0.33000000000183366,0.3299999986740624,60.00000001868924,-1.8336443474709085e-12,1.3259376374641363e-09,-1.8689244641529044e-08,-9.168221737354543e-13,6.629688187320681e-10,-3.261888537053892e-12,0.023024573095325077,-0.20508592626884975,10.674428177356482
203,-0.41702475709841536,0.03324604393071965,0.4183478785293833,0.3300000000019169,0.32999999861386625,60.000000018707674,-1.9169110743177953e-12,1.3861337633258586e-09,-1.8707679136462806e-08,-9.584555371588976e-13,6.930668816629293e-10,-3.2651059633792555e-12,0.022546624338924896,-0.20404345904177582,10.67442817815384
204,-0.41510807516520104,0.0127651058906559,0.41530430047828526,0.3300000000020039,0.32999999855093726,60.00000001872607,-2.0038970482971763e-12,1.449062758673847e-09,-1.8726075464740392e-08,-1.0019485241485881e-12,7.245313793369235e-10,-3.2683167283664717e-12,0.02340993245168787,-0.2029920154833572,10.674428177237136
205,-0.41302229942955404,-0.007629637466424847,0.41309276342480905,0.33000000000209484,0.3299999984851513,60.000000018744466,-2.0948243140139766e-12,1.5148486909311032e-09,-1.8744471793017977e-08,-1.0474121570069883e-12,7.574243454655516e-10,-3.2715274933536875e-12,0.024803279413217163,-0.20193622430100225,10.674428178488023
206,-0.4107617415377333,-0.027932961378089427,0.4117104062839091,0.33000000000218993,0.32999999841637884,60.000000018762854,-2.1899149160731213e-12,1.5836211786357524e-09,-1.8762855399076838e-08,-1.0949574580365606e-12,7.918105893178762e-10,-3.2747360378948543e-12,0.02668382922890847,-0.200900118723401,10.67442817896984
207,-0.4082633985229769,-0.04813761765798621,0.4110915139081778,0.33000000000228935,0.3299999983444841,60.000000018781236,-2.289335387928304e-12,1.6555158910414036e-09,-1.8781239005135694e-08,-1.144667693964152e-12,8.277579455207018e-10,-3.277944582436021e-12,0.03053174968271014,-0.19974431805751938,10.67442817974836
208,-0.4053877902904072,-0.06822501601318569,0.4110886927738814,0.33000000000239327,0.3299999982693256,60.000000018799604,-2.3932522630332187e-12,1.730674437094848e-09,-1.879960988897583e-08,-1.1966261315166093e-12,8.65337218547424e-10,-3.2811509065311383e-12,0.03755893740798311,-0.19813796530885994,10.67442817999
209,-0.4019784366956509,-0.0881630298495426,0.4115329675743254,0.33000000000250196,0.32999999819075504,60.00000001881793,-2.5019430971440215e-12,1.8092449760587215e-09,-1.881792988394106e-08,-1.2509715485720108e-12,9.046224880293607e-10,-3.2843483488420587e-12,0.04654759439855082,-0.1958944995903798,10.674428180097442
210,-0.39794980567772975,-0.10792147768020811,0.4123240148034341,0.33000000000261553,0.3299999981086177,60.0000000188362,-2.615518912563175e-12,1.8913823285338083e-09,-1.8836198990031386e-08,-1.3077594562815875e-12,9.456911642669041e-10,-3.2875369093687823e-12,0.05473611671968856,-0.19339460484032914,10.674428181027164
211,-0.3933091785658947,-0.12748876953167745,0.4134555554118,0.3300000000027343,0.3299999980227516,60.00000001885439,-2.7342572650468355e-12,1.97724842054825e-09,-1.8854391762809358e-08,-1.3671286325234178e-12,9.88624210274125e-10,-3.2907121472192105e-12,0.06068617997630085,-0.1912126123332575,10.674428181511942
212,-0.3881159955846176,-0.1468712871765625,0.41497614512829434,0.3300000000028584,0.32999999793298757,60.00000001887249,-2.858380199199928e-12,2.0670124500909992e-09,-1.8872495480056248e-08,-1.429190099599964e-12,1.0335062250454996e-09,-3.2938718419472936e-12,0.06482480009971107,-0.18951377829502805,10.674428182494086
213,-0.3824279668222912,-0.16607975216018478,0.41693360848631505,0.33000000000298824,0.3299999978391485,60.000000018890546,-2.98822078192984e-12,2.160851497734484e-09,-1.8890548308428233e-08,-1.49411039096492e-12,1.080425748867242e-09,-3.29702265489118e-12,0.06842668918103657,-0.1880234210732367,10.674428181863926
214,-0.37626422986256164,-0.1851148770913821,0.41933553199630497,0.33000000000312385,0.32999999774104943,60.000000018908544,-3.123834524387803e-12,2.258950582145758e-09,-1.890855024792532e-08,-1.5619172621939015e-12,1.129475291072879e-09,-3.300164586050869e-12,0.07273722753665111,-0.18630664808853833,10.674428183438067
215,-0.3696030873827015,-0.2039630006886485,0.4221461214469967,0.3300000000032657,0.32999999763849686,60.00000001892647,-3.2656655157836667e-12,2.361503159686862e-09,-1.8926475854110046e-08,-1.6328327578918334e-12,1.180751579843431e-09,-3.3032931945342627e-12,0.07821755360159859,-0.18411787151409145,10.674428183713237
216,-0.3624148841471786,-0.22260631923556295,0.4253211981726496,0.330000000003414,0.3299999975312888,60.00000001894435,-3.4139913118735876e-12,2.4687112354371266e-09,-1.894435057141987e-08,-1.7069956559367938e-12,1.2343556177185633e-09,-3.3064129212334592e-12,0.08418011665396825,-0.18165440096075017,10.674428183934065
217,-0.35469384486240285,-0.24103590638374014,0.42884266549575667,0.33000000000356894,0.32999999741921365,60.00000001896218,-3.5689229349600282e-12,2.5807863623938943e-09,-1.896218712207352e-08,-1.7844614674800141e-12,1.2903931811969471e-09,-3.3095259865945083e-12,0.08964323399693187,-0.17930880551105752,10.674428185025272
218,-0.3464485638706236,-0.25924753421230207,0.43270762808526536,0.330000000003731,0.32999999730205065,60.00000001897993,-3.73095998540407e-12,2.697949363916763e-09,-1.8979934617196083e-08,-1.865479992702035e-12,1.3489746819583814e-09,-3.3126235088332122e-12,0.09468511641447547,-0.17703056082775215,10.674428186092209
219,-0.3376790170273956,-0.277229809741181,0.4369021468815638,0.3300000000039003,0.32999999717956874,60.000000018997625,-3.900268996659406e-12,2.820431277417157e-09,-1.899763122344375e-08,-1.950134498329703e-12,1.4102156387085785e-09,-3.3157121492877194e-12,0.09992833829935144,-0.17447120162934548,10.674428186592147
220,-0.32837984721705943,-0.29496459393135294,0.4414039371498483,0.33000000000407737,0.3299999970515264,60.000000019015275,-4.077349569087119e-12,2.9484736319140836e-09,-1.901527694081651e-08,-2.0386747845435593e-12,1.4742368159570418e-09,-3.3187919079580297e-12,0.10534956733581907,-0.17157304399838372,10.674428187051792
221,-0.3185522203646713,-0.31243281273096,0.44619477761426257,0.33000000000426244,0.32999999691767123,60.00000001903285,-4.262423747292132e-12,3.0823287811010402e-09,-1.9032859047095638e-08,-2.131211873646066e-12,1.5411643905505201e-09,-3.3218605643980936e-12,0.1106069328383513,-0.16846232888272222,10.674428188198315
222,-0.30820128396670654,-0.3296131087676826,0.45125694776947495,0.33000000000445595,0.3299999967777394,60.00000001905036,-4.455935620484297e-12,3.22226062499098e-09,-1.905036482006241e-08,-2.2279678102421485e-12,1.61113031249549e-09,-3.324915898161862e-12,0.11571992004302487,-0.16508476256642485,10.674428188814748
223,-0.29732414274044056,-0.3464741595145641,0.45655885608282915,0.3300000000046583,0.32999999663145485,60.00000001906781,-4.658273766722232e-12,3.3685451650278253e-09,-1.9067819704154286e-08,-2.329136883361116e-12,1.6842725825139127e-09,-3.3279623501414334e-12,0.12104952492293926,-0.16116145070569105,10.674428188949417
224,-0.2859010053481741,-0.3629672149213441,0.462043919954428,0.33000000000486973,0.32999999647852934,60.000000019085206,-4.869715741762093e-12,3.5214706706199195e-09,-1.9085210977152527e-08,-2.4348578708810464e-12,1.7607353353099597e-09,-3.3309976998907586e-12,0.12697128446259365,-0.15634399613194633,10.674428190685378
225,-0.2738971563430053,-0.37902477878686486,0.4676317303041107,0.33000000000509083,0.3299999963186614,60.00000001910252,-5.090816657116193e-12,3.6813386228295997e-09,-1.9102525916838415e-08,-2.5454083285580964e-12,1.8406693114147998e-09,-3.3340197269637884e-12,0.13358842768598378,-0.15041416935900567,10.67442819104367
226,-0.26127457977842694,-0.39456735468103793,0.47323123673145834,0.3300000000053219,0.3299999961515357,60.00000001911979,-5.321909579691919e-12,3.8484643249958594e-09,-1.9119789967649397e-08,-2.6609547898459596e-12,1.9242321624979297e-09,-3.337032872252621e-12,0.14066274203191548,-0.1434093729434751,10.674428192277453
227,-0.24800272951547797,-0.4095121328038021,0.47875415482337713,0.33000000000556357,0.3299999959768227,60.00000001913696,-5.5635496210015845e-12,4.0231772913124075e-09,-1.9136964962929302e-08,-2.7817748105007922e-12,2.0115886456562038e-09,-3.340030474419109e-12,0.14786822225803858,-0.13549916656129962,10.674428193132046
228,-0.23406240374317003,-0.42377791334559717,0.48412077902686557,0.33000000000581614,0.3299999957941784,60.00000001915406,-5.8161253591038076e-12,4.2058216354057265e-09,-1.915406362489685e-08,-2.9080626795519038e-12,2.1029108177028633e-09,-3.3430147539093014e-12,0.15500101960801715,-0.1268145285285422,10.674428194848733
229,-0.2194455248738267,-0.43728737275886714,0.4892612643174419,0.3300000000060802,0.3299999956032423,60.00000001917107,-6.080191905510901e-12,4.39675773566961e-09,-1.9171073231333317e-08,-3.0400959527554505e-12,2.198378867834805e-09,-3.3459834902771493e-12,0.16195502762415273,-0.1174471011336667,10.674428195406792
230,-0.20415259342564362,-0.4499669422972401,0.494113884203575,0.3300000000063562,0.32999999540363806,60.000000019188015,-6.356193349432715e-12,4.596361957709405e-09,-1.9188019226676154e-08,-3.1780966747163575e-12,2.2981809788547025e-09,-3.3489411244147506e-12,0.1687038746546447,-0.10743159830268788,10.67442819657298
231,-0.1881882726526319,-0.4617429664424775,0.49861948720751,0.33000000000664476,0.32999999519497214,60.00000001920486,-6.644740313532793e-12,4.805027875587342e-09,-1.9204863444269186e-08,-3.3223701567663966e-12,2.402513937793671e-09,-3.351880994983958e-12,0.17530895864266818,-0.09667751561244974,10.674428197132846
232,-0.17155693795622062,-0.4725353627245938,0.5027140857248561,0.33000000000694646,0.32999999497683336,60.00000001922162,-6.9464434204746794e-12,5.023166660400591e-09,-1.922163132854986e-08,-3.4732217102373397e-12,2.5115833302002954e-09,-3.35480754287687e-12,0.1818770051766486,-0.0849726460149179,10.67442819894369
233,-0.15425948369534312,-0.4822507547067219,0.5063218134004861,0.3300000000072618,0.3299999947487913,60.00000001923831,-7.261802270619455e-12,5.251208690104647e-09,-1.9238310157299454e-08,-3.6309011353097276e-12,2.6256043450523237e-09,-3.357718547647437e-12,0.1885173324461952,-0.07202381948815281,10.674428200677797
234,-0.13629127888367734,-0.49077509916085366,0.5093481232478373,0.3300000000075915,0.3299999945103967,60.0000000192549,-7.591482997781895e-12,5.489603327468728e-09,-1.9254899930517967e-08,-3.795741498890948e-12,2.744801663734364e-09,-3.3606140092956595e-12,0.19533289430158696,-0.05745233555467776,10.674428202164256
235,-0.1176413522926699,-0.497964739021681,0.5116721304489614,0.33000000000793617,0.32999999426117926,60.00000001927142,-7.936151735776775e-12,5.738820751943763e-09,-1.9271426092642853e-08,-3.968075867888388e-12,2.8694103759718814e-09,-3.3634983687136356e-12,0.20240610742791063,-0.04075329143112765,10.674428203822018
236,-0.09829430567773317,-0.5036356717977355,0.5131380520248172,0.33000000000829643,0.32999999400064783,60.000000019287846,-8.296419107267639e-12,5.999352181706996e-09,-1.9287850477017932e-08,-4.148209553633819e-12,2.999676090853498e-09,-3.3663649645632177e-12,0.2097366000409115,-0.02127282911582771,10.67442820482074
237,-0.07823795244231264,-0.5075534860188108,0.5135481655815867,0.33000000000867313,0.32999999372828875,60.00000001930418,-8.673117779522954e-12,6.271711261440771e-09,-1.9304185805861926e-08,-4.336558889761477e-12,3.1358556307203855e-09,-3.369216017290455e-12,0.2171140201653488,0.0017279574054295255,10.674428206289855
238,-0.05747982805538273,-0.5094310659742131,0.5126635754692344,0.3300000000090668,0.32999999344356495,60.00000001932044,-9.066802864055035e-12,6.55643506153325e-09,-1.9320444801393568e-08,-4.533401432027517e-12,3.278217530766625e-09,-3.372053747341397e-12,0.22395590407103602,0.028829666644982183,10.674428208408125
239,-0.036072237121890054,-0.5089465574326187,0.5102232889760049,0.3300000000094785,0.32999999314591505,60.000000019336596,-9.478473561586043e-12,6.854084966256835e-09,-1.9336602019175402e-08,-4.739236780793021e-12,3.4270424831284174e-09,-3.374873713823945e-12,0.22923012875457155,0.05996048367914056,10.674428210264377
240,-0.01413895514854893,-0.5057950168042319,0.5059925978477213,0.3300000000099088,0.32999999283475234,60.000000019352676,-9.908796005930753e-12,7.1652476729688885e-09,-1.9352682903644883e-08,-4.954398002965377e-12,3.5826238364844443e-09,-3.3776803576301975e-12,0.2315989439963869,0.09374615497559555,10.67442821253119
241,0.008104848948465132,-0.49977947453455096,0.4998451877756845,0.3300000000103587,0.3299999925094632,60.0000000193687,-1.0358658375508867e-11,7.490536801935122e-09,-1.9368700177020734e-08,-5.1793291877544334e-12,3.745268400967561e-09,-3.3804758992062033e-12,0.2296835571890229,0.12698212766021505,10.674428214090675
242,0.030347813917406874,-0.49093545990831905,0.4918725603293584,0.33000000001082896,0.3299999921694062,60.00000001938467,-1.0828948848740083e-11,7.830593840019162e-09,-1.9384679283740405e-08,-5.4144744243700416e-12,3.915296920009581e-09,-3.383264779444062e-12,0.22241007003424842,0.15443783458168714,10.674428216038832
243,0.052217865883260585,-0.47964643608141005,0.4824804754215453,0.33000000001132057,0.3299999918139107,60.00000001940068,-1.1320555604044102e-11,8.186089306416733e-09,-1.940068383489753e-08,-5.660277802022051e-12,4.093044653208366e-09,-3.386058100574019e-12,0.2099992162530098,0.16994045295138419,10.674428217786978
244,0.07338157394630045,-0.46664157468726913,0.4723761368035546,0.33000000001183455,0.32999999144227565,60.00000001941676,-1.1834533353294319e-11,8.557724362479036e-09,-1.941676471936701e-08,-5.917266676647159e-12,4.278862181239518e-09,-3.388864744380271e-12,0.1951557228979447,0.17008482384331625,10.6744282199908
245,0.09366237790591392,-0.4528024755310438,0.46238806524610016,0.33000000001237184,0.3299999910537683,60.00000001943295,-1.2371825786061663e-11,8.946231699891172e-09,-1.9432960103805022e-08,-6.1859128930308316e-12,4.473115849945586e-09,-3.3916913722009667e-12,0.18220694384939728,0.15785653934406657,10.674428222217248
246,0.11308150418202874,-0.4388928321972793,0.4532265931542625,0.3300000000129335,0.3299999906476224,60.00000001944932,-1.293348761421953e-11,9.352377594584738e-09,-1.944932087708647e-08,-6.466743807109765e-12,4.676188797292369e-09,-3.3945468658203027e-12,0.17408545014606394,0.14074246414675304,10.674428224122101
247,0.13179769921676673,-0.42540370297915847,0.44535260639993274,0.3300000000135207,0.3299999902230372,60.0000000194658,-1.3520684571943775e-11,9.776962794916244e-09,-1.9465808872555177e-08,-6.7603422859718876e-12,4.888481397458122e-09,-3.397424563900131e-12,0.17076022138180685,0.12507929614939292,10.67442822660885
248,0.1500130697300436,-0.4125571812495939,0.43898445176388784,0.33000000001413454,0.32999998977917566,60.00000001948241,-1.4134526882259024e-11,1.0220824353535107e-08,-1.9482411367992416e-08,-7.067263441129512e-12,5.110412176767554e-09,-3.400322245994403e-12,0.1704677996318953,0.11347104256255541,10.674428229438188
249,0.16790520902472703,-0.4003833378785033,0.4341646881868319,0.3300000000147763,0.3299999893151629,60.000000019499126,-1.4776291301643596e-11,1.0684837126184732e-08,-1.949912836339819e-08,-7.388145650821798e-12,5.342418563092366e-09,-3.4032399121031176e-12,0.1713793311795397,0.10604260534641166,10.67442823274941
250,0.18559731088000944,-0.388795648793606,0.43082295473515786,0.33000000001544716,0.3299999888300838,60.00000001951588,-1.5447143564273347e-11,1.1169916214193165e-08,-1.9515883525460138e-08,-7.723571782136673e-12,5.5849581070965826e-09,-3.4061642395499803e-12,0.1722534783000195,0.10219995750435293,10.674428235806138
251,0.20315435687457697,-0.37764373615127117,0.4288198738064899,0.33000000001614843,0.32999998832298233,60.000000019532685,-1.6148415937777827e-11,1.1677017686118063e-08,-1.953268957639699e-08,-8.074207968888913e-12,5.8385088430590315e-09,-3.40909744878104e-12,0.1724191565288798,0.10135100943012697,10.674428237650632
252,0.220592677507477,-0.3667496092109724,0.4279794448642583,0.3300000000168815,0.3299999877928586,60.00000001954954,-1.6881496200937818e-11,1.2207141408815403e-08,-1.954954651620875e-08,-8.440748100468909e-12,6.1035707044077014e-09,-3.412039539796297e-12,0.17161294788997633,0.1029262696887084,10.674428240393913
253,0.23789565336180696,-0.3559363001843119,0.4281179646748517,0.33000000001764795,0.3299999872386674,60.00000001956642,-1.7647938665987795e-11,1.2761332601751718e-08,-1.9566428900457958e-08,-8.823969332993897e-12,6.380666300875859e-09,-3.4149860717036517e-12,0.1698717137098866,0.10624733894827389,10.674428244205588
254,0.25503105315208524,-0.345050729238417,0.42906974237275824,0.33000000001844915,0.32999998665931624,60.00000001958335,-1.844913111170854e-11,1.3340683779894391e-08,-1.9583349451363343e-08,-9.22456555585427e-12,6.6703418899471956e-09,-3.417939264949155e-12,0.16744388974146457,0.11054182090764028,10.674428248007601
255,0.27196212001558523,-0.33397250532527467,0.4306983039630087,0.3300000000192867,0.32999998605366265,60.00000001960033,-1.9286683361485757e-11,1.3946337362735761e-08,-1.960033361336236e-08,-9.643341680742878e-12,6.973168681367881e-09,-3.420903560424904e-12,0.1645429003433974,0.11527747503374888,10.674428251361318
256,0.2886444324948384,-0.3226018700799169,0.43288286520642844,0.33000000002016233,0.32999998542051245,60.00000001961734,-2.0162316261007618e-11,1.4579487561672266e-08,-1.9617343219798826e-08,-1.0081158130503809e-11,7.289743780836133e-09,-3.4238722967927515e-12,0.16101885582666314,0.1205292835384817,10.674428255239384
257,0.30501345364254,-0.3108393143660451,0.43549315294101115,0.33000000002107766,0.32999998475861747,60.0000000196344,-2.1077639633659828e-11,1.524138254493934e-08,-1.9634403715110195e-08,-1.0538819816829914e-11,7.62069127246967e-09,-3.426849914944796e-12,0.15638008040737816,0.1267703680705856,10.67442825895026
258,0.3209775859190991,-0.2985785753155155,0.43837857646091194,0.3300000000220346,0.32999998406667264,60.00000001965154,-2.2034596369735482e-11,1.5933327379702433e-08,-1.965154054373392e-08,-1.1017298184867741e-11,7.966663689851217e-09,-3.4298408557731366e-12,0.1501939157721613,0.13423166836051162,10.674428263255024
259,0.3364301731575432,-0.285724144573491,0.4413882057815633,0.330000000023035,0.32999998334331354,60.00000001966875,-2.303496282607398e-11,1.6656686474547655e-08,-1.966875370567e-08,-1.151748141303699e-11,8.328343237273828e-09,-3.432845119277772e-12,0.14258982149499974,0.14239711355498583,10.674428267392317
260,0.3512848320447035,-0.2722251963839589,0.4444182610682875,0.3300000000240807,0.329999982587114,60.00000001968608,-2.4080681892968414e-11,1.741288602197244e-08,-1.9686081367574614e-08,-1.2040340946484207e-11,8.70644301098622e-09,-3.435869366796851e-12,0.13459492734155853,0.1500282223370106,10.674428272227475
261,0.36551519192901755,-0.2580985938238396,0.4474552934816504,0.33000000002517393,0.32999998179658313,60.00000001970348,-2.5173918505316806e-11,1.8203416884965407e-08,-1.9703485362791583e-08,-1.2586959252658403e-11,9.101708442482703e-09,-3.4389069369922256e-12,0.12773662210997375,0.15591129424807465,10.67442827694562
262,0.3791669590769668,-0.24342122884770692,0.4505790469045381,0.3300000000263168,0.3299999809701621,60.000000019720986,-2.6316782086865942e-11,1.902983792767543e-08,-1.9720991135758357e-08,-1.3158391043432971e-11,9.514918963837715e-09,-3.441962270755994e-12,0.1230171742975643,0.15962477280147824,10.674428280689883
263,0.3923315627610489,-0.22829843370845226,0.4539209512373927,0.3300000000275116,0.32999998010622167,60.00000001973862,-2.7511604105967535e-11,1.9893778346879998e-08,-1.973862413091239e-08,-1.3755802052983768e-11,9.946889173439999e-09,-3.4450398089802547e-12,0.12027888935051148,0.16162132186523126,10.67442828647483
264,0.40509784798797904,-0.21282565827763622,0.4576013846851875,0.3300000000287607,0.3299999792030585,60.000000019756314,-2.8760660519822068e-11,2.079694150225464e-08,-1.9756320737160056e-08,-1.4380330259911034e-11,1.039847075112732e-08,-3.448128449434762e-12,0.11836875493567431,0.16289396111109683,10.6744282916713
265,0.4175104643112147,-0.19706040591113247,0.461679316611895,0.33000000003006635,0.329999978258892,60.00000001977413,-3.006633830793248e-11,2.1741108024997402e-08,-1.977413184337625e-08,-1.503316915396624e-11,1.0870554012498701e-08,-3.4512370739037123e-12,0.1158738888127396,0.1644769854975859,10.674428297041112
266,0.42955380697502116,-0.18101498093493193,0.4661361350610007,0.33000000003143143,0.3299999772718605,60.00000001979199,-3.1431413027860344e-11,2.2728139537075975e-08,-1.979199383846735e-08,-1.5715706513930172e-11,1.1364069768537988e-08,-3.45435458015686e-12,0.11181704125131305,0.16699161065476398,10.674428303542452
267,0.4411485441919842,-0.16466082327724568,0.47087708031401077,0.33000000003285845,0.32999997624001803,60.0000000198099,-3.285843819256229e-11,2.3759981981896772e-08,-1.9809906722433352e-08,-1.6429219096281145e-11,1.1879990990948386e-08,-3.4574809681942044e-12,0.10547991174320855,0.17074533914469076,10.674428308840827
268,0.4521422500755681,-0.14793403514966197,0.47572796119111915,0.3300000000343502,0.3299999751613302,60.000000019827944,-3.435018935959988e-11,2.4838669843152417e-08,-1.9827946828586614e-08,-1.717509467979994e-11,1.2419334921576208e-08,-3.4606295606920414e-12,0.09591299439026642,0.1759625922399358,10.67442831514263
269,0.46232200817642327,-0.13075893223774418,0.4804576335164587,0.33000000003590974,0.3299999740336701,60.00000001984607,-3.590971964229084e-11,2.5966329919580033e-08,-1.9846075990270955e-08,-1.795485982114542e-11,1.2983164959790017e-08,-3.463793696312223e-12,0.08280546607815621,0.18221170742012402,10.67442832181612
270,0.47147018318312034,-0.1130872760012912,0.48484313506959886,0.33000000003754004,0.32999997285481436,60.00000001986433,-3.754002664280165e-11,2.714518565483104e-08,-1.9864332374142558e-08,-1.8770013321400825e-11,1.357259282741552e-08,-3.466980036392897e-12,0.06741147786990571,0.1883028066034957,10.674428329459255
271,0.4794143447559853,-0.09491613571180783,0.4887199471847585,0.3300000000392444,0.32999997162243855,60.00000001988276,-3.924438551905496e-11,2.837756146734094e-08,-1.988276686907632e-08,-1.962219275952748e-11,1.418878073367047e-08,-3.470197462718261e-12,0.0513479689391995,0.19336603079868328,10.674428336670124
272,0.4860343129009543,-0.07627936114530766,0.4919836320995232,0.33000000004102603,0.3299999703341129,60.000000019901414,-4.102601591782218e-11,2.9665887135710278e-08,-1.990141764172842e-08,-2.051300795891109e-11,1.4832943567855139e-08,-3.473452636626462e-12,0.035301834798758376,0.1972325454618631,10.674428344284392
273,0.49125963602197326,-0.05723621529335218,0.4945826668268396,0.33000000004288854,0.32999996898729705,60.00000001992029,-4.288852606393334e-11,3.10127029612417e-08,-1.9920297414317588e-08,-2.144426303196667e-11,1.550635148062085e-08,-3.4767477785635494e-12,0.019711513984678374,0.19991345517997833,10.674428352266764
274,0.4950903993275287,-0.037862850782885156,0.4965361003750874,0.33000000004483565,0.3299999675793357,60.00000001993938,-4.483563520452094e-11,3.242066431985435e-08,-1.9939380742406368e-08,-2.241781760226047e-11,1.6210332159927177e-08,-3.480078447637425e-12,0.005767904028066876,0.20143874713640503,10.674428359578439
275,0.49760276875162246,-0.018238072062696797,0.497936886303721,0.3300000000468712,0.32999996610745297,60.0000000199587,-4.6871173609019934e-11,3.3892547046665555e-08,-1.9958705792650943e-08,-2.3435586804509967e-11,1.6946273523332778e-08,-3.483451305186236e-12,-0.005638829659830865,0.2021141187618459,10.674428367970497
276,0.4988984399166874,0.0015690318891996013,0.49890090720740715,0.3300000000489991,0.3299999645687467,60.00000001997823,-4.899908256916774e-11,3.543125332017283e-08,-1.9978234398395128e-08,-2.449954128458387e-11,1.7715626660086414e-08,-3.486859689871835e-12,-0.015432914393345838,0.20232529492528262,10.674428377644947
277,0.4990456974859345,0.02149813623382237,0.49950853650438337,0.3300000000512237,0.32999996296018336,60.00000001999796,-5.12236919547604e-11,3.703981665825751e-08,-1.9997966559638927e-08,-2.56118459773802e-11,1.8519908329128754e-08,-3.4903036016942224e-12,-0.025323741543263258,0.20213771927630736,10.674428386865932
278,0.49806088924675135,0.04148825356396471,0.4997858787331356,0.33000000005354924,0.32999996127859127,60.000000020017886,-5.354922061329148e-11,3.872140874605634e-08,-2.0017889554163615e-08,-2.677461030664574e-11,1.936070437302817e-08,-3.4937808202073484e-12,-0.03626295125517766,0.2013248096300122,10.674428396910084
279,0.49592355384022185,0.06146964278254097,0.4997186090564655,0.3300000000559803,0.3299999595206552,60.00000002003801,-5.598027597031319e-11,4.047934482054316e-08,-2.0038016104187917e-08,-2.7990137985156593e-11,2.023967241027158e-08,-3.4972935658572623e-12,-0.04826565463667669,0.1996102362490208,10.674428407666229
280,0.49260564211115576,0.0813631945943711,0.4992797693421451,0.3300000000585217,0.3299999576829091,60.000000020058344,-5.852168749598263e-11,4.23170909424897e-08,-2.005834620971183e-08,-2.9260843747991316e-11,2.115854547124485e-08,-3.5008418386439646e-12,-0.060725898149810664,0.1968859786273612,10.674428417539657
281,0.48809965852586784,0.10108681074648362,0.4984574404700608,0.3300000000611785,0.3299999557617294,60.000000020078865,-6.117850670506186e-11,4.423827060229257e-08,-2.0078867148516634e-08,-3.058925335253093e-11,2.2119135301146287e-08,-3.5044234181214052e-12,-0.07278151249800627,0.19327099612752138,10.674428429033503
282,0.48243355929844406,0.1205620978511665,0.4972699051577921,0.33000000006395597,0.3299999537533286,60.00000002009958,-6.395595164576662e-11,4.6246671436822595e-08,-2.0099578920602324e-08,-3.197797582288331e-11,2.3123335718411298e-08,-3.508038304289585e-12,-0.08373035725735113,0.18895852660661475,10.674428441001695
283,0.4756737655880186,0.1397206565458666,0.49576949596994496,0.3300000000668596,0.32999995165374674,60.00000002012047,-6.685957343322002e-11,4.8346253278541695e-08,-2.0120468803750177e-08,-3.342978671661001e-11,2.4173126639270848e-08,-3.511684276702454e-12,-0.09311747504089535,0.18419525738055187,10.67442845340671
284,0.46792132980577233,0.15851455827311697,0.49404173515172156,0.330000000069895,0.32999994945884414,60.000000020141556,-6.989497869369643e-11,5.0541155871552945e-08,-2.014156224239764e-08,-3.4947489346848215e-11,2.5270577935776473e-08,-3.515365776252111e-12,-0.10068600616488402,0.17943035469849716,10.67442846659075
285,0.4592959736765902,0.1769231111728634,0.49219363943737876,0.33000000007306823,0.32999994716429354,60.0000000201628,-7.306821814268005e-11,5.2835706476628275e-08,-2.0162808347669817e-08,-3.6534109071340026e-11,2.6417853238314137e-08,-3.5190739211543587e-12,-0.10662170272025873,0.17509405635553055,10.674428480114162
286,0.4499081709629243,0.19494463025026862,0.49032720826262316,0.3300000000763855,0.32999994476557093,60.00000002018422,-7.638550902910879e-11,5.523442908605958e-08,-2.018421984178543e-08,-3.8192754514554395e-11,2.761721454302979e-08,-3.522810931855247e-12,-0.11166844744120114,0.17118440158591963,10.67442849427801
287,0.4398308472390376,0.21257583716137018,0.48850758512828335,0.3300000000798534,0.329999942257947,60.00000002020575,-7.985340166882793e-11,5.774205302788715e-08,-2.0205758558088302e-08,-3.9926700834413964e-11,2.8871026513943576e-08,-3.5265701470166278e-12,-0.11686206081060758,0.16720478523043003,10.674428508273094
288,0.42908571391241784,0.2297913609513809,0.486742867900103,0.33000000008347874,0.32999993963647767,60.00000002022743,-8.347872393343891e-11,6.036352234728426e-08,-2.0227437218797157e-08,-4.173936196671946e-11,3.018176117364213e-08,-3.5303537870845505e-12,-0.12303355732988741,0.1624559650744906,10.674428523627476
289,0.4176599855510747,0.24654053047290725,0.4849970068942554,0.3300000000872686,0.32999993689599444,60.000000020249225,-8.726858125029935e-11,6.310400557651974e-08,-2.0249230379474544e-08,-4.3634290625149674e-11,3.155200278825987e-08,-3.534157411166916e-12,-0.13013783442355709,0.15661009561713965,10.674428539804623
290,0.4055513470257874,0.2627729160795282,0.48324062380905997,0.33000000009123054,0.3299999340310941,60.000000020271145,-9.123052313597668e-11,6.596890589349869e-08,-2.0271150762339193e-08,-4.561526156798834e-11,3.298445294674934e-08,-3.5379832397097743e-12,-0.13702095574481413,0.1502655647182667,10.674428556390266
291,0.3928036247529226,0.2784736510505255,0.4815000124075228,0.33000000009537245,0.3299999310361283,60.00000002029317,-9.537243217394575e-11,6.896387172439233e-08,-2.0293172922953646e-08,-4.768621608697288e-11,3.448193586219617e-08,-3.541826831821027e-12,-0.14238917683869165,0.14460216821194255,10.67442857390298
292,0.3794972111528079,0.29366809003195504,0.4798531862724007,0.3300000000997022,0.32999992790519206,60.000000020315355,-9.97021909476814e-11,7.20948079568906e-08,-2.0315360472411536e-08,-4.98510954738407e-11,3.60474039784453e-08,-3.545699289730919e-12,-0.14610026697021386,0.14013081672423996,10.674428593011198
293,0.3657071588627619,0.30838890157107296,0.47837792659746153,0.3300000001042287,0.3299999246321123,60.00000002033761,-1.0422868124138063e-10,7.536788770856617e-08,-2.0337611632963053e-08,-5.2114340620690314e-11,3.7683943854283086e-08,-3.549582849871058e-12,-0.14918542566542506,0.1361568084037726,10.674428611587404
294,0.3514680754634245,0.3226378445827655,0.4771006045133209,0.3300000001089607,0.329999921210436,60.00000002035997,-1.0896067381693797e-10,7.878956403972737e-08,-2.0359977293483103e-08,-5.4480336908468985e-11,3.9394782019863683e-08,-3.55348639402564e-12,-0.1528682265434041,0.13147916447686858,10.674428632394196
295,0.33677065898196584,0.336372221509031,0.4759839788838151,0.3300000001139075,0.32999991763341685,60.0000000203824,-1.1390749454776028e-10,8.236658316507217e-08,-2.0382406565096784e-08,-5.695374727388014e-11,4.1183291582536086e-08,-3.5574010404104685e-12,-0.15766860339731295,0.12533722726923172,10.674428653477095
296,0.32159089740826485,0.34952734213209863,0.47496322825433784,0.3300000001190788,0.3299999138940022,60.00000002040493,-1.190788023741618e-10,8.610599783187567e-08,-2.040493761446027e-08,-5.95394011870809e-11,4.3052998915937835e-08,-3.5613334503636906e-12,-0.16305233455588708,0.11803522582260834,10.674428674470665
297,0.3059262247908928,0.36205871008668783,0.4740014394117851,0.33000000012448494,0.32999990998481965,60.00000002042759,-1.2448492237027153e-10,9.001518036511058e-08,-2.042759588601102e-08,-6.224246118513577e-11,4.500759018255529e-08,-3.5652880647774057e-12,-0.16796131719259966,0.11075945061461642,10.674428697647611
298,0.2898008351458368,0.3739560909587128,0.4731043035276107,0.33000000013013653,0.3299999058981616,60.0000000204503,-1.301365126771259e-10,9.410183843261422e-08,-2.0450305046436668e-08,-6.506825633856295e-11,4.705091921630711e-08,-3.569251560975317e-12,-0.17200396042973887,0.10418077679364891,10.674428722561458
299,0.27324066271851005,0.38521191306621105,0.4722802957259393,0.3300000001360447,0.32999990162597087,60.00000002047315,-1.3604467552497113e-10,9.837402914492088e-08,-2.0473154151268302e-08,-6.802233776248556e-11,4.918701457246044e-08,-3.573239482079771e-12,-0.17574665585946656,0.09758851656925936,10.674428746416343
300,0.2562580218455999,0.39579357904820656,0.47150899352611386,0.3300000001422211,0.32999989715982425,60.00000002049605,-1.422210682555658e-10,1.0284017576411841e-07,-2.0496054144974838e-08,-7.11105341277829e-11,5.1420087882059207e-08,-3.5772362849684215e-12,-0.1796840057925943,0.09008635022480191,10.674428773577992
301,0.23886182334196995,0.40565508000774336,0.4707557908155131,0.33000000014867786,0.32999989249091627,60.00000002051904,-1.4867784781102955e-10,1.0750908374657087e-07,-2.051904319421246e-08,-7.433892390551478e-11,5.375454187328543e-08,-3.5812486309794168e-12,-0.18361166308630736,0.08181115907124951,10.674428801065012
302,0.2210721531448896,0.4147650267813705,0.4700031109865854,0.33000000015542774,0.3299998876100417,60.0000000205421,-1.5542772624499435e-10,1.1238995833995347e-07,-2.054210857676243e-08,-7.771386312249717e-11,5.619497916997673e-08,-3.5852742996667078e-12,-0.18707770815118677,0.07356320339830705,10.674428828480634
303,0.20292254896801862,0.4231191538884162,0.46926259095193934,0.3300000001624841,0.3299998825075773,60.00000002056528,-1.6248408174490692e-10,1.1749242273539906e-07,-2.0565288459280936e-08,-8.124204087245346e-11,5.874621136769953e-08,-3.5893199523684417e-12,-0.18989450129703228,0.06590547885015491,10.67442885960199
304,0.1844537159006896,0.4307344472334828,0.4685673242375169,0.3300000001698608,0.329999877173463,60.000000020588516,-1.6986079209857508e-10,1.2282653699680068e-07,-2.0588519230674347e-08,-8.493039604928754e-11,6.141326849840034e-08,-3.593374486854373e-12,-0.19213700478384924,0.05891347900442977,10.674428891014527
305,0.16570718885418725,0.43763833930152884,0.4679596013167775,0.33000000017757236,0.32999987159718214,60.00000002061185,-1.7757234571647018e-10,1.2840281787829255e-07,-2.0611851779817563e-08,-8.878617285823509e-11,6.420140893914628e-08,-3.597446784908698e-12,-0.19394479664560416,0.052439557549928684,10.67442892403391
306,0.14672212410514598,0.44386210502422263,0.46748363605420445,0.3300000001856341,0.3299998657677403,60.000000020635234,-1.8563406367633206e-10,1.3423225969644292e-07,-2.0635235217835683e-08,-9.281703183816603e-11,6.711612984822146e-08,-3.60152796474722e-12,-0.1954165272161906,0.046368042502004776,10.674428957879265
307,0.12753431525131706,0.449439016947981,0.4671835094711605,0.33000000019406184,0.3299998596736442,60.00000002065865,-1.9406182216741286e-10,1.4032635581306963e-07,-2.065865682250998e-08,-9.703091108370643e-11,7.016317790653481e-08,-3.6056158059238896e-12,-0.19660878431653808,0.04067586392904851,10.67442899330823
308,0.10817580674623968,0.4544037351817473,0.46710251520659074,0.3300000002028721,0.3299998533028787,60.00000002068214,-2.0287210800162825e-10,1.466971213393009e-07,-2.0682142038277907e-08,-1.0143605400081412e-10,7.334856066965045e-08,-3.609714749330806e-12,-0.19756807691310527,0.03536266290448198,10.674429029649335
309,0.0886743004114015,0.4587894068144493,0.4672802706712597,0.3300000002120825,0.32999984664288295,60.00000002070568,-2.1208246270276732e-10,1.5335711706088162e-07,-2.0705678142920736e-08,-1.0604123135138366e-10,7.667855853044081e-08,-3.613822574521919e-12,-0.19835167937600234,0.030345628968822123,10.674429069947594
310,0.06905241693204632,0.46262050645290725,0.46774562453848945,0.33000000022171094,0.3299998396805262,60.000000020729246,-2.2171092739498022e-10,1.603194738075686e-07,-2.0729252414219745e-08,-1.1085546369749011e-10,8.01597369037843e-08,-3.6179370610511796e-12,-0.19902763483214797,0.025370983185526857,10.674429110245754
311,0.049327480151780435,0.4659018615815221,0.46850586434243496,0.3300000002317765,0.32999983240208147,60.00000002075287,-2.3177648689198804e-10,1.675979185433718e-07,-2.0752877574393656e-08,-1.1588824344599402e-10,8.37989592716859e-08,-3.6220604293646373e-12,-0.19965394482377596,0.019986179389786224,10.674429153059602
312,0.02951287576936071,0.46860731705027997,0.46953575734893643,0.33000000024229903,0.32999982479319834,60.00000002077656,-2.422990141859316e-10,1.752068016780406e-07,-2.0776566345661197e-08,-1.211495070929658e-10,8.76034008390203e-08,-3.6261948999083416e-12,-0.2002382878743197,0.013616895957572595,10.674429198094442
313,0.009621962245001872,0.4706743942840985,0.47077273454624285,0.33000000025329934,0.3299998168388751,60.00000002080025,-2.5329932595852256e-10,1.8316112493366177e-07,-2.0800255116928736e-08,-1.2664966297926128e-10,9.158056246683088e-08,-3.630329370452046e-12,-0.20068968188870062,0.005775280189592991,10.674429244561825
314,-0.010325935737233878,0.4720114864666403,0.47212442036532787,0.33000000026479903,0.329999808523429,60.000000020823975,-2.6479901604758993e-10,1.9147657104312543e-07,-2.0823982054852453e-08,-1.3239950802379497e-10,9.573828552156272e-08,-3.6344705023338976e-12,-0.20080861717268492,-0.003662062704366526,10.674429293295145
315,-0.030300785097911797,0.47251994831441896,0.4734904847329152,0.3300000002768208,0.32999979983046507,60.00000002084776,-2.768207885139873e-10,2.0016953494739198e-07,-2.0847759881651076e-08,-1.3841039425699364e-10,1.0008476747369599e-07,-3.638620515999946e-12,-0.20037735910362953,-0.01425008933334232,10.674429344531248
316,-0.05026289752233556,0.47212267619199594,0.47479066991889496,0.33000000028938836,0.32999979074284436,60.000000020871546,-2.8938834661929036e-10,2.092571556588929e-07,-2.087155043066842e-08,-1.4469417330964518e-10,1.0462857782944646e-07,-3.6427727501120444e-12,-0.1993239290648412,-0.02510651386224108,10.674429397580768
317,-0.07016914419890928,0.4707794984491716,0.4759800888247962,0.3300000003025264,0.32999978124264945,60.000000020895364,-3.025263928257971e-10,2.187573505674223e-07,-2.089536642412322e-08,-1.5126319641289854e-10,1.0937867528371115e-07,-3.646929425116241e-12,-0.19775893264910435,-0.035502908570905045,10.67442945332804
318,-0.08997736599602812,0.46847854531203975,0.4770409561130659,0.33000000031626103,0.3299997713111498,60.00000002091919,-3.162610173745861e-10,2.2868885019011742e-07,-2.0919195139796746e-08,-1.5813050868729306e-10,1.1434442509505871e-07,-3.651088320566487e-12,-0.19579497078377708,-0.04535762390511616,10.674429511963634
319,-0.10964551169192122,0.46521695032710947,0.47796333447853456,0.3300000003306191,0.32999976092876443,60.000000020943034,-3.306190876628534e-10,2.3907123558597476e-07,-2.0943036577688996e-08,-1.653095438314267e-10,1.1953561779298738e-07,-3.655249436462782e-12,-0.19341301459686874,-0.055030926297880325,10.674429572362152
320,-0.12912820453167892,0.4609874475124956,0.47873115625543006,0.33000000034562904,0.32999975007502313,60.00000002096689,-3.456290254000294e-10,2.499249768805889e-07,-2.0966890737799972e-08,-1.728145127000147e-10,1.2496248844029445e-07,-3.659412772805126e-12,-0.19049969508762415,-0.06487954417201847,10.674429636934333
321,-0.1483734203924446,0.45577416328917986,0.47931697216028674,0.3300000003613205,0.3299997387285268,60.000000020990726,-3.613204735408715e-10,2.6127147323418143e-07,-2.0990732175692222e-08,-1.8066023677043574e-10,1.3063573661709071e-07,-3.6635738887014214e-12,-0.18691102909771773,-0.07508774176946327,10.674429702660218
322,-0.16732047852239088,0.44955497697333574,0.4796830410327827,0.33000000037772426,0.32999972686690443,60.00000002101456,-3.777242407743131e-10,2.731330955851874e-07,-2.1014560891365747e-08,-1.8886212038715655e-10,1.365665477925937e-07,-3.667732784151667e-12,-0.18251356758022258,-0.0856629119840204,10.674429772136483
323,-0.18590029465950128,0.44230781760456295,0.4797865411499167,0.3300000003948728,0.3299997144667697,60.000000021038375,-3.948728011238245e-10,2.855332303375313e-07,-2.1038376884820546e-08,-1.9743640056191225e-10,1.4276661516876565e-07,-3.671889459155864e-12,-0.17722918153814748,-0.09645763158929667,10.674429844811105
324,-0.20403904135283427,0.43401896547166885,0.4795877321046497,0.33000000041279987,0.32999970150367414,60.000000021062135,-4.1279984985820306e-10,2.984963258789719e-07,-2.106214198940044e-08,-2.0639992492910153e-10,1.4924816293948595e-07,-3.676037252375864e-12,-0.1710958465784101,-0.10719468582499707,10.674429921085057
325,-0.22166642638083936,0.4246920390380115,0.47906088611648934,0.33000000043154076,0.3299996879520598,60.00000002108589,-4.315407475807831e-10,3.1204794020966986e-07,-2.1085894371761613e-08,-2.1577037379039155e-10,1.5602397010483493e-07,-3.6801828251498136e-12,-0.1643420780889574,-0.1174909980209327,10.674430000982195
326,-0.2387287243302246,0.4143562329025863,0.47820758208706676,0.33000000045113254,0.3299996737852082,60.00000002110955,-4.5113252022943584e-10,3.2621479179040236e-07,-2.11095576985917e-08,-2.2556626011471792e-10,1.6310739589520118e-07,-3.68431285480142e-12,-0.15743761432595121,-0.1268985877287122,10.674430083618594
327,-0.2552030344716438,0.40307044868957354,0.47706852276203376,0.3300000004716137,0.32999965897518796,60.000000021133175,-4.716136925431158e-10,3.410248120561121e-07,-2.113318285876561e-08,-2.358068462715579e-10,1.7051240602805606e-07,-3.6884362231148774e-12,-0.15102338589488123,-0.1350239972736969,10.674430171003642
328,-0.27110484484127517,0.3909185062007557,0.4757258826116592,0.3300000004930248,0.32999964349279926,60.00000002115674,-4.930247876622218e-10,3.565072007605252e-07,-2.1156744407845894e-08,-2.465123938311109e-10,1.782536003802626e-07,-3.692548489198089e-12,-0.14565977568783625,-0.14172978465682332,10.674430262189853
329,-0.28648055943987344,0.37799287269645904,0.4742886491856034,0.3300000005154079,0.329999627307517,60.00000002118023,-5.154078830393871e-10,3.726924830416145e-07,-2.1180229623613818e-08,-2.5770394151969356e-10,1.8634624152080725e-07,-3.696647432605005e-12,-0.14148157799511737,-0.1473091254039931,10.674430357032612
330,-0.3013848253260074,0.3643723445159992,0.47286363614140814,0.3300000005388072,0.32999961038743003,60.00000002120366,-5.388071655509918e-10,3.8961256998426563e-07,-2.1203663950506844e-08,-2.694035827754959e-10,1.9480628499213282e-07,-3.700737494227724e-12,-0.13804218890374476,-0.15241949091491913,10.674430456595859
331,-0.3158543025712676,0.35010715043671986,0.4715283207185989,0.33000000056326884,0.32999959269917856,60.00000002122705,-5.632688204748604e-10,4.0730082145890023e-07,-2.122706011074369e-08,-2.816344102374302e-10,2.0365041072945012e-07,-3.704820894512295e-12,-0.13454970416545844,-0.15769414509842725,10.674430560314228
332,-0.3298912917887867,0.3352202048436428,0.470319944435156,0.33000000058884094,0.3299995742078881,60.0000000212504,-5.88840920467959e-10,4.2579211190219013e-07,-2.125040538210563e-08,-2.944204602339795e-10,2.1289605595109506e-07,-3.70889541301267e-12,-0.13027850486114465,-0.16337699125255034,10.674430668824542
333,-0.34346033502531054,0.31971820958627994,0.46923846312589823,0.3300000006155741,0.3299995548771013,60.00000002127372,-6.155740917002106e-10,4.4512289870679567e-07,-2.127372520903012e-08,-3.077870458501053e-10,2.2256144935339783e-07,-3.712965490620945e-12,-0.12477169280859927,-0.16937111140679556,10.674430782191054
334,-0.3564886458746275,0.3036015956745551,0.46825002245986236,0.3300000006435209,0.3299995346687051,60.00000002129699,-6.435209032318312e-10,4.653312949409738e-07,-2.1296994147079708e-08,-3.217604516159156e-10,2.326656474704869e-07,-3.717026686445024e-12,-0.11766601945826415,-0.17550724105218574,10.674430900753373
335,-0.3688597804338764,0.2868696499602445,0.46728121478403206,0.3300000006727365,0.32999951354285656,60.00000002132017,-6.727364776359934e-10,4.86457143455965e-07,-2.1320174029598214e-08,-3.363682388179967e-10,2.432285717279825e-07,-3.7210723391467584e-12,-0.10837723215749494,-0.18167719920325903,10.674431024229115
336,-0.38040640346355276,0.2695193872247887,0.4662078204900695,0.33000000070327845,0.3299994914579038,60.00000002134331,-7.032784354876753e-10,5.085420962114284e-07,-2.1343315745460544e-08,-3.5163921774383766e-10,2.542710481057142e-07,-3.7251113305103445e-12,-0.0962276279400073,-0.1879300245144247,10.674431154324918
337,-0.3909156211928105,0.25154374848072614,0.4648540419231565,0.33000000073520697,0.32999946837030397,60.00000002136634,-7.352069508748116e-10,5.316296960433675e-07,-2.1366342961354338e-08,-3.676034754374058e-10,2.6581484802168376e-07,-3.729130337859488e-12,-0.08088605361608993,-0.19434849430792211,10.674431289568773
338,-0.40014686900855145,0.23294178342953006,0.46301122151053414,0.33000000076858504,0.3299994442345375,60.00000002138924,-7.685850289540497e-10,5.557654625398811e-07,-2.1389242955060877e-08,-3.8429251447702484e-10,2.7788273126994056e-07,-3.7331271407481386e-12,-0.06249318017530812,-0.2006339310115426,10.674431432457304
339,-0.4078630307838211,0.21373938409062734,0.4604745119891055,0.33000000080347847,0.3299994190030181,60.00000002141195,-8.034784504395986e-10,5.809969819137173e-07,-2.1411952115486525e-08,-4.017392252197993e-10,2.9049849095685865e-07,-3.73709063694605e-12,-0.04180961014167151,-0.20603412676864172,10.67443157927995
340,-0.4138839720383826,0.19400631276060945,0.4570977922734216,0.33000000083995606,0.3299993926259991,60.00000002143447,-8.399560491589853e-10,6.073740009271411e-07,-2.1434470442631287e-08,-4.1997802457949263e-10,3.0368700046357056e-07,-3.741020826453223e-12,-0.020654267062411108,-0.20971305975932442,10.674431734563505
341,-0.4181509737608485,0.17385405333657633,0.45285259049574056,0.3300000008780898,0.3299993650514755,60.000000021456756,-8.780897675642052e-10,6.349485245360498e-07,-2.1456759769838984e-08,-4.390448837821026e-10,3.174742622680249e-07,-3.74491104793151e-12,-0.0017447614757596097,-0.21130364976714028,10.67443189637957
342,-0.42076102401378734,0.15341239876488913,0.44785623075260245,0.3300000009179547,0.32999933622508104,60.000000021478805,-9.179546567317232e-10,6.637749189741804e-07,-2.1478807374890888e-08,-4.589773283658616e-10,3.318874594870902e-07,-3.74875908093486e-12,0.01256169842623333,-0.2111690991619241,10.674432065494035
343,-0.42194389511956515,0.13280142245061793,0.4423492606906652,0.33000000095962945,0.3299993060899814,60.00000002150062,-9.59629431473985e-10,6.939100186120761e-07,-2.150062598000573e-08,-4.798147157369925e-10,3.4695500930603806e-07,-3.752567145909325e-12,0.02147213570929806,-0.21006060380279434,10.67443224171644
344,-0.4220051475263404,0.11211509841010232,0.436644179888196,0.33000000100319626,0.3299992745867616,60.00000002152225,-1.0031962482948131e-09,7.254132384226786e-07,-2.152225375183968e-08,-5.015981241474066e-10,3.627066192113393e-07,-3.7563419041930504e-12,0.02555857890895935,-0.20862135401731707,10.674432427293487
345,-0.42126902037823993,0.0914180682930173,0.4310740664211531,0.33000000104874094,0.32999924165330957,60.00000002154373,-1.048740927434011e-09,7.58346690443723e-07,-2.1543728857048923e-08,-5.243704637170055e-10,3.791733452218615e-07,-3.760090017124184e-12,0.025966794428084652,-0.20722010962393025,10.674432620504477
346,-0.4200223371530856,0.07075049084872868,0.4259394272227876,0.33000000109635336,0.3299992072246933,60.00000002156511,-1.0963533414454218e-09,7.927753067349386e-07,-2.1565114906727083e-08,-5.481766707227109e-10,3.963876533674693e-07,-3.7638225869329744e-12,0.024379807382782975,-0.20598854541076356,10.674432822296856
347,-0.41846486576208614,0.0501362446702768,0.4214575742668752,0.3300000011461273,0.3299991712330325,60.00000002158643,-1.1461273041746267e-09,8.287669674977849e-07,-2.1586437345311615e-08,-5.730636520873134e-10,4.1438348374889244e-07,-3.7675440545115184e-12,0.02282643777970271,-0.20489806558145612,10.6744330338979
348,-0.41669602746415785,0.029590534415890213,0.41774535189685613,0.3300000011981611,0.32999913360736594,60.00000002160774,-1.1981610703593049e-09,8.663926340801709e-07,-2.1607747061677418e-08,-5.990805351796524e-10,4.3319631704008543e-07,-3.771263301644013e-12,0.022620277474271797,-0.203857930982139,10.674433255154645
349,-0.4147486078576606,0.009124453240122057,0.4148489645241973,0.330000001252557,0.3299990942735101,60.00000002162903,-1.2525570025623267e-09,9.057264899192674e-07,-2.1629031333605774e-08,-6.262785012811634e-10,4.528632449596337e-07,-3.774978107884408e-12,0.02364109326489869,-0.2028027999230487,10.674433485657538
350,-0.41263311371865913,-0.011254336589940675,0.41278656304346384,0.33000000130942264,0.329999053153914,60.00000002165031,-1.3094226258836272e-09,9.468460860362349e-07,-2.1650315605534126e-08,-6.547113129418136e-10,4.7342304301811744e-07,-3.778692914124804e-12,0.025076680481765,-0.20175110023396567,10.674433726081391
351,-0.4103371454882861,-0.03154081065892821,0.41154756189837555,0.33000000136886987,0.3299990101675058,60.000000021671596,-1.3688698508040886e-09,9.898324941914893e-07,-2.1671599877462482e-08,-6.844349254020443e-10,4.949162470957447e-07,-3.7824077203652e-12,0.027170744435713327,-0.2007107062645868,10.674433979730125
352,-0.40778353151251606,-0.05172639099895199,0.41105112589384263,0.33000000143101604,0.3299989652295331,60.00000002169287,-1.4310160278974138e-09,1.0347704669233515e-06,-2.169287142717211e-08,-7.155080139487069e-10,5.173852334616758e-07,-3.7861203061595465e-12,0.03154787381694535,-0.19950161639088376,10.674434242701018
353,-0.4048231891080178,-0.07178975736312773,0.411139372599904,0.3300000014959835,0.32999891825139566,60.00000002171413,-1.4959835037409164e-09,1.0817486043590563e-06,-2.171413025466301e-08,-7.479917518704582e-10,5.408743021795281e-07,-3.7898306715078436e-12,0.03909375404861472,-0.19778200420510525,10.674434518335167
354,-0.40130687252040836,-0.09169758758925169,0.4116499161931164,0.33000000156390064,0.32999886914047105,60.00000002173533,-1.563900620116243e-09,1.1308595289638568e-06,-2.173533819327901e-08,-7.819503100581215e-10,5.654297644819284e-07,-3.7935321550719435e-12,0.048135896815321294,-0.19544912570650258,10.674434806799386
355,-0.3971664495081355,-0.11142219458124498,0.4124998109820163,0.33000000163490106,0.3299988177999315,60.000000021756506,-1.6349010478755588e-09,1.1822000685057787e-06,-2.1756507965238833e-08,-8.174505239377794e-10,5.911000342528894e-07,-3.797226977297896e-12,0.055966713364839805,-0.19297086112335854,10.674435108513537
356,-0.3924223939470799,-0.13095575363090028,0.4136964402556471,0.3300000017091249,0.32999876412855367,60.00000002177759,-1.7091248971645712e-09,1.235871446347847e-06,-2.177758868166757e-08,-8.545624485822856e-10,6.179357231739235e-07,-3.800906256401504e-12,0.061525315082111856,-0.1908778051751415,10.674435423573858
357,-0.3871376004562648,-0.15030660532646223,0.4152921830371954,0.33000000178671846,0.3299987080205184,60.0000000217986,-1.7867184398667746e-09,1.291979481621297e-06,-2.1798605787002682e-08,-8.933592199333873e-10,6.459897408106485e-07,-3.804574433274865e-12,0.06546515326916275,-0.18924534535991938,10.674435752535977
358,-0.38136478444757865,-0.1694845706065756,0.4173297479097835,0.33000000186783474,0.32999864936520246,60.00000002181955,-1.8678347202261136e-09,1.350634797558925e-06,-2.1819559281244166e-08,-9.339173601130568e-10,6.753173987794625e-07,-3.808231507917981e-12,0.06911535217047443,-0.18774563644047848,10.674436097105135
359,-0.3751148120419004,-0.18848770477920207,0.41980797642036516,0.3300000019526337,0.32999858804696036,60.00000002184044,-1.9526336658692856e-09,1.4119530396539126e-06,-2.1840449164392015e-08,-9.763168329346428e-10,7.059765198269563e-07,-3.81187748033085e-12,0.07363337331988053,-0.18595194921805158,10.674436456399928
360,-0.3683614716076411,-0.2073004930255781,0.42268625264325166,0.33000000204128244,0.32999852394489637,60.00000002186131,-2.0412824208726477e-09,1.476055103644125e-06,-2.1861313603102417e-08,-1.0206412104363238e-09,7.380275518220625e-07,-3.81551901185162e-12,0.07927865834276313,-0.18368647751773318,10.674436832996024
361,-0.3610779653986917,-0.22590607300598,0.4259235270766831,0.33000000213395586,0.3299984569326262,60.00000002188209,-2.1339558453625784e-09,1.5430673738214828e-06,-2.1882088986281738e-08,-1.0669779226812892e-09,7.715336869107414e-07,-3.819145000250046e-12,0.0852055968322108,-0.1812209402644419,10.674437226303867
362,-0.3532629467360282,-0.2442972286276248,0.42950651386417865,0.3300000022308366,0.32999838687802785,60.000000021902835,-2.2308365710266287e-09,1.6131219721660095e-06,-2.1902838925023604e-08,-1.1154182855133143e-09,8.065609860830047e-07,-3.822766547756373e-12,0.09055214387989967,-0.1789083211786018,10.674437637646419
363,-0.3449245989708423,-0.26246910282867947,0.4334316657962225,0.33000000233211557,0.32999831364298077,60.000000021923505,-2.332115556225034e-09,1.6863570192482413e-06,-2.1923512530453118e-08,-1.166057778112517e-09,8.431785096241207e-07,-3.826374772586405e-12,0.09559449004398637,-0.17660217552993515,10.674438067578143
364,-0.3360609827702383,-0.2804086880930755,0.43768255219802643,0.3300000024379926,0.32999823708309395,60.00000002194413,-2.4379925855910756e-09,1.7629169060673355e-06,-2.1944135247007726e-08,-1.2189962927955378e-09,8.814584530336678e-07,-3.82997411563224e-12,0.10089242549906138,-0.17397577745508458,10.674438517075444
365,-0.32666732719844793,-0.298097368223045,0.4422370219695356,0.33000000254867645,0.32999815704742114,60.000000021964674,-2.5486764365645342e-09,1.842952578878787e-06,-2.196468163024998e-08,-1.2743382182822671e-09,9.214762894393935e-07,-3.833560136001779e-12,0.10630414104551662,-0.17103234816290439,10.674438986705983
366,-0.31674614029554465,-0.3155160171787195,0.44707770520173207,0.3300000026643853,0.32999807337816306,60.00000002198519,-2.664385267969749e-09,1.9266218369562438e-06,-2.1985189846836057e-08,-1.3321926339848744e-09,9.633109184781219e-07,-3.83713949503317e-12,0.11152093342159167,-0.16788576215636136,10.674439477474028
367,-0.306302074678122,-0.33264214776181344,0.4521855364999128,0.33000000278534725,0.32999798591035656,60.00000002200563,-2.78534723063828e-09,2.0140896434539535e-06,-2.2005634452328506e-08,-1.39267361531914e-09,1.0070448217269767e-06,-3.840707751834316e-12,0.11664115951293554,-0.1644358771372278,10.674439990667503
368,-0.2953296229089358,-0.34944176935197113,0.45752501170468307,0.3300000029118008,0.329997894471549,60.00000002202602,-2.9118008004758167e-09,2.105528451035177e-06,-2.202602816894605e-08,-1.4559004002379083e-09,1.0527642255175884e-06,-3.844267126851264e-12,0.12205352789959527,-0.1603776727329036,10.674440527103231
369,-0.28380583091114364,-0.3658626398214421,0.46303479445531837,0.33000000304399535,0.3299977988814588,60.00000002204634,-3.0439953335736902e-09,2.201118541211855e-06,-2.204634555225124e-08,-1.5219976667868451e-09,1.1005592706059275e-06,-3.847813179191917e-12,0.12810252531197486,-0.1553711785452009,10.674441088473264
370,-0.27169440650360716,-0.3818344556585996,0.46863141385682455,0.3300000031821914,0.3299976989516195,60.00000002206661,-3.18219139927578e-09,2.301048380504156e-06,-2.2066612046681525e-08,-1.59109569963789e-09,1.150524190252078e-06,-3.851350349748372e-12,0.13482566696931006,-0.14924021695077563,10.674441675444555
371,-0.25895806834416996,-0.39727657487286905,0.47422353178987453,0.3300000033266615,0.3299975944850083,60.000000022086795,-3.32666150182348e-09,2.4055149916990537e-06,-2.2086802207799454e-08,-1.66333075091174e-09,1.2027574958495268e-06,-3.854874197628533e-12,0.14194470247195964,-0.14206160427516207,10.674442287759003
372,-0.24556818081876094,-0.41210622649686296,0.4797241638151234,0.33000000347769054,0.32999748527565764,60.00000002210694,-3.4776905244449097e-09,2.514724342372876e-06,-2.210694148004248e-08,-1.7388452622224548e-09,1.257362171186438e-06,-3.858389163724496e-12,0.14914836045999985,-0.134005605800048,10.674442929484625
373,-0.23150760496543643,-0.42624277871211086,0.4850553345351992,0.33000000363557624,0.32999737110824945,60.000000022126976,-3.635576228955273e-09,2.6288917505667975e-06,-2.21269789745357e-08,-1.8177881144776364e-09,1.3144458752833987e-06,-3.861886366252065e-12,0.1562551528511696,-0.12519320261494354,10.674443599065885
374,-0.21677004558026372,-0.4396096843888461,0.4901488827584232,0.3300000038006298,0.3299972517576897,60.00000002214695,-3.800629810868372e-09,2.748242310335325e-06,-2.214695285793529e-08,-1.900314905434186e-09,1.3741211551676624e-06,-3.865372466549388e-12,0.16317187626140947,-0.11571063753527473,10.674444299799418
375,-0.20135709925330583,-0.4521337465470115,0.494944043490113,0.33000000397317686,0.32999712698866573,60.00000002216683,-3.973176843086179e-09,2.8730113342811947e-06,-2.2166837685803803e-08,-1.9865884215430896e-09,1.4365056671405974e-06,-3.868843023724367e-12,0.16988849191111993,-0.10557427281492122,10.674445031762914
376,-0.18527367301563616,-0.4637406590134354,0.49938135000710654,0.33000000415355735,0.32999699655518144,60.00000002218664,-4.153557331409985e-09,3.0034448185722873e-06,-2.2186646180359958e-08,-2.0767786657049925e-09,1.5017224092861436e-06,-3.8723002582230494e-12,0.17647879362652064,-0.09466896519017368,10.674445796619338
377,-0.16852371883557216,-0.47434847854903817,0.503395195559074,0.3300000043421271,0.32999686020007285,60.00000002220636,-4.342127102319182e-09,3.1397999271653987e-06,-2.2206365619385032e-08,-2.171063551159591e-09,1.5698999635826993e-06,-3.8757419495993874e-12,0.18305186045638513,-0.08276602697011966,10.674446597346432
378,-0.15110727079588285,-0.4838607237686416,0.5069069019980829,0.3300000045392578,0.32999671765450067,60.000000022226004,-4.539257802971264e-09,3.2823454993446965e-06,-2.222600872509775e-08,-2.269628901485632e-09,1.6411727496723483e-06,-3.87917031829943e-12,0.18971600378802544,-0.06955905148931009,10.674447434170382
379,-0.13301857523229402,-0.4921587811048118,0.5098178176323416,0.3300000047453382,0.32999656863742044,60.000000022245544,-4.745338177958303e-09,3.4313625795756586e-06,-2.224555005306066e-08,-2.3726690889791513e-09,1.7156812897878293e-06,-3.882580923431078e-12,0.19657273119341157,-0.05464952274820998,10.674448309250856
380,-0.1142456138247514,-0.4990926281368367,0.5120014763052241,0.33000000496077453,0.3299964128550285,60.00000002226505,-4.96077451339616e-09,3.587144971506362e-06,-2.2265053214367394e-08,-2.48038725669808e-09,1.793572485753181e-06,-3.885984867224579e-12,0.2036958171008786,-0.037506896556821136,10.674449223421618
381,-0.09477277681217304,-0.5044699096298634,0.5132950116128663,0.3300000051859916,0.3299962500001827,60.000000022284425,-5.185991580614058e-09,3.7499998173373683e-06,-2.228442915348687e-08,-2.592995790307029e-09,1.8749999086686842e-06,-3.8893666065575875e-12,0.21105880090981094,-0.017452952353619808,10.674450178639546
382,-0.07458989996217193,-0.5080466051760992,0.513492946599392,0.33000000542143343,0.3299960797517965,60.00000002230374,-5.4214334133106945e-09,3.9202482035038955e-06,-2.230374148151272e-08,-2.7107167066553473e-09,1.9601241017519477e-06,-3.8927372436603495e-12,0.21839636470639526,0.00624671662941674,10.674451178687628
383,-0.05371048667774098,-0.5095272668487993,0.5123503215979935,0.3300000056675642,0.32999590177420646,60.00000002232296,-5.667564195732666e-09,4.098225793558452e-06,-2.2322964754007484e-08,-2.833782097866333e-09,2.049112896779226e-06,-3.896092337640766e-12,0.22504664964752313,0.034100840322136186,10.674452223129647
384,-0.03219772353876401,-0.5085881473816912,0.509606315755819,0.3300000059248692,0.32999571571650993,60.00000002234209,-5.924869206364036e-09,4.284283490085805e-06,-2.234209897097117e-08,-2.962434603182018e-09,2.1421417450429026e-06,-3.899431888498839e-12,0.22990579466235686,0.06585275459987008,10.67445331457656
385,-0.010190498981809104,-0.5049357490224758,0.5050385697255082,0.3300000061938557,0.3299955212118734,60.00000002236118,-6.193855706104756e-09,4.478788126593969e-06,-2.236118229905995e-08,-3.096927853052378e-09,2.2393940632969844e-06,-3.902762557572714e-12,0.2316096786555463,0.09983382440789063,10.67445445643034
386,0.012078535739758344,-0.49840472452910384,0.49855106103442254,0.3300000064750542,0.3299953178768094,60.00000002238017,-6.475054159515992e-09,4.682123190602461e-06,-2.238017657161765e-08,-3.237527079757996e-09,2.3410615953012304e-06,-3.906077683524245e-12,0.22879925105648116,0.13247818806391237,10.674455650832837
387,0.034282860859809305,-0.4890858226753328,0.49028589260832306,0.33000000676901886,0.3299951053104202,60.00000002239916,-6.769018845442787e-09,4.8946895798152035e-06,-2.2399170844175348e-08,-3.3845094227213934e-09,2.4473447899076017e-06,-3.909392809475776e-12,0.2205333604983109,0.1582394902801935,10.674456897445577
388,0.05604833365435564,-0.4774296139087471,0.4807082815413994,0.3300000070763295,0.32999488309360736,60.00000002241817,-7.07632946683745e-09,5.11690639265483e-06,-2.2418177838951776e-08,-3.538164733418725e-09,2.558453196327415e-06,-3.9127101558733554e-12,0.20741484035021748,0.17109924896469508,10.674458201078197
389,0.07706183776755,-0.4642114726516014,0.47056436135929447,0.3300000073975918,0.3299946507882456,60.000000022437284,-7.397591761382216e-09,5.349211754435146e-06,-2.2437286611478008e-08,-3.698795880691108e-09,2.674605877217573e-06,-3.9160452658393295e-12,0.19258910523360226,0.16862650401768664,10.674459565636326
390,0.09718237365879161,-0.45031055333958414,0.4606777704632159,0.3300000077334393,0.32999440793631896,60.00000002245652,-7.733439277846088e-09,5.592063681059134e-06,-2.24565226061915e-08,-3.866719638923044e-09,2.796031840529567e-06,-3.9194025802657966e-12,0.1803694337333982,0.15494068106702355,10.674460991117886
391,0.11646217663974982,-0.43644820178049604,0.4517194609767182,0.3300000080845341,0.32999415405901766,60.000000022475895,-8.0845340977298e-09,5.845940982351916e-06,-2.2475898545310977e-08,-4.0422670488649e-09,2.922970491175958e-06,-3.922784319598805e-12,0.17318092856952033,0.13772360135572798,10.674462480417581
392,0.13507435350660724,-0.4230638242484737,0.4441036819966384,0.33000000845156857,0.3299938886557947,60.00000002249542,-8.45156855611151e-09,6.111344205306235e-06,-2.2495427151055162e-08,-4.225784278055755e-09,3.0556721026531175e-06,-3.9261927042844036e-12,0.1705438260061096,0.1226910480218994,10.67446403909213
393,0.15322045941095488,-0.4103390711071948,0.4380121715879817,0.33000000883526615,0.32999361120337817,60.00000002251508,-8.835266129825214e-09,6.388796621847881e-06,-2.2515082978986605e-08,-4.417633064912607e-09,3.1943983109239404e-06,-3.9296232934304955e-12,0.1705860699181343,0.11185629562866517,10.67446566719483
394,0.1710696369893102,-0.3982783318439775,0.4334633206121088,0.3300000092363835,0.32999332115473984,60.00000002253482,-9.236383491373346e-09,6.6788452601773685e-06,-2.2534827862449133e-08,-4.618191745686673e-09,3.3394226300886842e-06,-3.933069425698932e-12,0.1715634481769512,0.10511373547729838,10.67446736977218
395,0.18873446363784777,-0.3867804453086072,0.4303717121719207,0.33000000965571136,0.32999301793801666,60.000000022554616,-9.655711341594042e-09,6.982061983351606e-06,-2.255462363478656e-08,-4.827855670797021e-09,3.491030991675803e-06,-3.936524439751565e-12,0.17234674478951378,0.10184563503716955,10.674469149816668
396,0.20627031169891688,-0.375687764764594,0.4285892416780725,0.3300000100940765,0.32999270095538324,60.000000022574476,-1.0094076463573742e-08,7.299044616770889e-06,-2.257448301821762e-08,-5.047038231786871e-09,3.6495223083854444e-06,-3.939990556034445e-12,0.17234898023631165,0.10147199897503292,10.674471010554559
397,0.2236863806393421,-0.3648205129968398,0.42793644807004466,0.3300000105523433,0.32999236958187317,60.000000022594364,-1.055234327695942e-08,7.630418126847172e-06,-2.2594367846086128e-08,-5.27617163847971e-09,3.815209063423586e-06,-3.943461113209423e-12,0.17136584325578008,0.10341251289805789,10.674472955024038
398,0.24096204230004417,-0.35400454485765237,0.42823115674747664,0.3300000110314152,0.3299920231641468,60.00000002261429,-1.1031415170226211e-08,7.976835853240605e-06,-2.2614290840610816e-08,-5.5157075851131054e-09,3.988417926620302e-06,-3.946938331722549e-12,0.16948044674670104,0.10696306339187882,10.674474988104595
399,0.2580637952861076,-0.34309255292603913,0.4293127325281385,0.3300000115322367,0.3299916610192031,60.00000002263426,-1.1532236665612317e-08,8.338980796940287e-06,-2.2634264724010406e-08,-5.766118332806158e-09,4.169490398470144e-06,-3.9504244320198725e-12,0.16695966078562346,0.11136047447262166,10.674477113117428
400,0.27495417424915347,-0.3319692312110131,0.43104914848293685,0.3300000120557953,0.32999128243303305,60.000000022654284,-1.205579530649814e-08,8.717566966964796e-06,-2.26542894962849e-08,-6.02789765324907e-09,4.358783483482398e-06,-3.953919414101392e-12,0.1639717290932694,0.11616424542977616,10.674479335545206
401,0.29158613585293164,-0.32053623751213817,0.433319690505846,0.3300000126031233,0.329990886659212,60.000000022674335,-1.2603123267229677e-08,9.113340788013957e-06,-2.2674339712996846e-08,-6.301561633614838e-09,4.556670394006979e-06,-3.957418837075011e-12,0.16028987765476213,0.12155561661176979,10.67448165887429
402,0.3078904438962141,-0.30869272973539097,0.43599051232119135,0.3300000131752997,0.3299904729174278,60.00000002269447,-1.3175299684586861e-08,9.527082572236001e-06,-2.2694478985239874e-08,-6.5876498422934304e-09,4.7635412861180004e-06,-3.960933803170974e-12,0.15539783068782345,0.12801373958436324,10.67448408848987
403,0.3237712382180424,-0.2963323733495098,0.4389085214394881,0.3300000137734527,0.3299900403919426,60.00000002271468,-1.3773452711696166e-08,9.95960805744156e-06,-2.271468186857653e-08,-6.886726355848083e-09,4.97980402872078e-06,-3.9644598714971835e-12,0.14892595638425016,0.13566336473846852,10.67448662670748
404,0.33912235821443354,-0.28336503582859673,0.44192727611119514,0.33000001439876164,0.32998958822998437,60.000000022734945,-1.4398761627454348e-08,1.0411770015650301e-05,-2.2734948363006817e-08,-7.199380813727174e-09,5.205885007825151e-06,-3.967997042053639e-12,0.14115213237028734,0.14383626835973135,10.67448928038954
405,0.3538656137987996,-0.26975103855147414,0.4449567343335755,0.3300000150524593,0.32998911554006555,60.00000002275534,-1.5052459279019104e-08,1.0884459934468182e-05,-2.275534207962436e-08,-7.526229639509552e-09,5.442229967234091e-06,-3.971556417070587e-12,0.13324905289631753,0.15122870041596212,10.674492055050923
406,0.3679877398243578,-0.2555193911004236,0.4480012677318787,0.3300000157358345,0.32998862139022533,60.00000002277582,-1.5735834468788568e-08,1.1378609774681525e-05,-2.2775824851772985e-08,-7.867917234394284e-09,5.6893048873407626e-06,-3.975131335209881e-12,0.1267282372166477,0.15672831190200345,10.674494956262315
407,0.3815454746940599,-0.24075478208584924,0.45115386993432766,0.3300000164502347,0.3299881048061925,60.00000002279642,-1.6450234674447728e-08,1.1895193807509585e-05,-2.2796422123890142e-08,-8.225117337223864e-09,5.947596903754793e-06,-3.978726237363617e-12,0.12240822172696651,0.16008185996113694,10.674497988564413
408,0.394633513825197,-0.22556350544065193,0.4545486830040287,0.3300000171970684,0.3299875647694642,60.000000022817126,-1.7197068380436775e-08,1.2435230535789987e-05,-2.2817133895975832e-08,-8.598534190218388e-09,6.217615267894994e-06,-3.982341123531796e-12,0.11992082407810502,0.16186834449968146,10.67450115803088
409,0.40733524665964177,-0.21003576343840494,0.4582979654050679,0.3300000179778079,0.3299870002152982,60.00000002283793,-1.7977807909019816e-08,1.2999784701817063e-05,-2.2837934723592604e-08,-8.988903954509908e-09,6.4998923509085316e-06,-3.985971552822321e-12,0.11800351475487894,0.16312827835346524,10.674504472073433
410,0.4196850291846345,-0.19422095466443912,0.4624470812454909,0.33000001879399277,0.3299864100306132,60.000000022858806,-1.8793992750953947e-08,1.3589969386829104e-05,-2.285881188452173e-08,-9.396996375476974e-09,6.794984693414552e-06,-3.9896153047891405e-12,0.11528565136263973,0.16484631241293246,10.674507936601616
411,0.43165625873266383,-0.17812375250011256,0.46696380684995464,0.3300000196472321,0.32998579305179465,60.00000002287976,-1.964723206349106e-08,1.4206948205364167e-05,-2.287976537876321e-08,-9.82361603174553e-09,7.1034741026820836e-06,-3.993272379432256e-12,0.1108793926844068,0.16756120075151576,10.674511558044351
412,0.44315727056724685,-0.16170870207633017,0.4717394098268909,0.33000002053920807,0.3299851480624003,60.00000002290078,-2.0539208056558067e-08,1.4851937599702492e-05,-2.2900782484098322e-08,-1.0269604028279034e-08,7.425968799851246e-06,-3.996940556305617e-12,0.10403837169867765,0.17156696362495405,10.674515344663169
413,0.4540225802370117,-0.14490727777824572,0.476586427123324,0.33000002147167934,0.32998447379076173,60.000000022921895,-2.1471679323425974e-08,1.5526209238281297e-05,-2.292190136718324e-08,-1.0735839661712987e-08,7.763104619140648e-06,-4.000626496747373e-12,0.0938200461851629,0.1770296333810501,10.674519302837979
414,0.4640335894191218,-0.12764595808499055,0.4812698439800995,0.33000002244648446,0.32998376890747766,60.000000022943155,-2.244648444893471e-08,1.6231092522356327e-05,-2.2943160194674145e-08,-1.1223242224467356e-08,8.115546261178164e-06,-4.00433686209567e-12,0.08017641377576956,0.18334408948635184,10.67452344071335
415,0.47297825036852875,-0.10988427461401191,0.4855748954889681,0.33000002346554524,0.3299830320227921,60.00000002296456,-2.3465545229139906e-08,1.696797720790455e-05,-2.296455896657103e-08,-1.1732772614569953e-08,8.483988603952275e-06,-4.008071652350509e-12,0.06456515073095247,0.1892919895231435,10.674527765721054
416,0.48069392927200383,-0.09162685044737563,0.489348682803851,0.330000024530871,0.32998226168385514,60.00000002298612,-2.4530871001182675e-08,1.773831614487742e-05,-2.2986123127311353e-08,-1.2265435500591337e-08,8.86915807243871e-06,-4.011835308403988e-12,0.048480541296310097,0.19414152456484743,10.674532288440115
417,0.48706893441470994,-0.07291272326033849,0.4924961036243025,0.3300000256445621,0.3299814563718578,60.0000000230079,-2.5644562084981004e-08,1.854362814224242e-05,-2.3007903565770015e-08,-1.2822281042490502e-08,9.27181407112121e-06,-4.015636712040305e-12,0.03246766367576167,0.19779767567952744,10.674537016020059
418,0.4920433729581619,-0.053804873137051845,0.49497640877655885,0.33000002680881435,0.3299806144990381,60.000000023029884,-2.680881433514415e-08,1.9385500961921487e-05,-2.302988755972829e-08,-1.3404407167572074e-08,9.692750480960743e-06,-4.01947364281341e-12,0.017064498118579435,0.20026536974515413,10.674541958328586
419,0.49563201756191094,-0.03438113564227392,0.49682306641353,0.33000002802592315,0.32997973440555006,60.000000023052124,-2.802592313777552e-08,2.0265594449953017e-05,-2.3052125998061083e-08,-1.401296156888776e-08,1.0132797224976509e-05,-4.023354982507499e-12,0.0035512541110859983,0.2016080802823737,10.674547124821425
420,0.4979205451681015,-0.014719166607338269,0.4981380563318908,0.33000002929828814,0.32997881435619175,60.00000002307458,-2.9298288128920547e-08,2.11856438082636e-05,-2.3074580714112218e-08,-1.4649144064460273e-08,1.05928219041318e-05,-4.0272740697844255e-12,-0.00745078721445297,0.2021784262861682,10.674552525667899
421,0.49900811447045035,0.005113956342826011,0.49903431831571504,0.33000003062841793,0.3299778525369837,60.00000002309727,-3.0628417913014516e-08,2.2147463016319868e-05,-2.309727715231914e-08,-1.5314208956507258e-08,1.1073731508159934e-05,-4.031235345536288e-12,-0.017146667399474354,0.20232482085677525,10.674558172933137
422,0.4989538787726912,0.02505855752971975,0.4995827303338094,0.3300000320189351,0.3299768470515926,60.000000023120144,-3.20189350588862e-08,2.3152948407434426e-05,-2.3120151701588225e-08,-1.60094675294431e-08,1.1576474203717213e-05,-4.03522770753284e-12,-0.027184473646762106,0.20204717072575568,10.674564075547872
423,0.4977659080456834,0.04505252346481927,0.4998005893184719,0.33000003347258106,0.32997579591759224,60.000000023143215,-3.3472581040250304e-08,2.420408240777494e-05,-2.31432170841382e-08,-1.6736290520125152e-08,1.210204120388747e-05,-4.039253376220131e-12,-0.038333524619184836,0.20109150347559548,10.674570247054948
424,0.49542009238874773,0.06502423533388141,0.49966910963479755,0.33000003499222197,0.3299746970625554,60.00000002316649,-3.499222195335605e-08,2.530293744462675e-05,-2.3166498744406512e-08,-1.7496110976678025e-08,1.2651468722313375e-05,-4.043316792490259e-12,-0.05047453826764062,0.1991978571495498,10.674576698438372
425,0.4918902539614998,0.0848934844838997,0.499162223781134,0.330000036580854,0.32997354831996717,60.00000002318994,-3.6580853957079995e-08,2.645168003284626e-05,-2.318994579351826e-08,-1.8290426978539998e-08,1.322584001642313e-05,-4.047409074559027e-12,-0.06292558224638983,0.19630169472229667,10.67458344226559
426,0.4871745792614302,0.10457842504158342,0.49827273421563983,0.33000003824160923,0.32997234742495396,60.0000000232136,-3.824160921261921e-08,2.765257504605545e-05,-2.321360912034835e-08,-1.9120804606309605e-08,1.3826287523027725e-05,-4.0515391042106335e-12,-0.07482626003315204,0.19254887175550464,10.674590493302782
427,0.4813078714107852,0.1240018987002124,0.4970248866638759,0.33000003997776195,0.3299710920098179,60.00000002323748,-3.997776193420677e-08,2.890799018212542e-05,-2.3237488724896777e-08,-1.9988880967103384e-08,1.445399509106271e-05,-4.0557068814450756e-12,-0.08552451868648822,0.18813384227482471,10.674597864337292
428,0.4743632384217657,0.14309830253036643,0.4954771499807607,0.33000004179273534,0.32996977959936863,60.00000002326154,-4.179273532800565e-08,3.0220400631386646e-05,-2.3261546440507367e-08,-2.0896367664002824e-08,1.5110200315693323e-05,-4.059905744924208e-12,-0.09459791645220197,0.18333240897027422,10.674605570169156
429,0.46644662377005436,0.16182439801428639,0.49372015212989717,0.3300000436901077,0.3299684076060433,60.0000000232858,-4.369010769833537e-08,3.1592393956725306e-05,-2.328580771161757e-08,-2.1845053849167684e-08,1.5796196978362653e-05,-4.064140135540129e-12,-0.10184571864652152,0.17862042676022657,10.674613625851316
430,0.45767827226273505,0.18016392149894359,0.4918622159825653,0.33000004567361996,0.3299669733248046,60.000000023310214,-4.56736199416774e-08,3.302667519539115e-05,-2.3310221649352487e-08,-2.28368099708387e-08,1.6513337597695577e-05,-4.06840117150864e-12,-0.10755737503730563,0.17437522153026622,10.674622047116316
431,0.44816376356218957,0.198116561630951,0.4900009499610144,0.33000004774718283,0.32996547392780806,60.0000000233348,-4.774718281863599e-08,3.4526072191953805e-05,-2.3334800975930834e-08,-2.3873591409317996e-08,1.7263036095976902e-05,-4.0726910732757916e-12,-0.11255542151399356,0.17049912309140874,10.674630851194207
432,0.4379671368594413,0.21567629856112344,0.4881920510719971,0.3300000499148846,0.3299639064588259,60.000000023359505,-4.9914884558965866e-08,3.6093541174120336e-05,-2.3359507524696442e-08,-2.4957442279482933e-08,1.8046770587060168e-05,-4.077003179503435e-12,-0.1178823537454663,0.16642962792540886,10.67464005505861
433,0.4271016879334102,0.23281268489353324,0.4864335495038389,0.3300000521809991,0.329962267827419,60.00000002338434,-5.218099907722262e-08,3.7732172581017576e-05,-2.3384341295649312e-08,-2.609049953861131e-08,1.8866086290508788e-05,-4.081337490191572e-12,-0.1242603411368292,0.16148568270947436,10.674649677518055
434,0.4155528741891011,0.2494724790128894,0.48468619645257016,0.33000005454999426,0.3299605548028436,60.0000000234093,-5.454999424392426e-08,3.9445197156429135e-05,-2.3409302288789436e-08,-2.727499712196213e-08,1.9722598578214567e-05,-4.085694005340202e-12,-0.1314333165361542,0.15547745622215495,10.67465973660998
435,0.40332516048054173,0.26560946777408356,0.48292812555067305,0.3300000570265408,0.3299587640076815,60.000000023434396,-5.7026540767335376e-08,4.1235992318533476e-05,-2.3434403226335547e-08,-2.8513270383667688e-08,2.0617996159266738e-05,-4.0900749453953725e-12,-0.1381181362513419,0.1491710959213445,10.674670252574382
436,0.3904710856203398,0.2812170022039194,0.4811971228447713,0.3300000596155215,0.3299568919111812,60.00000002345959,-5.961552146382942e-08,4.310808881879957e-05,-2.3459593219412737e-08,-2.980776073191471e-08,2.1554044409399786e-05,-4.094471428572888e-12,-0.14315584214025112,0.14372140989985308,10.674681245653671
437,0.37707352161489416,0.29632487353174514,0.4795757201700924,0.3300000623220407,0.32995493482229654,60.00000002348493,-6.232204069478442e-08,4.5065177703473847e-05,-2.348493587911464e-08,-3.116102034739221e-08,2.2532588851736923e-05,-4.098894557102994e-12,-0.14665705344337943,0.13941990756455136,10.674692739390174
438,0.36320217603108085,0.31096264558139686,0.478135532689941,0.33000006515143476,0.3299528888824096,60.00000002351036,-6.515143474716822e-08,4.7111117590425966e-05,-2.351036759434762e-08,-3.257571737358411e-08,2.3555558795212983e-05,-4.103333228755446e-12,-0.14976835933327703,0.13540873733898703,10.674704754394122
439,0.34888299605704476,0.32512413706022664,0.4768910246973589,0.3300000681092822,0.32995075005772256,60.00000002353591,-6.810928215861267e-08,4.924994227745172e-05,-2.3535913809549137e-08,-3.4054641079306336e-08,2.462497113872586e-05,-4.107791884422341e-12,-0.15364126884545792,0.13050170146899084,10.67471731493443
440,0.33410118250510545,0.3387600586759402,0.4757961512091457,0.33000007120141456,0.32994851413130527,60.00000002356153,-7.120141454208806e-08,5.148586869474503e-05,-2.3561536358063006e-08,-3.560070727104403e-08,2.5742934347372515e-05,-4.112263862765531e-12,-0.1586129190036959,0.12409591935096538,10.674730446840256
441,0.3188343329854876,0.3518063093028758,0.47478733255596817,0.3300000744339284,0.3299461766947803,60.00000002358727,-7.443392840977836e-08,5.382330521969125e-05,-2.358727340654541e-08,-3.721696420488918e-08,2.6911652609845627e-05,-4.116755825123164e-12,-0.1639860011085693,0.11670351653108664,10.674744176031371
442,0.30308548502989435,0.36422500387561535,0.47383611585019386,0.33000007781319707,0.3299437331396322,60.00000002361308,-7.781319705246759e-08,5.626686036780404e-05,-2.3613086788340167e-08,-3.890659852623379e-08,2.813343018390202e-05,-4.121261110157093e-12,-0.1687351097285793,0.10954397112937725,10.674758527063258
443,0.28688122857589954,0.3760094173603683,0.4729523456468962,0.3300000813458831,0.32994117864812045,60.00000002363901,-8.134588308505997e-08,5.882135187956772e-05,-2.3639014670103456e-08,-4.0672941542529983e-08,2.941067593978386e-05,-4.125786379205465e-12,-0.17266876283586693,0.10304424279440813,10.674773531770578
444,0.2702453361804529,0.3871484466705093,0.4721402985201265,0.3300000850389516,0.3299385081837815,60.000000023665,-8.503895160272279e-08,6.14918162185063e-05,-2.3665006162960377e-08,-4.2519475801361395e-08,3.074590810925315e-05,-4.130322750484083e-12,-0.17643042925489463,0.09633132902703434,10.674789218307524
445,0.2531882421012545,0.39760519093231683,0.47137477000222194,0.3300000888996838,0.32993571648149833,60.00000002369112,-8.889968378111845e-08,6.428351850168434e-05,-2.3691124878004555e-08,-4.444984189055923e-08,3.214175925084217e-05,-4.134881326223195e-12,-0.18039898007940208,0.08864745815687172,10.674805617100569
446,0.23572005954818667,0.4073343624343188,0.4706221725473351,0.33000009293569166,0.32993279803712,60.000000023717305,-9.29356916423707e-08,6.720196288001468e-05,-2.3717307204142364e-08,-4.646784582118535e-08,3.360098144000734e-05,-4.1394510041925515e-12,-0.1842738899208433,0.08031501729114143,10.67482276138836
447,0.21786349109792355,0.41630916405862023,0.4698700041847343,0.33000009715493245,0.32992974709660916,60.00000002374361,-9.715493243245277e-08,7.025290339085499e-05,-2.374361675246743e-08,-4.8577466216226384e-08,3.5126451695427496e-05,-4.144042886622401e-12,-0.18762802210372878,0.07214605242992987,10.674840684667306
448,0.19965392082992195,0.4245299142880124,0.4691346674763526,0.330000101565725,0.32992655764469797,60.00000002377,-1.0156572499697702e-07,7.344235530204468e-05,-2.377000263410485e-08,-5.078286249848851e-08,3.672117765102234e-05,-4.148648091728547e-12,-0.1903324117604529,0.06461296974597637,10.674859422101912
449,0.18113259852142802,0.4320162292281608,0.4684517483835914,0.3300001061767657,0.32992322339302776,60.000000023796446,-1.0617676565738421e-07,7.677660697225086e-05,-2.3796452126835903e-08,-5.3088382828692104e-08,3.838830348612543e-05,-4.1532643990649375e-12,-0.1924874373629652,0.057726325985738514,10.674879011649901
450,0.16234078927372705,0.4387965605245638,0.46786424675348276,0.3300001109971456,0.3299197377677512,60.00000002382296,-1.1099714558593377e-07,8.026223224882889e-05,-2.382296523066058e-08,-5.549857279296688e-08,4.0131116124414445e-05,-4.157891808631575e-12,-0.19422945439171105,0.05133036127658621,10.674899490924702
451,0.1433170901181159,0.44490259872158333,0.4674164210520875,0.33000011603636875,0.32991609389657106,60.000000023849566,-1.160363687358057e-07,8.390610342895455e-05,-2.3849567390016343e-08,-5.801818436790285e-08,4.1953051714477274e-05,-4.1625347613205575e-12,-0.1956477560738851,0.045326876317871856,10.674920901212115
452,0.12409665676779182,0.4503679435642965,0.4671522929530331,0.3300001213043705,0.3299122845951906,60.00000002387622,-1.2130437049284737e-07,8.771540480939644e-05,-2.3876220438247007e-08,-6.065218524642368e-08,4.385770240469822e-05,-4.167186595793737e-12,-0.1967947980464097,0.03970393682660752,10.674943284784998
453,0.1047108123650271,0.4552273142997458,0.46711482732910914,0.3300001268115373,0.32990830235314933,60.000000023902935,-1.268115372710099e-07,9.169764685068582e-05,-2.39029370975713e-08,-6.340576863550496e-08,4.584882342534291e-05,-4.171849532497163e-12,-0.19771803525113008,0.03445431151830142,10.674966685537019
454,0.08518640368741971,0.45951298097809473,0.4673423831203103,0.33000013256872707,0.3299041393190147,60.0000000239297,-1.3256872705147416e-07,9.586068098532685e-05,-2.3929704645770496e-08,-6.628436352573708e-08,4.7930340492663426e-05,-4.176521350984786e-12,-0.19847725318893755,0.029470238784454903,10.674991151328737
455,0.06554509342946402,0.4632468164122919,0.46786084703552705,0.3300001385872908,0.32989978728490266,60.0000000239565,-1.3858729080995502e-07,0.00010021271509735863,-2.3956510360625872e-08,-6.929364540497751e-08,5.0106357548679314e-05,-4.181199830810556e-12,-0.1991408061208841,0.024462291978402252,10.67501672822139
456,0.045803338719245114,0.46642890361800005,0.4686724527515133,0.33000014487909485,0.3298952376702949,60.00000002398334,-1.448790948321843e-07,0.00010476232970513255,-2.39833415199187e-08,-7.243954741609215e-08,5.2381164852566275e-05,-4.185882751528425e-12,-0.19976125098819691,0.018946746725654558,10.675043467763501
457,0.025974151092822678,0.46902676371846524,0.4697454221269323,0.33000015145654404,0.32989048150512096,60.00000002401027,-1.514565440285942e-07,0.00010951849487905729,-2.401027445696133e-08,-7.57282720142971e-08,5.4759247439528647e-05,-4.1905834358146874e-12,-0.20033197764217467,0.012346635215634012,10.67507142402066
458,0.006071476061319288,0.4709717823830666,0.47101091560880604,0.33000015833260665,0.3298855094120731,60.00000002403721,-1.5833260663677962e-07,0.00011449058792689648,-2.403722011622269e-08,-7.916630331838981e-08,5.724529396344824e-05,-4.195286340547e-12,-0.20074145643345662,0.004217219809189741,10.675100650508304
459,-0.013883701834428374,0.47216909591190975,0.47237317060868045,0.3300001655208396,0.32988031158811765,60.000000024064185,-1.6552083959009423e-07,0.00011968841188236823,-2.40641912199215e-08,-8.276041979504711e-08,5.9844205941184114e-05,-4.1999936861714105e-12,-0.20077684578970906,-0.00547331787925473,10.675131207336994
460,-0.03385935808985277,0.4725218159278934,0.47373338773834683,0.3300001730354153,0.3298748777851677,60.00000002409121,-1.7303541527402544e-07,0.00012512221483229613,-2.4091213212495214e-08,-8.651770763701272e-08,6.256110741614807e-05,-4.2047099135800185e-12,-0.2002343909465671,-0.016179981806870167,10.675163152472166
461,-0.0538146804282855,0.47195885029762535,0.4750170272778175,0.33000018089114946,0.32986919728987735,60.00000002411827,-1.8089114944830342e-07,0.0001308027101226683,-2.4118273371725106e-08,-9.044557472415171e-08,6.540135506133415e-05,-4.209432802326774e-12,-0.19907876532105737,-0.02699565471519086,10.67519655086216
462,-0.07370652603920552,0.4704461901675847,0.47618512138029195,0.33000018910353063,0.32986325890251933,60.00000002414533,-1.8910353061230012e-07,0.00013674109748068597,-2.4145333530955e-08,-9.455176530615006e-08,6.837054874034298e-05,-4.214155691073529e-12,-0.19743733246710476,-0.037286139628397684,10.675231468430153
463,-0.09349292970808014,0.46797493392144435,0.477222659441251,0.3300001976887504,0.3298570509149035,60.00000002417243,-1.9768875036962896e-07,0.00014294908509648874,-2.4172431856841067e-08,-9.884437518481448e-08,7.147454254824437e-05,-4.2188852411584325e-12,-0.19540372470755812,-0.04707980517034666,10.675267974507872
464,-0.11313152102702649,0.46454216087969247,0.4781193996112923,0.3300002066637355,0.32985056108729327,60.00000002419954,-2.0666373545807915e-07,0.00014943891270674525,-2.419954290494586e-08,-1.0333186772903957e-07,7.471945635337263e-05,-4.2236170116893844e-12,-0.19293695835767452,-0.05676312231506405,10.675306141009381
465,-0.13257597800456705,0.46013921862271284,0.47885748449678445,0.33000021604618107,0.32984377662427267,60.000000024226665,-2.1604618105630635e-07,0.000156223375727349,-2.422666667526938e-08,-1.0802309052815318e-07,7.81116878636745e-05,-4.228351002666386e-12,-0.18991476847581032,-0.06666670425837548,10.675346044648691
466,-0.15177286052058883,0.45474885949119964,0.47940747428377556,0.3300002258545857,0.32983668414951967,60.0000000242538,-2.258545857003469e-07,0.00016331585048035002,-2.425380316781163e-08,-1.1292729285017344e-07,8.165792524017501e-05,-4.233087214089437e-12,-0.1861920877246551,-0.07694331838750387,10.675387763745725
467,-0.17065992087290408,0.44834845607243223,0.47973028532174156,0.33000023610828777,0.3298292696794327,60.00000002428091,-2.3610828775444404e-07,0.00017073032056730275,-2.4280914215916424e-08,-1.1805414387722202e-07,8.536516028365138e-05,-4.237818984620389e-12,-0.18164141970321362,-0.08757173422351762,10.675431380854954
468,-0.18916686033887112,0.44091676472445324,0.479782966001863,0.3300002468275035,0.3298215185955607,60.00000002430801,-2.468275034916978e-07,0.00017848140443932348,-2.4308012541802493e-08,-1.234137517458489e-07,8.924070221966174e-05,-4.242548534705293e-12,-0.17619990731142698,-0.09838029849463055,10.675476983123973
469,-0.20721970021987576,0.4324424178511799,0.47952731821679323,0.3300002580333671,0.3298134156157811,60.00000002433506,-2.580333670620938e-07,0.0001865843842189241,-2.433505997881366e-08,-1.290166835310469e-07,9.329219210946205e-05,-4.247269203005999e-12,-0.1699327418274793,-0.10907209765615693,10.675524661339129
470,-0.2247499566593191,0.42293293468487186,0.47894134323476806,0.33000026974797203,0.3298049447641695,60.00000002436205,-2.6974797201484435e-07,0.0001950552358305213,-2.436205652694992e-08,-1.3487398600742218e-07,9.752761791526066e-05,-4.251980989522508e-12,-0.16310895075789278,-0.11924801183377658,10.675574509214439
471,-0.24170827260624309,0.41242254933666644,0.47803268533401455,0.3300002819944151,0.32979608933950144,60.000000024388996,-2.819944150966869e-07,0.0002039106604985741,-2.438900218621128e-08,-1.4099720754834344e-07,0.00010195533024928705,-4.2566838942548205e-12,-0.15623788131035105,-0.12845823772619552,10.675626627434943
472,-0.2580782246431543,0.4009751822902173,0.4768495222264938,0.3300002947968415,0.3297868318823242,60.00000002441588,-2.9479684149347207e-07,0.00021316811767579935,-2.441588423437901e-08,-1.4739842074673604e-07,0.00010658405883789968,-4.261375696756886e-12,-0.14997102913537963,-0.13633657675670768,10.67568111800242
473,-0.2738817638067243,0.3886776688189973,0.47548033690622,0.33000030818049253,0.3297771541405329,60.00000002444273,-3.0818049251424284e-07,0.00022284585946713564,-2.4442728115890563e-08,-1.5409024625712142e-07,0.00011142292973356782,-4.2660608379208045e-12,-0.1448190912576437,-0.14281188462337882,10.675738090396205
474,-0.28916870383516463,0.3756217012778495,0.47403607642095674,0.3300003221717557,0.3297670370333849,60.00000002446951,-3.221717556622927e-07,0.0002329629666151245,-2.4469508386308486e-08,-1.6108587783114636e-07,0.00011648148330756225,-4.270734876854476e-12,-0.14081542046461978,-0.14825693704297946,10.675797657318654
475,-0.3039923004603947,0.361881731388209,0.4726200442762989,0.3300003367982162,0.32975646061388003,60.000000024496224,-3.3679821620502537e-07,0.00024353938611998416,-2.449622504563278e-08,-1.6839910810251268e-07,0.00012176969305999208,-4.275397813557902e-12,-0.13742462017729995,-0.15335975369440824,10.6758599379435
476,-0.3183839179052575,0.34750264517374596,0.47130288306295365,0.3300003520887118,0.329745404029433,60.00000002452294,-3.5208871179692736e-07,0.00025459597056703975,-2.4522941704957072e-08,-1.7604435589846368e-07,0.00012729798528351988,-4.2800607502613275e-12,-0.13383666023996732,-0.1587035763903315,10.675925056438778
477,-0.33233909381182325,0.33250362326029775,0.47011480805957373,0.3300003680733895,0.32973384548075985,60.00000002454958,-3.680733894895205e-07,0.0002661545192401693,-2.454958203096901e-08,-1.8403669474476025e-07,0.00013307725962008465,-4.2847103642884574e-12,-0.129368123171975,-0.16445538544397126,10.675993141487824
478,-0.34581578261784074,0.3168897016137402,0.469049718576224,0.33000038478376464,0.32972176217889826,60.00000002457622,-3.8478376462869335e-07,0.00027823782110175665,-2.457622235698095e-08,-1.9239188231434667e-07,0.00013911891055087833,-4.289359978315588e-12,-0.12360218904730147,-0.17048687690462572,10.676064327953661
479,-0.35873412282943423,0.30066091860963623,0.46806747255218867,0.3300004022527837,0.329709130300277,60.00000002460277,-4.022527836933243e-07,0.0002908696997230287,-2.4602773627461807e-08,-2.0112639184666214e-07,0.00014543484986151434,-4.293994049220373e-12,-0.11615526824596425,-0.1766345950502789,10.67613876156598
480,-0.3709689984358864,0.28381643027814296,0.4670864629769874,0.33000042051488876,0.32969592493974464,60.000000024629294,-4.205148887437282e-07,0.000304075060255371,-2.4629299453505213e-08,-2.102574443718641e-07,0.0001520375301276855,-4.29862367923306e-12,-0.1064012486111508,-0.18281134095383345,10.676216587538482
481,-0.38234417349699273,0.26635246004001284,0.46597285326128723,0.3300004396060857,0.3296821200614667,60.00000002465575,-4.396060857003725e-07,0.0003178799385333275,-2.4655748946236263e-08,-2.1980304285018626e-07,0.00015893996926666376,-4.3032399865694514e-12,-0.0936920712196027,-0.18909428020263985,10.676297962704519
482,-0.39264013167849404,0.2482619095172748,0.4645430536792782,0.3300004595640148,0.32966768844759287,60.00000002468208,-4.5956401478752795e-07,0.0003323115524071496,-2.468208393899878e-08,-2.2978200739376398e-07,0.0001661557762035748,-4.3078363098914e-12,-0.07777785462417663,-0.19552571186803452,10.676383047929415
483,-0.4016139575675255,0.22954706473459963,0.46258580376111913,0.3300004804280254,0.329652601644594,60.000000024708285,-4.804280253623006e-07,0.0003473983554060367,-2.470829170957404e-08,-2.402140126811503e-07,0.00017369917770301835,-4.312410428752855e-12,-0.05888850539930632,-0.2017153138917545,10.676472014811567
484,-0.40903401725004196,0.21024090222288086,0.45990223334443436,0.33000050223925315,0.32963682990716264,60.000000024734305,-5.02239253130643e-07,0.00036317009283737267,-2.473430864686841e-08,-2.511196265653215e-07,0.00018158504641868634,-4.316951240923572e-12,-0.037946052006464476,-0.2068590387946651,10.676565041581679
485,-0.4147374523097295,0.1904216602184675,0.4563634111415185,0.33000052504070143,0.32962034213956776,60.00000002476013,-5.250407014156799e-07,0.0003796578604322587,-2.4760134750881894e-08,-2.6252035070783997e-07,0.00018982893021612934,-4.32145874640355e-12,-0.016979776064185492,-0.21016427487346745,10.676662313198332
486,-0.41869275561851643,0.17020638768802965,0.4519666337432826,0.33000054887732566,0.3296031058343448,60.00000002478573,-5.488773256456803e-07,0.00039689416565519275,-2.4785731854958315e-08,-2.7443866282284013e-07,0.00019844708282759638,-4.325926283854642e-12,0.001236707766481493,-0.21139343757807424,10.67676402512597
487,-0.4210244257994602,0.14972508219582725,0.44685474973229544,0.3300005737961225,0.3295850870082038,60.00000002481107,-5.737961225049659e-07,0.00041491299179619023,-2.4811074514660217e-08,-2.8689806125248296e-07,0.00020745649589809512,-4.3303494123847485e-12,0.014568071173557622,-0.21102049069631673,10.676870381013266
488,-0.421980689179823,0.1290939155473244,0.4412855550230691,0.33000059984622215,0.3295662501350285,60.0000000248362,-5.998462221379341e-07,0.0004337498649715221,-2.483620089664378e-08,-2.999231110689671e-07,0.00021687493248576106,-4.334734793332018e-12,0.022530191543246023,-0.209808426798494,10.676981593927326
489,-0.42187486344965236,0.1084014825620185,0.43557924862452574,0.33000062707898525,0.3295465580758316,60.000000024861116,-6.270789852380609e-07,0.00045344192416840734,-2.4861123723127727e-08,-3.1353949261903047e-07,0.00022672096208420367,-4.339084647142499e-12,0.025840336547468187,-0.20835387771158484,10.67709788724431
490,-0.42102892435610745,0.08770742368244062,0.4300673753186493,0.3300006555481042,0.32952597200553235,60.00000002488594,-6.555481041892186e-07,0.00047402799446766286,-2.4885944771861867e-08,-3.277740520946093e-07,0.00023701399723383143,-4.343416737384587e-12,0.025728702747493427,-0.20697852632858205,10.677219495906076
491,-0.41971698781353134,0.06704824528882462,0.42503860654718695,0.330000685309709,0.3295044513364063,60.00000002491062,-6.853097089809523e-07,0.0004955486635936923,-2.4910625876190022e-08,-3.4265485449047617e-07,0.00024777433179684616,-4.347724402720132e-12,0.023992639236480134,-0.20577790593018153,10.677346661608636
492,-0.4181199799428814,0.04644567453877735,0.4206917140981001,0.33000071642247797,0.32948195363806454,60.000000024935254,-7.164224779532269e-07,0.0005180463619354758,-2.4935256091643277e-08,-3.5821123897661344e-07,0.0002590231809677379,-4.352023186271481e-12,0.02262174302820763,-0.20470486248366185,10.677479642544686
493,-0.4163215564852342,0.025913863283929046,0.4171272787826112,0.33000074894775344,0.3294584345537967,60.00000002495985,-7.489477534261546e-07,0.0005415654462033181,-2.495986086265908e-08,-3.744738767130773e-07,0.0002707827231016591,-4.356317528930731e-12,0.02268393160639226,-0.20366705766030077,10.677618705854492
494,-0.4143479412528193,0.005463216720839076,0.4143839562017196,0.33000078294966256,0.3294338477131167,60.00000002498446,-7.829496625477717e-07,0.0005661522868833369,-2.498446563367488e-08,-3.914748312738858e-07,0.0002830761434416684,-4.360611871589981e-12,0.023823960402040174,-0.2026126228230003,10.6777641315907
495,-0.4122073610334622,-0.014899339362940772,0.4124765433374644,0.3300008184952439,0.32940814464033796,60.00000002500909,-8.184952438594628e-07,0.0005918553596620524,-2.5009095849128133e-08,-4.092476219297314e-07,0.0002959276798310262,-4.36491065514133e-12,0.02530165188887848,-0.20157011632035787,10.677916212602375
496,-0.4098784273815936,-0.03516877696265123,0.41138445292190734,0.3300008556545795,0.3293812746589984,60.00000002503371,-8.556545794680126e-07,0.0006187253410016025,-2.5033713342362663e-08,-4.278272897340063e-07,0.00030936267050080124,-4.369207218246629e-12,0.027684249943938487,-0.20052161136862362,10.678075256922614
497,-0.40726818973245543,-0.05533471492702813,0.41101010820174094,0.3300008945009332,0.329353184791946,60.0000000250583,-8.945009331573495e-07,0.0006468152080540412,-2.505830539115974e-08,-4.4725046657867473e-07,0.0003234076040270206,-4.37349934045983e-12,0.03266613642765577,-0.19924438815245044,10.678241586614156
498,-0.40421977495876255,-0.07537288066982113,0.4111869375456615,0.3300009351108947,0.32932381965688917,60.00000002508287,-9.351108946620279e-07,0.0006761803431108437,-2.508287199551936e-08,-4.6755544733101395e-07,0.00033809017155542187,-4.377787021780932e-12,0.040708280643174125,-0.19740030559077842,10.678415537847439
499,-0.40059454756033724,-0.09524934018396057,0.4117625873492529,0.3300009775645311,0.3292931213572039,60.00000002510742,-9.77564531101649e-07,0.000706878642796116,-2.510742587766026e-08,-4.887822655508245e-07,0.000353439321398058,-4.382072482655986e-12,0.04971123522797341,-0.19499144980594585,10.678597462200518
500,-0.39634303465162923,-0.11493958265511191,0.41267288350192566,0.3300010219455446,0.32926102936778323,60.0000000251319,-1.0219455445770187e-06,0.0007389706322167844,-2.5131903426488803e-08,-5.109727722885093e-07,0.0003694853161083922,-4.386344620854743e-12,0.057128457660297255,-0.19255736037493532,10.678787729071969
501,-0.39149820052511336,-0.13443965366733088,0.4139382339100771,0.33000106834143716,0.3292274804157068,60.00000002515639,-1.0683414371492894e-06,0.0007725195842931964,-2.5156393697536072e-08,-5.341707185746447e-07,0.0003862597921465982,-4.39061897949955e-12,0.06229250301396978,-0.19056337608024695,10.678986727389864
502,-0.38612495344897657,-0.15375947367240397,0.4156133484622324,0.33000111684368355,0.3291924083554902,60.00000002518085,-1.1168436835351514e-06,0.0008075916445098308,-2.518085852414589e-08,-5.584218417675757e-07,0.0004037958222549154,-4.394888897252258e-12,0.06606210625248271,-0.18899234321713487,10.6791948597489
503,-0.38026979860735066,-0.17290749065097755,0.41773450905580317,0.33000116754791126,0.32915574403867204,60.00000002520527,-1.1675479112405185e-06,0.0008442559613279776,-2.5205272461880803e-08,-5.837739556202592e-07,0.0004221279806639888,-4.39914993322077e-12,0.06979606294430028,-0.1874714325005639,10.679412550978649
504,-0.37393510258335144,-0.1918789244571398,0.42029154475774355,0.33000122055408937,0.32911741517748105,60.000000025229646,-1.2205540893539535e-06,0.0008825848225189614,-2.522964823295954e-08,-6.102770446769767e-07,0.0004412924112594807,-4.4034043078511335e-12,0.07453625449531391,-0.18559406403849746,10.679640245789827
505,-0.3670912299866141,-0.21065679720754535,0.42324018871419344,0.3300012759667254,0.3290773462023119,60.000000025254,-1.2759667253892104e-06,0.0009226537976881333,-2.525401128181955e-08,-6.379833626946052e-07,0.00046132689884406664,-4.4076564620354474e-12,0.08031951266454593,-0.18326230286954454,10.67987840786456
506,-0.35971529142822406,-0.22922568924704537,0.42654367595602116,0.33000133389507147,0.3290354581127294,60.000000025278304,-1.3338950714536502e-06,0.0009645418872706313,-2.527831071958593e-08,-6.669475357268251e-07,0.00048227094363531564,-4.411897513989516e-12,0.08617425802240117,-0.18081270380701442,10.68012752636127
507,-0.35180979489170294,-0.24757987567274345,0.43019289466455995,0.3300013944533397,0.32899166832171517,60.000000025302604,-1.3944533396870185e-06,0.0010083316782848462,-2.5302610157352314e-08,-6.972266698435092e-07,0.0005041658391424231,-4.416138565943584e-12,0.09141131818820251,-0.1785320666014295,10.68038811162744
508,-0.34338164265978816,-0.26571343906255235,0.43418266226806335,0.3300014577609276,0.32894589049283296,60.00000002532683,-1.4577609275812087e-06,0.0010541095071670559,-2.532683326180634e-08,-7.288804637906043e-07,0.0005270547535835279,-4.4203662952213566e-12,0.09647682187826476,-0.17618776306050807,10.680660697344852
509,-0.33442718284437295,-0.2836118433900445,0.4384942626036546,0.33000152394265303,0.3288980343700092,60.00000002535087,-1.5239426530144762e-06,0.0011019656299908198,-2.5350878255198203e-08,-7.619713265072381e-07,0.0005509828149954099,-4.424562938254439e-12,0.10182510843576485,-0.17349699848735273,10.68094584894882
510,-0.3249426253153838,-0.3012562181853616,0.4431061032554168,0.3300015931290007,0.32884800559958444,60.000000025374916,-1.5931290006654386e-06,0.001151994400415579,-2.5374923248590067e-08,-7.965645003327193e-07,0.0005759972002077896,-4.4287595812875226e-12,0.10721452193987044,-0.1705163922022361,10.681244150195642
511,-0.3149316960260587,-0.3186273253683449,0.44800150182028964,0.330001665456379,0.32879570554428383,60.000000025398975,-1.665456378974195e-06,0.0012042944557161817,-2.5398980964200657e-08,-8.327281894870975e-07,0.0006021472278580908,-4.432958444766655e-12,0.11239130063434591,-0.1673348275418748,10.681556216942129
512,-0.3043980970334961,-0.33570123650915046,0.45315948811802037,0.3300017410673895,0.3287410310887398,60.00000002542294,-1.7410673894824313e-06,0.0012589689112602054,-2.5422949624280166e-08,-8.705336947412157e-07,0.0006294844556301027,-4.4371417651234425e-12,0.11753161633442512,-0.16380453709042136,10.681882699717034
513,-0.293333335987802,-0.3524409642807935,0.4585401610599755,0.3300018201111077,0.32868387443619146,60.00000002544681,-1.820111107664335e-06,0.0013161255638085567,-2.544681650660987e-08,-9.100555538321675e-07,0.0006580627819042784,-4.441307321911836e-12,0.12304139169658747,-0.15959966576915285,10.682224270286449
514,-0.2817112720162352,-0.3687906446074627,0.46407734304854087,0.33000190274337704,0.32862412289595316,60.00000002547064,-1.9027433770246738e-06,0.001375877104046852,-2.5470645222283395e-08,-9.513716885123369e-07,0.000687938552023426,-4.445466217362082e-12,0.12922437465262165,-0.15439569621713906,10.682581643689648
515,-0.26949437681947924,-0.3846773554553263,0.4696848804650017,0.33000198912711626,0.32856165866122805,60.00000002549438,-1.9891271162419955e-06,0.0014383413387719646,-2.5494384882425838e-08,-9.945635581209977e-07,0.0007191706693859823,-4.449609569689983e-12,0.1360483472218965,-0.1480644873063513,10.682955561204539
516,-0.25664641208128275,-0.40001956477338263,0.47527153610928785,0.3300020794326405,0.32849635857684145,60.00000002551804,-2.0794326404671715e-06,0.0015036414231585638,-2.5518048209255925e-08,-1.0397163202335857e-06,0.0007518207115792819,-4.453739599341589e-12,0.1432046033488074,-0.1407170574849283,10.683346807069597
517,-0.24314077699570635,-0.4147346976535477,0.48075181422003543,0.330002173837997,0.32842809389642674,60.00000002554167,-2.1738379969993282e-06,0.0015719061035732729,-2.5541673369429836e-08,-1.0869189984996641e-06,0.0007859530517866364,-4.457862967655046e-12,0.1504019922945173,-0.13251954525073364,10.6837561991964
518,-0.22896248933643237,-0.42874287314524534,0.4860496608331044,0.3300022725293166,0.3283567300285848,60.000000025565114,-2.272529316560412e-06,0.0016432699714152288,-2.5565120418541587e-08,-1.136264658280206e-06,0.0008216349857076144,-4.461955249723815e-12,0.1574781033122605,-0.1235860825192672,10.684184598618128
519,-0.21410709958038077,-0.44196850922537184,0.4910987815476848,0.33000237570118,0.32828212627152864,60.00000002558864,-2.3757011800018546e-06,0.0017178737284713752,-2.558864380096569e-08,-1.1878505900009273e-06,0.0008589368642356876,-4.466060854468879e-12,0.16435294648520812,-0.11399710786448161,10.684632906644675
520,-0.19857727527080327,-0.45433885785372236,0.49583942159715505,0.3300024835570021,0.3282041355356653,60.00000002561206,-2.4835570021086717e-06,0.0017958644643347177,-2.5612065405639988e-08,-1.2417785010543358e-06,0.0008979322321673588,-4.470148695645549e-12,0.17103504934458938,-0.1037467790752875,10.685102071529247
521,-0.18237807661169714,-0.4657789233068674,0.5002117233986891,0.33000259630943257,0.3281226040535991,60.000000025635366,-2.5963094325565095e-06,0.001877395946400906,-2.5635372510345752e-08,-1.2981547162782547e-06,0.000938697973200453,-4.474216552807775e-12,0.17761072141326734,-0.09269404710988699,10.68559308746587
522,-0.16551286505439852,-0.476204717955741,0.5041482340560387,0.33000271418077537,0.3280373710769602,60.0000000256586,-2.7141807753539027e-06,0.001962628923039833,-2.565860328173916e-08,-1.3570903876769513e-06,0.0009813144615199165,-4.478271087293706e-12,0.1841924165306759,-0.08059162772230313,10.686106997257617
523,-0.1479805704996103,-0.48551631534250883,0.5075670809943811,0.33000283740342706,0.3279482685594725,60.00000002568192,-2.8374034270473025e-06,0.0020517314405275044,-2.5681923108663653e-08,-1.4187017135236513e-06,0.0010258657202637522,-4.482341164901982e-12,0.19088821548916982,-0.06711803775180228,10.686644899531524
524,-0.1297740054629495,-0.4935900305510635,0.5103649779846746,0.3300029662203346,0.32785512082562684,60.00000002570513,-2.966220334577052e-06,0.002144879174373171,-2.570512843561961e-08,-1.483110167288526e-06,0.0010724395871865855,-4.486391258495814e-12,0.19779862827685318,-0.05185323459387329,10.687207941814679
525,-0.11087971349545704,-0.5002687208054514,0.5124091176795719,0.33000310088547485,0.32775774422432186,60.00000002572808,-3.100885474838222e-06,0.002242255775678159,-2.572807931820105e-08,-1.550442737419111e-06,0.0011211278878390796,-4.490396943168662e-12,0.20498988139422364,-0.034236320279941744,10.68779733844249
526,-0.09128142483960157,-0.5053506292059445,0.5135285356818955,0.3300032416643552,0.3276559467667775,60.00000002575082,-3.2416643551691493e-06,0.0023440532332225095,-2.575082664528288e-08,-1.6208321775845747e-06,0.0011720266166112547,-4.494367100704722e-12,0.21240947595356943,-0.013560840747396885,10.68841435700452
527,-0.07097050131814953,-0.5085805719262707,0.5135085298202963,0.3300033888345367,0.32754952774800095,60.0000000257734,-3.388834536710572e-06,0.0024504722519990696,-2.5773408583521268e-08,-1.694417268355286e-06,0.0012252361259995348,-4.498308392442141e-12,0.2197373820782809,0.010913105333942963,10.689060334421802
528,-0.049965987393750605,-0.5096525743353388,0.5120960324225042,0.33000354268618187,0.3274382773510824,60.000000025796076,-3.5426861818566024e-06,0.0025617226489176304,-2.579607957729074e-08,-1.7713430909283012e-06,0.0012808613244588152,-4.502265227301905e-12,0.2262289153125851,0.03963191650529278,10.68973667572247
529,-0.028341877873028946,-0.5082380876467422,0.5090277161178822,0.3300037035226262,0.3273219762335109,60.0000000258188,-3.7035226261861176e-06,0.0026780237664891238,-2.5818801459935116e-08,-1.8517613130930588e-06,0.0013390118832445619,-4.506230943945866e-12,0.23069832578794958,0.07216294583141412,10.690444857970762
530,-0.006252987081206648,-0.5040519691759747,0.5040907532157434,0.3300038716609766,0.3272003950947179,60.00000002584146,-3.871660976595415e-06,0.002799604905282138,-2.584145973148586e-08,-1.9358304882977073e-06,0.001399802452641069,-4.510185558359581e-12,0.23173380424377402,0.10653259295823429,10.691186433185578
531,0.016048637057790225,-0.4969588405924197,0.4972179079582459,0.33000404743273654,0.32707329422398806,60.00000002586405,-4.047432736520307e-06,0.002926705776011951,-2.586405439194298e-08,-2.0237163682601533e-06,0.0014633528880059754,-4.51412907054305e-12,0.22798001949054172,0.13876152180047027,10.691963034730668
532,0.0382193010835587,-0.4871056274903129,0.4886027090674459,0.33000423118445954,0.3269404230278415,60.000000025886656,-4.2311844595244175e-06,0.0030595769721585286,-2.588666177461882e-08,-2.1155922297622087e-06,0.0015297884860792643,-4.5180748031725675e-12,0.21865090428220152,0.16293410312043027,10.692776384435987
533,0.05988215422480588,-0.4750125611666401,0.4787721855545646,0.3300044232784325,0.3268015195359623,60.0000000259093,-4.42327843247492e-06,0.0031984804640377007,-2.590930732395084e-08,-2.21163921623746e-06,0.0015992402320188503,-4.522027197140233e-12,0.20477961077349582,0.1731939050730665,10.693628290469857
534,0.08074486573182538,-0.4615037044449746,0.46851403667177893,0.3300046240933901,0.32665630988468913,60.00000002593177,-4.6240933900820735e-06,0.0033436901153108822,-2.59317747622207e-08,-2.3120466950410368e-06,0.0016718450576554411,-4.525948504863209e-12,0.18995714360474616,0.1681236765029505,10.69452065824496
535,0.10070194272583721,-0.4474593393734234,0.4586510020279671,0.33000483402526126,0.3265045077770708,60.000000025954215,-4.834025261246655e-06,0.0034954922229292196,-2.5954216756053107e-08,-2.4170126306233275e-06,0.0017477461114646098,-4.529865371694086e-12,0.17843929796985744,0.15293884554599388,10.69545549728841
536,0.11983602860694387,-0.43356426908015955,0.4498206855795955,0.33000505348794995,0.32634581391839634,60.00000002597668,-5.05348794993532e-06,0.003654186081603672,-2.5976684194322964e-08,-2.52674397496766e-06,0.001827093040801836,-4.533786679417062e-12,0.17213773284315265,0.13546715810576543,10.696434921771862
537,0.13833463225048867,-0.42021202475187874,0.44239644689571306,0.33000528291415127,0.3261799154261025,60.00000002599921,-5.28291415125004e-06,0.003820084573897542,-2.599921524368645e-08,-2.64145707562502e-06,0.001910042286948771,-4.5377190893702845e-12,0.17015811755893198,0.12085650409971435,10.697461160714692
538,0.156399550076974,-0.4075466172229533,0.4365261326360111,0.3300055227562045,0.3260064852128905,60.00000002602181,-5.52275620446796e-06,0.00399351478710952,-2.602180990414357e-08,-2.76137810223398e-06,0.00199675739355476,-4.5416626015537535e-12,0.17052984253339226,0.11062788330422002,10.698536564246872
539,0.17419229209312334,-0.39554603028931545,0.4322032122766929,0.3300057734869848,0.3258251813418434,60.00000002604499,-5.773486984772536e-06,0.004174818658156609,-2.6044989786662076e-08,-2.886743492386268e-06,0.0020874093290783047,-4.545708254255487e-12,0.171576651253583,0.10449338877954692,10.699663609603277
540,0.19181523650403362,-0.38409167213385204,0.4293244665258164,0.33000603560083575,0.32563564635224396,60.000000026068435,-6.0356008357298485e-06,0.0043643536477560585,-2.6068436835773824e-08,-3.0178004178649243e-06,0.0021821768238780292,-4.5498005363242554e-12,0.17226749998672847,0.10179824339714875,10.700844915050883
541,0.20931429093780843,-0.37301568841418553,0.42773026102195094,0.33000630961454397,0.3254375065548125,60.000000026091904,-6.309614543953401e-06,0.004562493445187499,-2.6091909329323025e-08,-3.1548072719767006e-06,0.0022812467225937494,-4.5538972592851224e-12,0.1720997782045191,0.10193110036132058,10.702083239603658
542,0.22669169732446584,-0.3621346546597454,0.42723603984376163,0.33000659606835786,0.32523037129493726,60.0000000261154,-6.596068357844764e-06,0.004769628705062756,-2.6115407267309678e-08,-3.298034178922382e-06,0.002384814352531378,-4.557998423138088e-12,0.17093560943370315,0.10426150502230729,10.703381497394313
543,0.24392312204185895,-0.351276555613978,0.42766073936084875,0.330006895527053,0.3250138321824508,60.00000002613866,-6.89552705296359e-06,0.004986167817549236,-2.6138663483140537e-08,-3.447763526481795e-06,0.002493083908774618,-4.562057398516117e-12,0.16890800822430022,0.10804584725522079,10.704742769714993
544,0.2609742647467291,-0.34030000001788435,0.4288492239380502,0.3300072085810454,0.3247874622864516,60.00000002616207,-7.208581045359264e-06,0.005212537713548404,-2.6162072365596112e-08,-3.604290522679632e-06,0.002606268856774202,-4.566143019246738e-12,0.16630484675636836,0.11252954213513239,10.706170309879445
545,0.2778080582514964,-0.3290960929455053,0.43067569657627935,0.3300075358475557,0.32455081529355373,60.00000002618562,-7.535847555695252e-06,0.005449184706446286,-2.6185621192457667e-08,-3.767923777847626e-06,0.002724592353223143,-4.5702530648839e-12,0.16326645371181142,0.11734393850368968,10.707667559031835
546,0.2943773489670655,-0.317571155961128,0.43302362831993885,0.33000787797182624,0.3243034246279332,60.000000026209264,-7.877971826220076e-06,0.005696575372066803,-2.620927179706903e-08,-3.938985913110038e-06,0.0028482876860334017,-4.5743808740894565e-12,0.15952117540763125,0.12274006779030065,10.709238157132653
547,0.3106122190977762,-0.3056277270379901,0.43576169885300053,0.33000823562839304,0.3240448025314239,60.00000002623269,-8.235628393027383e-06,0.00595519746857609,-2.6232693401743325e-08,-4.117814196513692e-06,0.002977598734288045,-4.578468715266126e-12,0.15454555432704906,0.1291991011356091,10.710885955161908
548,0.32641704989394055,-0.2931635480183885,0.4387401923099743,0.33000860952241573,0.3237744391018411,60.00000002625577,-8.609522415714554e-06,0.0062255608981588995,-2.6255771506512024e-08,-4.304761207857277e-06,0.0031127804490794497,-4.582496604399466e-12,0.1480140568222105,0.13679262577997517,10.712615034159418
549,0.34168901676506885,-0.2800948182209373,0.44181952352979986,0.33000900039106773,0.32349180128766303,60.00000002627868,-9.000391067714997e-06,0.006508198712336988,-2.627868422243729e-08,-4.500195533857498e-06,0.003254099356168494,-4.5864956277341665e-12,0.1402861771270687,0.14479348279088894,10.714429714717282
550,0.35635706741852774,-0.2663896606939979,0.4449200049714515,0.3300094090049902,0.32319633183705765,60.00000002630222,-9.409004990190706e-06,0.006803668162942367,-2.630222032708012e-08,-4.704502495095353e-06,0.0034018340814711834,-4.59060345292528e-12,0.1325891281222077,0.15190155562390273,10.716334576337616
551,0.37041631826343496,-0.25208352249942306,0.4480561919576109,0.3300098361698108,0.32288744819919185,60.00000002632546,-9.836169810761852e-06,0.0071125518008081645,-2.6325463820692255e-08,-4.918084905380926e-06,0.0035562759004040823,-4.59466020785726e-12,0.12638717958274384,0.15708426419044977,10.718334480354716
552,0.38392888026484906,-0.23726374518218943,0.4513263452085417,0.33001028272773236,0.3225645413756781,60.00000002634934,-1.0282727732346952e-05,0.007435458624321933,-2.6349343425240682e-08,-5.141363866173476e-06,0.0037177293121609667,-4.598827985091702e-12,0.12236954699918023,0.16018268603418123,10.720434580972865
553,0.39698831219729686,-0.2220342546051596,0.45486144070400963,0.3300107495591934,0.32222697471986084,60.000000026373996,-1.0749559193390379e-05,0.007773025280139179,-2.637399908513139e-08,-5.3747795966951895e-06,0.0038865126400695893,-4.6031312095351495e-12,0.12002128438181053,0.16185488183197516,10.722640352126241
554,0.4096691992904753,-0.20647779032726485,0.4587613004011227,0.33001123758460404,0.32187408268158696,60.000000026398524,-1.1237584604029127e-05,0.008125917318413056,-2.6398527522834834e-08,-5.618792302014564e-06,0.004062958659206528,-4.607412229518104e-12,0.11797615801537797,0.16319402913233833,10.724957613847986
555,0.4219917829319418,-0.1906332996747103,0.46305304210959136,0.3300117477661605,0.3215051694950238,60.00000002642344,-1.1747766160474793e-05,0.008494830504976236,-2.6423450349318782e-08,-5.8738830802373965e-06,0.004247415252488118,-4.611762083328585e-12,0.11486542254126672,0.1651655219341474,10.72739255019075
556,0.43391407256989845,-0.17449550246300108,0.4676859018123278,0.3300122811097425,0.3211195078068597,60.000000026448646,-1.2281109742495744e-05,0.0088804921931403,-2.64486530646147e-08,-6.140554871247872e-06,0.00444024609657015,-4.6161607869521504e-12,0.10988270296425606,0.16822179183045016,10.729951741448474
557,0.4453306990969004,-0.1580223283828205,0.47253622911440557,0.33001283866689607,0.3207163372422497,60.00000002647305,-1.2838666896053397e-05,0.009283662757750333,-2.6473054280130887e-08,-6.419333448026698e-06,0.004641831378875166,-4.6204196024746126e-12,0.10236745934762637,0.17255720106601,10.73264219595818
558,0.45606762357669456,-0.14114467971781922,0.47740915144929863,0.33001342153690694,0.32029486290566134,60.00000002649805,-1.3421536906921272e-05,0.009705137094338678,-2.649805343992719e-08,-6.710768453460636e-06,0.004852568547169339,-4.62478277896139e-12,0.0915095303628981,0.17821422696222533,10.735471379147379
559,0.46590725626075224,-0.12379556089399722,0.4820735548995419,0.3300140308689682,0.31985425381363614,60.00000002652235,-1.4030868968173404e-05,0.01014574618636388,-2.6522352877693572e-08,-7.015434484086702e-06,0.00507287309318194,-4.6290238309154575e-12,0.07745951827333286,0.18449215861056736,10.738447253206726
560,0.47464767928787,-0.10594437344152174,0.4863276978717923,0.33001466786444555,0.3193936412564301,60.000000026546765,-1.4667864445538914e-05,0.01060635874356991,-2.6546766815428485e-08,-7.333932222769457e-06,0.005303179371784955,-4.6332848668839686e-12,0.06175600494239042,0.19022680919319412,10.741578313045325
561,0.48213995685051253,-0.08760424770190033,0.4900341235130774,0.33001533377924636,0.3189121170852394,60.00000002657134,-1.5333779246340384e-05,0.011087882914760594,-2.6571346142006835e-08,-7.666889623170192e-06,0.005543941457380297,-4.63757476865112e-12,0.04579938145530435,0.1948098174293229,10.744873629982349
562,0.4882853506793274,-0.06881975282332921,0.493111287709679,0.33001602992629564,0.31840873192168584,60.00000002659547,-1.6029926295624275e-05,0.011591268078314176,-2.659548019092978e-08,-8.014963147812137e-06,0.005795634039157088,-4.641786954806548e-12,0.030026651165427163,0.19821356202772544,10.748342902032404
563,0.4930346641448118,-0.04965656570837338,0.49552896440706407,0.3300167576781245,0.31788249328602847,60.000000026620754,-1.675767812447937e-05,0.012117506713971549,-2.6620759239538052e-08,-8.378839062239685e-06,0.006058753356985774,-4.646198981106408e-12,0.014917926177069152,0.20046802333155556,10.751996505901367
564,0.4964093314420633,-0.030192694472123294,0.49732667648362,0.33001751846957655,0.317332363640357,60.00000002664626,-1.7518469576538465e-05,0.01266763635964302,-2.664626728808339e-08,-8.759234788269232e-06,0.00633381817982151,-4.650650975435156e-12,0.0016715957139209654,0.20165467519255753,10.755845549696632
565,0.4984965403028516,-0.010504453363674773,0.49860720435467254,0.3300183138006367,0.316757258343,60.000000026671884,-1.8313800636660105e-05,0.013242741657000012,-2.667188983659726e-08,-9.156900318330052e-06,0.006621370828500006,-4.655122953778346e-12,-0.00916860824298045,0.20211770810212407,10.75990193819291
566,0.4993946811357102,0.009342526282948885,0.49948206208430074,0.3300191452393883,0.31615604350999293,60.00000002669779,-1.9145239388285162e-05,0.013843956490007081,-2.6697792273923098e-08,-9.572619694142581e-06,0.0069219782450035405,-4.65964378193462e-12,-0.018763512323097198,0.20217369569018487,10.76417844487489
567,0.4991629460304165,0.029289548383325037,0.5000215238709866,0.3300200144251053,0.31552753377954595,60.00000002672377,-2.001442510529694e-05,0.014472466220454061,-2.6723771044561293e-08,-1.000721255264847e-05,0.0072362331102270305,-4.6641779327671884e-12,-0.028681122942932562,0.201804544924518,10.768688784260409
568,0.4978101467354488,0.04927521519891214,0.5002429300106781,0.3300209230714838,0.31487048997493444,60.000000026749895,-2.0923071483769373e-05,0.015129510025065573,-2.6749902481824197e-08,-1.0461535741884687e-05,0.007564755012532787,-4.668738728952349e-12,-0.03968615737537672,0.20075837817711928,10.773447698690365
569,0.4953143955426033,0.06922898286918468,0.5001289858634834,0.330021872970021,0.31418361666133077,60.00000002677535,-2.1872970020986315e-05,0.01581638333866925,-2.677535964149463e-08,-1.0936485010493158e-05,0.007908191669334624,-4.673181841496898e-12,-0.05162638954578697,0.19879336331192687,10.778471054183772
570,0.49165711943132,0.08907342920354555,0.4996606837420594,0.33002286599354735,0.3134655595917369,60.00000002680121,-2.2865993547338537e-05,0.01653444040826313,-2.6801211189945567e-08,-1.1432996773669268e-05,0.008267220204131565,-4.677693787868975e-12,-0.06367500920974378,0.19589363217206354,10.78377593691958
571,0.48684901443461576,0.10873213385123452,0.4988433018371595,0.330023904099919,0.31271490303690885,60.000000026829184,-2.3904099918981014e-05,0.017285096963091162,-2.682918734892372e-08,-1.1952049959490507e-05,0.008642548481545581,-4.682576548731277e-12,-0.07493372396014816,0.19225307378752654,10.789380779789493
572,0.4809334954886262,0.1281342216640199,0.4977101624885236,0.33002498933587787,0.3119301669940828,60.000000026856014,-2.4989335877856345e-05,0.01806983300591719,-2.6856018508216547e-08,-1.2494667938928172e-05,0.009034916502958595,-4.6872594694491456e-12,-0.08499484827648826,0.18803315197999887,10.79530547937305
573,0.4739775307426248,0.147216661669072,0.49631385747514833,0.33002612384108726,0.31110980426902546,60.000000026883086,-2.6123841087244415e-05,0.018890195730974557,-2.6883091389665165e-08,-1.3061920543622207e-05,0.009445097865487279,-4.69198457864195e-12,-0.09383671612689305,0.18336595120305316,10.801571545038675
574,0.46605914507330887,0.16592899412917986,0.4947156332674206,0.33002730985235007,0.3102521974255205,60.0000000269093,-2.7309852350054786e-05,0.0197478025744795,-2.6909299160240425e-08,-1.3654926175027393e-05,0.00987390128723975,-4.696558697503406e-12,-0.10164034490403068,0.1784874818853515,10.808202260949406
575,0.4572497277727157,0.18423353890020588,0.49296988792817387,0.3300285497080193,0.3093556555964496,60.000000026934906,-2.854970801929868e-05,0.020644344403550396,-2.6934908986535568e-08,-1.427485400964934e-05,0.010322172201775198,-4.7010284554005464e-12,-0.10888491106898952,0.17353040163160546,10.815222853608688
576,0.4475978181947164,0.20209671342170962,0.4911078175192562,0.33002984585260803,0.3084184111500577,60.0000000269613,-2.9845852608012535e-05,0.021581588849942324,-2.6961307590391716e-08,-1.4922926304006268e-05,0.010790794424971162,-4.705635880952741e-12,-0.11617724891919026,0.16833310605945018,10.822660702123473
577,0.4371287542866225,0.21948057838662538,0.4891352288612036,0.33003120084160925,0.3074386162048411,60.000000026989774,-3.120084160923575e-05,0.02256138379515893,-2.6989779915900175e-08,-1.5600420804617876e-05,0.011280691897579465,-4.710605239210963e-12,-0.12375757345003494,0.16265475999506634,10.830545556742402
578,0.4258661294811052,0.2363468575518269,0.4870542036712557,0.3300326173465342,0.30641433898626164,60.00000002701699,-3.2617346534202785e-05,0.02358566101373838,-2.701699274175478e-08,-1.6308673267101392e-05,0.01179283050686919,-4.7153547733103095e-12,-0.13114266899467392,0.15658578965830755,10.83890978948897
579,0.4138607214988277,0.252674859038642,0.48489718620520766,0.33003409816017976,0.30534356001804797,60.000000027043896,-3.4098160179740766e-05,0.02465643998195205,-2.704390023435996e-08,-1.7049080089870383e-05,0.012328219990976025,-4.720051016704474e-12,-0.13738568728045109,0.15072020237209047,10.84778867705989
580,0.40120241759703595,0.26847907752587424,0.482746719258506,0.3300356462021342,0.3042241681405668,60.00000002707063,-3.564620213419856e-05,0.025775831859433218,-2.707062961590298e-08,-1.782310106709928e-05,0.012887915929716609,-4.724716173853949e-12,-0.14181727714021353,0.14582058154833566,10.857220719363358
581,0.3880049326556269,0.2838080100811757,0.4807232201083429,0.3300372645245344,0.3030539563484363,60.00000002709723,-3.7264524534397214e-05,0.026946043651563722,-2.709723177525874e-08,-1.8632262267198607e-05,0.013473021825781861,-4.729359126542931e-12,-0.14455574033806268,0.1421993204742385,10.867248000897652
582,0.37437052997185827,0.29871724735758554,0.47894184154268976,0.3300389563180825,0.30183061743916917,60.00000002712374,-3.8956318082483676e-05,0.028169382560830847,-2.712374487908342e-08,-1.9478159041241838e-05,0.014084691280415423,-4.733986536109569e-12,-0.14653877415895722,0.13929948292328714,10.877916590278563
583,0.36035399960531417,0.3132311724883386,0.4774607548793577,0.33004072491833736,0.3005517394642827,60.000000027151884,-4.07249183373426e-05,0.029448260535717308,-2.715188642690501e-08,-2.03624591686713e-05,0.014724130267858654,-4.738898162770511e-12,-0.14908161626360694,0.13591530124220355,10.889277013841417
584,0.3459504633887141,0.3273203726492339,0.47625660044780416,0.33004257381229085,0.2992148009738341,60.00000002718328,-4.25738122908359e-05,0.030785199026165888,-2.7183284862720415e-08,-2.128690614541795e-05,0.015392599513082944,-4.74437822362006e-12,-0.15306549866681485,0.13098175231228532,10.901384764906057
585,0.3311205798502998,0.3409153119190907,0.47525160525903504,0.33004450664524265,0.29781716604514186,60.000000027215044,-4.450664524263681e-05,0.03218283395485816,-2.7215052242878875e-08,-2.2253322621318405e-05,0.01609141697742908,-4.7499226774050385e-12,-0.15824693955974597,0.12441663857391382,10.914300914251571
586,0.3158353410262475,0.3539501454098408,0.47437608295192696,0.3300465272279875,0.29635607908573214,60.00000002724528,-4.652722798748066e-05,0.03364392091426788,-2.7245280234571504e-08,-2.326361399374033e-05,0.01682196045713394,-4.755198457218058e-12,-0.16347734490502444,0.11727920006171588,10.928092780057575
587,0.3000940080190598,0.36638812704039087,0.4735996973025945,0.3300486395443287,0.2948286594004401,60.00000002727885,-4.8639544328710205e-05,0.0351713405995599,-2.7278854169789033e-08,-2.4319772164355102e-05,0.01758567029977995,-4.761058214342029e-12,-0.16805552767830254,0.11045327290088318,10.94283470843839
588,0.2839025403574171,0.3781966826986371,0.4728989143840874,0.33005084775893245,0.293231895511759,60.00000002731254,-5.0847758932437426e-05,0.03676810448824103,-2.7312542604975095e-08,-2.5423879466218713e-05,0.018384052244120513,-4.766937955480444e-12,-0.172417818553126,0.10339895056159697,10.958608971259023
589,0.2672571131989297,0.3893200956074124,0.47222505376058804,0.33005315622553905,0.29156263922235603,60.00000002734427,-5.3156225539030544e-05,0.03843736077764398,-2.7344271818477372e-08,-2.6578112769515272e-05,0.01921868038882199,-4.772475747927274e-12,-0.1770466598439759,0.09524746493351528,10.975506780439456
590,0.2501567570069141,0.39969476820534816,0.47152339370061297,0.3300555694955467,0.2898175994081277,60.00000002737699,-5.556949554669233e-05,0.040182400591872336,-2.737699336504027e-08,-2.7784747773346163e-05,0.020091200295936168,-4.778186735165946e-12,-0.18161857270259052,0.0862761187259747,10.993629471576995
591,0.23262026321442927,0.40928282644384556,0.4707702400107863,0.33005809232698524,0.28799333552927886,60.00000002741094,-5.809232698522626e-05,0.042006664470721156,-2.7410948966819575e-08,-2.904616349261313e-05,0.021003332235360578,-4.784113105671395e-12,-0.185541481935914,0.07752624733153293,11.01308986231086
592,0.2146864724843959,0.4180849730881105,0.4699843893044527,0.330060729693897,0.2860862508470353,60.00000002744863,-6.072969389697702e-05,0.0439137491529647,-2.7448632178685556e-08,-3.036484694848851e-05,0.02195687457648235,-4.790690066869275e-12,-0.1886081691763847,0.06968352924402271,11.034013824186427
593,0.19640370743365798,0.42612917889574814,0.469212631330456,0.33006348679614367,0.28409258533219167,60.00000002748608,-6.348679614365249e-05,0.045907414667808344,-2.7486086390614468e-08,-3.1743398071826245e-05,0.022953707333904172,-4.797227060038267e-12,-0.19097038465770969,0.06275677188791562,11.056542100736978
594,0.17782015750826918,0.43345348721687477,0.4685103349945816,0.3300663690696584,0.28200840825178164,60.00000002752071,-6.636906965840073e-05,0.047991591748218376,-2.7520716269986244e-08,-3.318453482920036e-05,0.023995795874109188,-4.803271114184327e-12,-0.19285381299554802,0.056445475192182556,11.080832432120536
595,0.15897949716993523,0.44009572801810853,0.46793026226158363,0.3300693821971636,0.2798296104192739,60.000000027551565,-6.938219716356997e-05,0.050170389580726116,-2.755156765039644e-08,-3.4691098581784985e-05,0.025085194790363058,-4.808655695853759e-12,-0.19440584635186503,0.05050749921501395,11.107062007622863
596,0.13992038472605298,0.4460917952899967,0.46752069888609105,0.33007253211937465,0.2775518960928376,60.000000027582935,-7.253211937463533e-05,0.052448103907162424,-2.7582940641774395e-08,-3.6266059687317664e-05,0.026224051953581212,-4.81413131581121e-12,-0.19568834023475384,0.044883290367682474,11.135430358189147
597,0.12067720243315767,0.45147813430552625,0.4673280356913034,0.330075825046713,0.275170774505756,60.00000002761492,-7.582504671299617e-05,0.054829225494244016,-2.7614924299651195e-08,-3.7912523356498085e-05,0.027414612747122008,-4.819713517179025e-12,-0.19672678607163396,0.039636397506383154,11.166162705165128
598,0.10128038280633116,0.4562933597396223,0.4673984874642508,0.3300792674715505,0.2726815510123883,60.000000027643914,-7.926747155045932e-05,0.057318448987611736,-2.7643918236127414e-08,-3.963373577522966e-05,0.028659224493805868,-4.824773913725267e-12,-0.19755306739313036,0.03482627077387891,11.199513934261093
599,0.08175595677771678,0.4605756059287405,0.4677755073165613,0.33008286618100996,0.2700793178322095,60.00000002766951,-8.286618100994403e-05,0.05992068216779051,-2.766951534020383e-08,-4.1433090504972014e-05,0.029960341083895253,-4.8292414511763584e-12,-0.19822174299515885,0.030386279507778967,11.235773217495508
